offset,Chord,NormalForm,PCsInNormalForm,GlobalScaleDegrees,HighestPitch,LowestPitch,file,Composer,LocalTonic,LocalMode,LocalSDForm_BassSD,Confidence
16.125,<music21.chord.Chord F5>,[0],[5],[3],77,77,Waldszenen Op 82 Verrufene Stelle D minor.mid,Schumann,Ambiguous,Ambiguous,Ambiguous,0.0
17.5,<music21.chord.Chord F5 D2>,"[0, 3]","[2, 5]","[0, 3]",77,38,Waldszenen Op 82 Verrufene Stelle D minor.mid,Schumann,Ambiguous,Ambiguous,Ambiguous,0.0
17.625,<music21.chord.Chord F5 B-2>,"[0, 5]","[5, 10]","[3, 8]",77,46,Waldszenen Op 82 Verrufene Stelle D minor.mid,Schumann,Ambiguous,Ambiguous,Ambiguous,0.0
18.5,<music21.chord.Chord F5 G2>,"[0, 2]","[5, 7]","[3, 5]",77,43,Waldszenen Op 82 Verrufene Stelle D minor.mid,Schumann,Ambiguous,Ambiguous,Ambiguous,0.0
18.625,<music21.chord.Chord F5 E2>,"[0, 1]","[4, 5]","[2, 3]",77,40,Waldszenen Op 82 Verrufene Stelle D minor.mid,Schumann,Ambiguous,Ambiguous,Ambiguous,0.0
19.5,<music21.chord.Chord B-4 F5 B-3 E2>,"[0, 1, 6]","[4, 5, 10]","[2, 3, 8]",77,40,Waldszenen Op 82 Verrufene Stelle D minor.mid,Schumann,Ambiguous,Ambiguous,Ambiguous,0.0
19.625,<music21.chord.Chord G4 F5 B-3 E2>,"[0, 1, 3, 6]","[4, 5, 7, 10]","[2, 3, 5, 8]",77,40,Waldszenen Op 82 Verrufene Stelle D minor.mid,Schumann,Ambiguous,Ambiguous,Ambiguous,0.0
20.5,<music21.chord.Chord F5>,[0],[5],[3],77,77,Waldszenen Op 82 Verrufene Stelle D minor.mid,Schumann,Ambiguous,Ambiguous,Ambiguous,0.0
20.625,<music21.chord.Chord F4 F5 D4 D2>,"[0, 3]","[2, 5]","[0, 3]",77,38,Waldszenen Op 82 Verrufene Stelle D minor.mid,Schumann,Ambiguous,Ambiguous,Ambiguous,0.0
20.875,<music21.chord.Chord F5 D4 D2>,"[0, 3]","[2, 5]","[0, 3]",77,38,Waldszenen Op 82 Verrufene Stelle D minor.mid,Schumann,Ambiguous,Ambiguous,Ambiguous,0.0
21.125,<music21.chord.Chord F5>,[0],[5],[3],77,77,Waldszenen Op 82 Verrufene Stelle D minor.mid,Schumann,Ambiguous,Ambiguous,Ambiguous,0.0
21.5,<music21.chord.Chord F5 D2>,"[0, 3]","[2, 5]","[0, 3]",77,38,Waldszenen Op 82 Verrufene Stelle D minor.mid,Schumann,Ambiguous,Ambiguous,Ambiguous,0.0
21.625,<music21.chord.Chord F5 D3>,"[0, 3]","[2, 5]","[0, 3]",77,50,Waldszenen Op 82 Verrufene Stelle D minor.mid,Schumann,Ambiguous,Ambiguous,Ambiguous,0.0
22.5,<music21.chord.Chord F5 B-2>,"[0, 5]","[5, 10]","[3, 8]",77,46,Waldszenen Op 82 Verrufene Stelle D minor.mid,Schumann,Ambiguous,Ambiguous,Ambiguous,0.0
22.625,<music21.chord.Chord F5 A2>,"[0, 4]","[5, 9]","[3, 7]",77,45,Waldszenen Op 82 Verrufene Stelle D minor.mid,Schumann,Ambiguous,Ambiguous,Ambiguous,0.0
23.5,<music21.chord.Chord E-5 F5 G4 A2>,"[0, 2, 4, 6]","[3, 5, 7, 9]","[1, 3, 5, 7]",77,45,Waldszenen Op 82 Verrufene Stelle D minor.mid,Schumann,Ambiguous,Ambiguous,Ambiguous,0.0
23.625,<music21.chord.Chord C5 F5 G4 A2>,"[0, 2, 4, 7]","[5, 7, 9, 0]","[3, 5, 7, 10]",77,45,Waldszenen Op 82 Verrufene Stelle D minor.mid,Schumann,Ambiguous,Ambiguous,Ambiguous,0.0
24.5,<music21.chord.Chord F5>,[0],[5],[3],77,77,Waldszenen Op 82 Verrufene Stelle D minor.mid,Schumann,2,minor,[3]_3,0.735288205338117
24.625,<music21.chord.Chord B-4 F5 G4 G2>,"[0, 2, 5]","[5, 7, 10]","[3, 5, 8]",77,43,Waldszenen Op 82 Verrufene Stelle D minor.mid,Schumann,2,minor,"[3, 5, 8]_5",0.735288205338117
25.125,<music21.chord.Chord F5 B-4 G4>,"[0, 2, 5]","[5, 7, 10]","[3, 5, 8]",77,67,Waldszenen Op 82 Verrufene Stelle D minor.mid,Schumann,2,minor,"[3, 5, 8]_5",0.735288205338117
25.5,<music21.chord.Chord B-4 F5 G4>,"[0, 2, 5]","[5, 7, 10]","[3, 5, 8]",77,67,Waldszenen Op 82 Verrufene Stelle D minor.mid,Schumann,2,minor,"[3, 5, 8]_5",0.9260566617146110
25.625,<music21.chord.Chord F5 B-4>,"[0, 5]","[5, 10]","[3, 8]",77,70,Waldszenen Op 82 Verrufene Stelle D minor.mid,Schumann,2,minor,"[3, 8]_8",0.9260566617146110
26.45833333,<music21.chord.Chord B-4>,[0],[10],[8],70,70,Waldszenen Op 82 Verrufene Stelle D minor.mid,Schumann,2,minor,[8]_8,0.9260566617146110
26.5,<music21.chord.Chord B-4 E4 F4>,"[0, 1, 6]","[4, 5, 10]","[2, 3, 8]",70,64,Waldszenen Op 82 Verrufene Stelle D minor.mid,Schumann,2,minor,"[2, 3, 8]_2",0.9260566617146110
26.625,<music21.chord.Chord E5 B-4 E4>,"[0, 6]","[4, 10]","[2, 8]",76,64,Waldszenen Op 82 Verrufene Stelle D minor.mid,Schumann,2,minor,"[2, 8]_2",0.9260566617146110
27.5,<music21.chord.Chord D5 G4 B-4 D4>,"[0, 3, 7]","[7, 10, 2]","[5, 8, 0]",74,62,Waldszenen Op 82 Verrufene Stelle D minor.mid,Schumann,2,minor,"[5, 8, 0]_0",0.9260566617146110
27.625,<music21.chord.Chord G4>,[0],[7],[5],67,67,Waldszenen Op 82 Verrufene Stelle D minor.mid,Schumann,2,minor,[5]_5,0.9260566617146110
28.625,<music21.chord.Chord E5 G4 E4 F4>,"[0, 1, 3]","[4, 5, 7]","[2, 3, 5]",76,64,Waldszenen Op 82 Verrufene Stelle D minor.mid,Schumann,2,minor,"[2, 3, 5]_2",0.9260566617146110
29.5,<music21.chord.Chord D5 F4 A4 D4>,"[0, 3, 7]","[2, 5, 9]","[0, 3, 7]",74,62,Waldszenen Op 82 Verrufene Stelle D minor.mid,Schumann,2,minor,"[0, 3, 7]_0",0.9260566617146110
30.5,<music21.chord.Chord D4>,[0],[2],[0],62,62,Waldszenen Op 82 Verrufene Stelle D minor.mid,Schumann,2,minor,[0]_0,0.9260566617146110
30.625,<music21.chord.Chord G3>,[0],[7],[5],55,55,Waldszenen Op 82 Verrufene Stelle D minor.mid,Schumann,2,minor,[5]_5,0.9260566617146110
31.5,<music21.chord.Chord D4 G4 B-4 A3 B-3>,"[0, 2, 3, 7]","[7, 9, 10, 2]","[5, 7, 8, 0]",70,57,Waldszenen Op 82 Verrufene Stelle D minor.mid,Schumann,2,minor,"[5, 7, 8, 0]_7",0.9260566617146110
31.625,<music21.chord.Chord C#3>,[0],[1],[11],49,49,Waldszenen Op 82 Verrufene Stelle D minor.mid,Schumann,2,minor,[11]_11,0.9260566617146110
32.625,<music21.chord.Chord A4 E4 F4 D3>,"[0, 2, 3, 7]","[2, 4, 5, 9]","[0, 2, 3, 7]",69,50,Waldszenen Op 82 Verrufene Stelle D minor.mid,Schumann,2,minor,"[0, 2, 3, 7]_0",0.9260566617146110
33.5,<music21.chord.Chord A4 D4 D3>,"[0, 5]","[9, 2]","[7, 0]",69,50,Waldszenen Op 82 Verrufene Stelle D minor.mid,Schumann,2,minor,"[7, 0]_0",0.9260566617146110
33.625,<music21.chord.Chord A4 D4 D3>,"[0, 5]","[9, 2]","[7, 0]",69,50,Waldszenen Op 82 Verrufene Stelle D minor.mid,Schumann,2,minor,"[7, 0]_0",0.9260566617146110
34.125,<music21.chord.Chord A4 F4 D3>,"[0, 3, 7]","[2, 5, 9]","[0, 3, 7]",69,50,Waldszenen Op 82 Verrufene Stelle D minor.mid,Schumann,2,minor,"[0, 3, 7]_0",0.9260566617146110
34.5,<music21.chord.Chord E4 F4>,"[0, 1]","[4, 5]","[2, 3]",65,64,Waldszenen Op 82 Verrufene Stelle D minor.mid,Schumann,2,minor,"[2, 3]_2",0.9159725432776370
34.625,<music21.chord.Chord A4 E4 C3>,"[0, 3, 7]","[9, 0, 4]","[7, 10, 2]",69,48,Waldszenen Op 82 Verrufene Stelle D minor.mid,Schumann,2,minor,"[7, 10, 2]_10",0.9159725432776370
35.5,<music21.chord.Chord A4 D4 C3>,"[0, 3, 5]","[9, 0, 2]","[7, 10, 0]",69,48,Waldszenen Op 82 Verrufene Stelle D minor.mid,Schumann,2,minor,"[7, 10, 0]_10",0.8692696473483480
35.625,<music21.chord.Chord A4 C3>,"[0, 3]","[9, 0]","[7, 10]",69,48,Waldszenen Op 82 Verrufene Stelle D minor.mid,Schumann,2,minor,"[7, 10]_10",0.8692696473483480
36.625,<music21.chord.Chord D5 A4 B2>,"[0, 2, 5]","[9, 11, 2]","[7, 9, 0]",74,47,Waldszenen Op 82 Verrufene Stelle D minor.mid,Schumann,2,minor,"[7, 9, 0]_9",0.9224307873019710
37.5,<music21.chord.Chord E5 F5 A4>,"[0, 1, 5]","[4, 5, 9]","[2, 3, 7]",77,69,Waldszenen Op 82 Verrufene Stelle D minor.mid,Schumann,2,minor,"[2, 3, 7]_7",0.9745371947995200
37.625,<music21.chord.Chord B4 A4 E3>,"[0, 2, 7]","[9, 11, 4]","[7, 9, 2]",71,52,Waldszenen Op 82 Verrufene Stelle D minor.mid,Schumann,2,minor,"[7, 9, 2]_2",0.9745371947995200
38.5,<music21.chord.Chord E5 G#4>,"[0, 4]","[4, 8]","[2, 6]",76,68,Waldszenen Op 82 Verrufene Stelle D minor.mid,Schumann,2,minor,"[2, 6]_6",0.992901689371541
38.625,<music21.chord.Chord A4 C#5 A2>,"[0, 4]","[9, 1]","[7, 11]",73,45,Waldszenen Op 82 Verrufene Stelle D minor.mid,Schumann,2,minor,"[7, 11]_7",0.992901689371541
39.125,<music21.chord.Chord A2>,[0],[9],[7],45,45,Waldszenen Op 82 Verrufene Stelle D minor.mid,Schumann,2,minor,[7]_7,0.992901689371541
39.5,<music21.chord.Chord C#5 A2>,"[0, 4]","[9, 1]","[7, 11]",73,45,Waldszenen Op 82 Verrufene Stelle D minor.mid,Schumann,2,minor,"[7, 11]_7",0.9935455501991460
39.625,<music21.chord.Chord A4 A2>,[0],[9],[7],69,45,Waldszenen Op 82 Verrufene Stelle D minor.mid,Schumann,2,minor,[7]_7,0.9935455501991460
40,<music21.chord.Chord A4>,[0],[9],[7],69,69,Waldszenen Op 82 Verrufene Stelle D minor.mid,Schumann,2,minor,[7]_7,0.9935455501991460
40.125,<music21.chord.Chord D3>,[0],[2],[0],50,50,Waldszenen Op 82 Verrufene Stelle D minor.mid,Schumann,2,minor,[0]_0,0.9935455501991460
40.33333333,<music21.chord.Chord E3>,[0],[4],[2],52,52,Waldszenen Op 82 Verrufene Stelle D minor.mid,Schumann,2,minor,[2]_2,0.9935455501991460
40.625,<music21.chord.Chord D4 F4 A4 F3>,"[0, 3, 7]","[2, 5, 9]","[0, 3, 7]",69,53,Waldszenen Op 82 Verrufene Stelle D minor.mid,Schumann,2,minor,"[0, 3, 7]_3",0.9935455501991460
40.75,<music21.chord.Chord D4 F4 A4>,"[0, 3, 7]","[2, 5, 9]","[0, 3, 7]",69,62,Waldszenen Op 82 Verrufene Stelle D minor.mid,Schumann,2,minor,"[0, 3, 7]_0",0.9935455501991460
40.875,<music21.chord.Chord D4 F4 A4 A3>,"[0, 3, 7]","[2, 5, 9]","[0, 3, 7]",69,57,Waldszenen Op 82 Verrufene Stelle D minor.mid,Schumann,2,minor,"[0, 3, 7]_7",0.9935455501991460
41,<music21.chord.Chord D4 F4 A4>,"[0, 3, 7]","[2, 5, 9]","[0, 3, 7]",69,62,Waldszenen Op 82 Verrufene Stelle D minor.mid,Schumann,2,minor,"[0, 3, 7]_0",0.9935455501991460
41.125,<music21.chord.Chord G3>,[0],[7],[5],55,55,Waldszenen Op 82 Verrufene Stelle D minor.mid,Schumann,2,minor,[5]_5,0.9935455501991460
41.33333333,<music21.chord.Chord F3>,[0],[5],[3],53,53,Waldszenen Op 82 Verrufene Stelle D minor.mid,Schumann,2,minor,[3]_3,0.9935455501991460
41.625,<music21.chord.Chord C#4 G4 A4 F3 A2>,"[0, 2, 4, 8]","[5, 7, 9, 1]","[3, 5, 7, 11]",69,45,Waldszenen Op 82 Verrufene Stelle D minor.mid,Schumann,2,minor,"[3, 5, 7, 11]_7",0.9935455501991460
41.75,<music21.chord.Chord C#4 G4 A4 A2>,"[0, 2, 6]","[7, 9, 1]","[5, 7, 11]",69,45,Waldszenen Op 82 Verrufene Stelle D minor.mid,Schumann,2,minor,"[5, 7, 11]_7",0.9935455501991460
41.875,<music21.chord.Chord C#4 G4 A4 E3 A2>,"[0, 3, 6, 8]","[1, 4, 7, 9]","[11, 2, 5, 7]",69,45,Waldszenen Op 82 Verrufene Stelle D minor.mid,Schumann,2,minor,"[11, 2, 5, 7]_7",0.9935455501991460
42,<music21.chord.Chord C#4 G4 A4 A2>,"[0, 2, 6]","[7, 9, 1]","[5, 7, 11]",69,45,Waldszenen Op 82 Verrufene Stelle D minor.mid,Schumann,2,minor,"[5, 7, 11]_7",0.9935455501991460
42.125,<music21.chord.Chord D3>,[0],[2],[0],50,50,Waldszenen Op 82 Verrufene Stelle D minor.mid,Schumann,2,minor,[0]_0,0.9935455501991460
42.33333333,<music21.chord.Chord E3>,[0],[4],[2],52,52,Waldszenen Op 82 Verrufene Stelle D minor.mid,Schumann,2,minor,[2]_2,0.9935455501991460
42.625,<music21.chord.Chord D4 F4 A4 F3 D3>,"[0, 3, 7]","[2, 5, 9]","[0, 3, 7]",69,50,Waldszenen Op 82 Verrufene Stelle D minor.mid,Schumann,2,minor,"[0, 3, 7]_0",0.9935455501991460
43.5,<music21.chord.Chord B-4 G2>,"[0, 3]","[7, 10]","[5, 8]",70,43,Waldszenen Op 82 Verrufene Stelle D minor.mid,Schumann,2,minor,"[5, 8]_5",0.9935455501991460
43.625,<music21.chord.Chord G4 B-2>,"[0, 3]","[7, 10]","[5, 8]",67,46,Waldszenen Op 82 Verrufene Stelle D minor.mid,Schumann,2,minor,"[5, 8]_8",0.9935455501991460
44.125,<music21.chord.Chord G4 D3 B-2>,"[0, 3, 7]","[7, 10, 2]","[5, 8, 0]",67,46,Waldszenen Op 82 Verrufene Stelle D minor.mid,Schumann,2,minor,"[5, 8, 0]_8",0.9935455501991460
44.25,<music21.chord.Chord G4 B-2>,"[0, 3]","[7, 10]","[5, 8]",67,46,Waldszenen Op 82 Verrufene Stelle D minor.mid,Schumann,2,minor,"[5, 8]_8",0.9935455501991460
44.33333333,<music21.chord.Chord C#4 A4 E3 A2>,"[0, 4, 7]","[9, 1, 4]","[7, 11, 2]",69,45,Waldszenen Op 82 Verrufene Stelle D minor.mid,Schumann,2,minor,"[7, 11, 2]_7",0.9935455501991460
44.45833333,<music21.chord.Chord C#4 A4 A2>,"[0, 4]","[9, 1]","[7, 11]",69,45,Waldszenen Op 82 Verrufene Stelle D minor.mid,Schumann,2,minor,"[7, 11]_7",0.9935455501991460
44.58333333,<music21.chord.Chord A4>,[0],[9],[7],69,69,Waldszenen Op 82 Verrufene Stelle D minor.mid,Schumann,2,minor,[7]_7,0.9935455501991460
44.625,<music21.chord.Chord D4 A4 F3 D3>,"[0, 3, 7]","[2, 5, 9]","[0, 3, 7]",69,50,Waldszenen Op 82 Verrufene Stelle D minor.mid,Schumann,2,minor,"[0, 3, 7]_0",0.9935455501991460
44.75,<music21.chord.Chord D4 A4 D3>,"[0, 5]","[9, 2]","[7, 0]",69,50,Waldszenen Op 82 Verrufene Stelle D minor.mid,Schumann,2,minor,"[7, 0]_0",0.9935455501991460
44.875,<music21.chord.Chord D4 A4 A3>,"[0, 5]","[9, 2]","[7, 0]",69,57,Waldszenen Op 82 Verrufene Stelle D minor.mid,Schumann,2,minor,"[7, 0]_7",0.9935455501991460
45,<music21.chord.Chord D4 A4>,"[0, 5]","[9, 2]","[7, 0]",69,62,Waldszenen Op 82 Verrufene Stelle D minor.mid,Schumann,2,minor,"[7, 0]_0",0.9935455501991460
45.08333333,<music21.chord.Chord D4>,[0],[2],[0],62,62,Waldszenen Op 82 Verrufene Stelle D minor.mid,Schumann,2,minor,[0]_0,0.9935455501991460
45.125,<music21.chord.Chord G3>,[0],[7],[5],55,55,Waldszenen Op 82 Verrufene Stelle D minor.mid,Schumann,2,minor,[5]_5,0.9935455501991460
45.33333333,<music21.chord.Chord F3>,[0],[5],[3],53,53,Waldszenen Op 82 Verrufene Stelle D minor.mid,Schumann,2,minor,[3]_3,0.9935455501991460
45.625,<music21.chord.Chord D4 E4 E3 G#2>,"[0, 2, 6]","[2, 4, 8]","[0, 2, 6]",64,44,Waldszenen Op 82 Verrufene Stelle D minor.mid,Schumann,2,minor,"[0, 2, 6]_6",0.9935455501991460
45.75,<music21.chord.Chord D4 E4 G#2>,"[0, 2, 6]","[2, 4, 8]","[0, 2, 6]",64,44,Waldszenen Op 82 Verrufene Stelle D minor.mid,Schumann,2,minor,"[0, 2, 6]_6",0.9935455501991460
45.875,<music21.chord.Chord D4 E4 D3>,"[0, 2]","[2, 4]","[0, 2]",64,50,Waldszenen Op 82 Verrufene Stelle D minor.mid,Schumann,2,minor,"[0, 2]_0",0.9935455501991460
46,<music21.chord.Chord D4 E4>,"[0, 2]","[2, 4]","[0, 2]",64,62,Waldszenen Op 82 Verrufene Stelle D minor.mid,Schumann,2,minor,"[0, 2]_0",0.9935455501991460
46.125,<music21.chord.Chord C#3>,[0],[1],[11],49,49,Waldszenen Op 82 Verrufene Stelle D minor.mid,Schumann,2,minor,[11]_11,0.9935455501991460
46.33333333,<music21.chord.Chord D3>,[0],[2],[0],50,50,Waldszenen Op 82 Verrufene Stelle D minor.mid,Schumann,2,minor,[0]_0,0.9935455501991460
46.625,<music21.chord.Chord C#4 E4 E3 A2>,"[0, 4, 7]","[9, 1, 4]","[7, 11, 2]",64,45,Waldszenen Op 82 Verrufene Stelle D minor.mid,Schumann,2,minor,"[7, 11, 2]_7",0.9935455501991460
46.875,<music21.chord.Chord C#4 E4 E3>,"[0, 3]","[1, 4]","[11, 2]",64,52,Waldszenen Op 82 Verrufene Stelle D minor.mid,Schumann,2,minor,"[11, 2]_2",0.9935455501991460
47.5,<music21.chord.Chord E4>,[0],[4],[2],64,64,Waldszenen Op 82 Verrufene Stelle D minor.mid,Schumann,2,minor,[2]_2,0.9935455501991460
47.625,<music21.chord.Chord A4>,[0],[9],[7],69,69,Waldszenen Op 82 Verrufene Stelle D minor.mid,Schumann,2,minor,[7]_7,0.9935455501991460
48.125,<music21.chord.Chord G4 A4>,"[0, 2]","[7, 9]","[5, 7]",69,67,Waldszenen Op 82 Verrufene Stelle D minor.mid,Schumann,2,minor,"[5, 7]_5",0.9935455501991460
48.25,<music21.chord.Chord A4>,[0],[9],[7],69,69,Waldszenen Op 82 Verrufene Stelle D minor.mid,Schumann,2,minor,[7]_7,0.9754957142683170
48.33333333,<music21.chord.Chord A4 F#4>,"[0, 3]","[6, 9]","[4, 7]",69,66,Waldszenen Op 82 Verrufene Stelle D minor.mid,Schumann,2,minor,"[4, 7]_4",0.9754957142683170
48.375,<music21.chord.Chord A4 F#4>,"[0, 3]","[6, 9]","[4, 7]",69,66,Waldszenen Op 82 Verrufene Stelle D minor.mid,Schumann,2,minor,"[4, 7]_4",0.9754957142683170
48.45833333,<music21.chord.Chord F#4>,[0],[6],[4],66,66,Waldszenen Op 82 Verrufene Stelle D minor.mid,Schumann,2,minor,[4]_4,0.9754957142683170
48.625,<music21.chord.Chord G4 B-4 G2 G3>,"[0, 3]","[7, 10]","[5, 8]",70,43,Waldszenen Op 82 Verrufene Stelle D minor.mid,Schumann,2,minor,"[5, 8]_5",0.9754957142683170
48.875,<music21.chord.Chord D5 G2 G3>,"[0, 5]","[2, 7]","[0, 5]",74,43,Waldszenen Op 82 Verrufene Stelle D minor.mid,Schumann,2,minor,"[0, 5]_5",0.9754957142683170
49.125,<music21.chord.Chord C5>,[0],[0],[10],72,72,Waldszenen Op 82 Verrufene Stelle D minor.mid,Schumann,2,minor,[10]_10,0.9754957142683170
49.33333333,<music21.chord.Chord B-4 C5>,"[0, 2]","[10, 0]","[8, 10]",72,70,Waldszenen Op 82 Verrufene Stelle D minor.mid,Schumann,2,minor,"[8, 10]_8",0.9406227006677680
49.375,<music21.chord.Chord B-4>,[0],[10],[8],70,70,Waldszenen Op 82 Verrufene Stelle D minor.mid,Schumann,2,minor,[8]_8,0.9406227006677680
49.5,<music21.chord.Chord B-4 D4>,"[0, 4]","[10, 2]","[8, 0]",70,62,Waldszenen Op 82 Verrufene Stelle D minor.mid,Schumann,2,minor,"[8, 0]_0",0.9406227006677680
49.58333333,<music21.chord.Chord D4>,[0],[2],[0],62,62,Waldszenen Op 82 Verrufene Stelle D minor.mid,Schumann,2,minor,[0]_0,0.9406227006677680
49.625,<music21.chord.Chord G5 G4>,[0],[7],[5],79,67,Waldszenen Op 82 Verrufene Stelle D minor.mid,Schumann,2,minor,[5]_5,0.9406227006677680
49.875,<music21.chord.Chord D5 G4>,"[0, 5]","[2, 7]","[0, 5]",74,67,Waldszenen Op 82 Verrufene Stelle D minor.mid,Schumann,2,minor,"[0, 5]_5",0.9406227006677680
50.125,<music21.chord.Chord E-5 G4>,"[0, 4]","[3, 7]","[1, 5]",75,67,Waldszenen Op 82 Verrufene Stelle D minor.mid,Schumann,2,minor,"[1, 5]_5",0.9406227006677680
50.33333333,<music21.chord.Chord C5 E-5 G4>,"[0, 3, 7]","[0, 3, 7]","[10, 1, 5]",75,67,Waldszenen Op 82 Verrufene Stelle D minor.mid,Schumann,2,minor,"[10, 1, 5]_5",0.9088145006718650
50.375,<music21.chord.Chord C5 G4>,"[0, 5]","[7, 0]","[5, 10]",72,67,Waldszenen Op 82 Verrufene Stelle D minor.mid,Schumann,2,minor,"[5, 10]_5",0.9088145006718650
50.5,<music21.chord.Chord C5 C3>,[0],[0],[10],72,48,Waldszenen Op 82 Verrufene Stelle D minor.mid,Schumann,2,minor,[10]_10,0.9088145006718650
50.58333333,<music21.chord.Chord C3>,[0],[0],[10],48,48,Waldszenen Op 82 Verrufene Stelle D minor.mid,Schumann,2,minor,[10]_10,0.9088145006718650
50.625,<music21.chord.Chord B-4 F3>,"[0, 5]","[5, 10]","[3, 8]",70,53,Waldszenen Op 82 Verrufene Stelle D minor.mid,Schumann,2,minor,"[3, 8]_3",0.9088145006718650
50.875,<music21.chord.Chord A4 F3>,"[0, 4]","[5, 9]","[3, 7]",69,53,Waldszenen Op 82 Verrufene Stelle D minor.mid,Schumann,2,minor,"[3, 7]_3",0.9088145006718650
51.125,<music21.chord.Chord G4 F3>,"[0, 2]","[5, 7]","[3, 5]",67,53,Waldszenen Op 82 Verrufene Stelle D minor.mid,Schumann,2,minor,"[3, 5]_3",0.9088145006718650
51.33333333,<music21.chord.Chord F4 G4 F3>,"[0, 2]","[5, 7]","[3, 5]",67,53,Waldszenen Op 82 Verrufene Stelle D minor.mid,Schumann,2,minor,"[3, 5]_3",0.9088145006718650
51.375,<music21.chord.Chord F4 F3>,[0],[5],[3],65,53,Waldszenen Op 82 Verrufene Stelle D minor.mid,Schumann,2,minor,[3]_3,0.9088145006718650
51.58333333,<music21.chord.Chord F3>,[0],[5],[3],53,53,Waldszenen Op 82 Verrufene Stelle D minor.mid,Schumann,2,minor,[3]_3,0.9088145006718650
51.625,<music21.chord.Chord F4>,[0],[5],[3],65,65,Waldszenen Op 82 Verrufene Stelle D minor.mid,Schumann,2,minor,[3]_3,0.9088145006718650
52.125,<music21.chord.Chord F4>,[0],[5],[3],65,65,Waldszenen Op 82 Verrufene Stelle D minor.mid,Schumann,2,minor,[3]_3,0.9088145006718650
52.625,<music21.chord.Chord D5 F5>,"[0, 3]","[2, 5]","[0, 3]",77,74,Waldszenen Op 82 Verrufene Stelle D minor.mid,Schumann,10,major,"[4, 7]_4",0.8412465817092510
53.5,<music21.chord.Chord D5 F5 D2>,"[0, 3]","[2, 5]","[0, 3]",77,38,Waldszenen Op 82 Verrufene Stelle D minor.mid,Schumann,10,major,"[4, 7]_4",0.8412465817092510
53.625,<music21.chord.Chord D5 F5 B-2>,"[0, 4, 7]","[10, 2, 5]","[8, 0, 3]",77,46,Waldszenen Op 82 Verrufene Stelle D minor.mid,Schumann,10,major,"[0, 4, 7]_0",0.8412465817092510
54.5,<music21.chord.Chord D5 F5 G2>,"[0, 3, 5]","[2, 5, 7]","[0, 3, 5]",77,43,Waldszenen Op 82 Verrufene Stelle D minor.mid,Schumann,10,major,"[4, 7, 9]_9",0.8412465817092510
54.625,<music21.chord.Chord E-2>,[0],[3],[1],39,39,Waldszenen Op 82 Verrufene Stelle D minor.mid,Schumann,10,major,[5]_5,0.8412465817092510
55.5,<music21.chord.Chord C5 E-5 C4>,"[0, 3]","[0, 3]","[10, 1]",75,60,Waldszenen Op 82 Verrufene Stelle D minor.mid,Schumann,10,major,"[2, 5]_2",0.8281647794568210
55.625,<music21.chord.Chord G5 C5>,"[0, 5]","[7, 0]","[5, 10]",79,72,Waldszenen Op 82 Verrufene Stelle D minor.mid,Schumann,10,major,"[9, 2]_2",0.8281647794568210
56.625,<music21.chord.Chord E-5 G5 E-4>,"[0, 4]","[3, 7]","[1, 5]",79,63,Waldszenen Op 82 Verrufene Stelle D minor.mid,Schumann,10,major,"[5, 9]_5",0.7956484373349660
57.125,<music21.chord.Chord E-5 G5>,"[0, 4]","[3, 7]","[1, 5]",79,75,Waldszenen Op 82 Verrufene Stelle D minor.mid,Schumann,10,major,"[5, 9]_5",0.7956484373349660
57.5,<music21.chord.Chord E-5 G5 E-2>,"[0, 4]","[3, 7]","[1, 5]",79,39,Waldszenen Op 82 Verrufene Stelle D minor.mid,Schumann,10,major,"[5, 9]_5",0.7013285196606980
57.625,<music21.chord.Chord E-5 G5 C3>,"[0, 3, 7]","[0, 3, 7]","[10, 1, 5]",79,48,Waldszenen Op 82 Verrufene Stelle D minor.mid,Schumann,10,major,"[2, 5, 9]_2",0.7013285196606980
58.5,<music21.chord.Chord E-5 G5 A2>,"[0, 4, 6]","[3, 7, 9]","[1, 5, 7]",79,45,Waldszenen Op 82 Verrufene Stelle D minor.mid,Schumann,10,major,"[5, 9, 11]_11",0.7867926618352790
58.625,<music21.chord.Chord F2>,[0],[5],[3],41,41,Waldszenen Op 82 Verrufene Stelle D minor.mid,Schumann,10,major,[7]_7,0.7867926618352790
59.125,<music21.chord.Chord D4>,[0],[2],[0],62,62,Waldszenen Op 82 Verrufene Stelle D minor.mid,Schumann,10,major,[4]_4,0.7867926618352790
59.33333333,<music21.chord.Chord E-4 D4>,"[0, 1]","[2, 3]","[0, 1]",63,62,Waldszenen Op 82 Verrufene Stelle D minor.mid,Schumann,10,major,"[4, 5]_4",0.8443119263125590
59.375,<music21.chord.Chord E-4>,[0],[3],[1],63,63,Waldszenen Op 82 Verrufene Stelle D minor.mid,Schumann,10,major,[5]_5,0.8443119263125590
59.625,<music21.chord.Chord E-4>,[0],[3],[1],63,63,Waldszenen Op 82 Verrufene Stelle D minor.mid,Schumann,10,major,[5]_5,0.8443119263125590
59.875,<music21.chord.Chord G4>,[0],[7],[5],67,67,Waldszenen Op 82 Verrufene Stelle D minor.mid,Schumann,10,major,[9]_9,0.8443119263125590
60.125,<music21.chord.Chord D5 F4>,"[0, 3]","[2, 5]","[0, 3]",74,65,Waldszenen Op 82 Verrufene Stelle D minor.mid,Schumann,10,major,"[4, 7]_7",0.8443119263125590
60.25,<music21.chord.Chord F4>,[0],[5],[3],65,65,Waldszenen Op 82 Verrufene Stelle D minor.mid,Schumann,10,major,[7]_7,0.8443119263125590
60.33333333,<music21.chord.Chord E-5 E-4 F4>,"[0, 2]","[3, 5]","[1, 3]",75,63,Waldszenen Op 82 Verrufene Stelle D minor.mid,Schumann,10,major,"[5, 7]_5",0.8443119263125590
60.375,<music21.chord.Chord E-5 E-4>,[0],[3],[1],75,63,Waldszenen Op 82 Verrufene Stelle D minor.mid,Schumann,10,major,[5]_5,0.8443119263125590
60.45833333,<music21.chord.Chord E-4>,[0],[3],[1],63,63,Waldszenen Op 82 Verrufene Stelle D minor.mid,Schumann,10,major,[5]_5,0.8443119263125590
60.625,<music21.chord.Chord E-5 F#4 B-4 F2>,"[0, 2, 3, 7]","[3, 5, 6, 10]","[1, 3, 4, 8]",75,41,Waldszenen Op 82 Verrufene Stelle D minor.mid,Schumann,10,major,"[5, 7, 8, 0]_7",0.8443119263125590
60.875,<music21.chord.Chord E-5 A4 F2>,"[0, 2, 6]","[3, 5, 9]","[1, 3, 7]",75,41,Waldszenen Op 82 Verrufene Stelle D minor.mid,Schumann,10,major,"[5, 7, 11]_7",0.8443119263125590
61.125,<music21.chord.Chord D5>,[0],[2],[0],74,74,Waldszenen Op 82 Verrufene Stelle D minor.mid,Schumann,10,major,[4]_4,0.8443119263125590
61.33333333,<music21.chord.Chord E-5>,[0],[3],[1],75,75,Waldszenen Op 82 Verrufene Stelle D minor.mid,Schumann,10,major,[5]_5,0.8443119263125590
61.625,<music21.chord.Chord E-5 F#4 B-4 F2>,"[0, 2, 3, 7]","[3, 5, 6, 10]","[1, 3, 4, 8]",75,41,Waldszenen Op 82 Verrufene Stelle D minor.mid,Schumann,10,major,"[5, 7, 8, 0]_7",0.8443119263125590
61.875,<music21.chord.Chord E-5 A4 F2>,"[0, 2, 6]","[3, 5, 9]","[1, 3, 7]",75,41,Waldszenen Op 82 Verrufene Stelle D minor.mid,Schumann,10,major,"[5, 7, 11]_7",0.8443119263125590
62.125,<music21.chord.Chord C#5>,[0],[1],[11],73,73,Waldszenen Op 82 Verrufene Stelle D minor.mid,Schumann,10,major,[3]_3,0.8443119263125590
62.33333333,<music21.chord.Chord D5>,[0],[2],[0],74,74,Waldszenen Op 82 Verrufene Stelle D minor.mid,Schumann,10,major,[4]_4,0.8443119263125590
62.625,<music21.chord.Chord D4 A4 D5 G2>,"[0, 2, 7]","[7, 9, 2]","[5, 7, 0]",74,43,Waldszenen Op 82 Verrufene Stelle D minor.mid,Schumann,10,major,"[9, 11, 4]_9",0.8443119263125590
62.875,<music21.chord.Chord D4 A4 D5 F#2>,"[0, 4, 7]","[2, 6, 9]","[0, 4, 7]",74,42,Waldszenen Op 82 Verrufene Stelle D minor.mid,Schumann,10,major,"[4, 8, 11]_8",0.8443119263125590
63.125,<music21.chord.Chord C#5>,[0],[1],[11],73,73,Waldszenen Op 82 Verrufene Stelle D minor.mid,Schumann,10,major,[3]_3,0.8443119263125590
63.33333333,<music21.chord.Chord D5>,[0],[2],[0],74,74,Waldszenen Op 82 Verrufene Stelle D minor.mid,Schumann,10,major,[4]_4,0.8443119263125590
63.625,<music21.chord.Chord D4 A4 D5 G2>,"[0, 2, 7]","[7, 9, 2]","[5, 7, 0]",74,43,Waldszenen Op 82 Verrufene Stelle D minor.mid,Schumann,10,major,"[9, 11, 4]_9",0.8443119263125590
63.875,<music21.chord.Chord D4 A4 D5 F#2>,"[0, 4, 7]","[2, 6, 9]","[0, 4, 7]",74,42,Waldszenen Op 82 Verrufene Stelle D minor.mid,Schumann,10,major,"[4, 8, 11]_8",0.8443119263125590
64.125,<music21.chord.Chord D5>,[0],[2],[0],74,74,Waldszenen Op 82 Verrufene Stelle D minor.mid,Schumann,10,major,[4]_4,0.8443119263125590
64.33333333,<music21.chord.Chord E-5>,[0],[3],[1],75,75,Waldszenen Op 82 Verrufene Stelle D minor.mid,Schumann,10,major,[5]_5,0.8443119263125590
64.625,<music21.chord.Chord E-5 F#4 B-4 F2>,"[0, 2, 3, 7]","[3, 5, 6, 10]","[1, 3, 4, 8]",75,41,Waldszenen Op 82 Verrufene Stelle D minor.mid,Schumann,10,major,"[5, 7, 8, 0]_7",0.8443119263125590
64.875,<music21.chord.Chord E-5 A4 F2>,"[0, 2, 6]","[3, 5, 9]","[1, 3, 7]",75,41,Waldszenen Op 82 Verrufene Stelle D minor.mid,Schumann,10,major,"[5, 7, 11]_7",0.8443119263125590
65.125,<music21.chord.Chord C#5>,[0],[1],[11],73,73,Waldszenen Op 82 Verrufene Stelle D minor.mid,Schumann,10,major,[3]_3,0.8443119263125590
65.33333333,<music21.chord.Chord D5>,[0],[2],[0],74,74,Waldszenen Op 82 Verrufene Stelle D minor.mid,Schumann,10,major,[4]_4,0.8443119263125590
65.625,<music21.chord.Chord D5 F4 B-4 C3>,"[0, 2, 4, 7]","[10, 0, 2, 5]","[8, 10, 0, 3]",74,48,Waldszenen Op 82 Verrufene Stelle D minor.mid,Schumann,10,major,"[0, 2, 4, 7]_2",0.8443119263125590
65.875,<music21.chord.Chord D5 F4 B-4 B-2>,"[0, 4, 7]","[10, 2, 5]","[8, 0, 3]",74,46,Waldszenen Op 82 Verrufene Stelle D minor.mid,Schumann,10,major,"[0, 4, 7]_0",0.8443119263125590
66.125,<music21.chord.Chord F5>,[0],[5],[3],77,77,Waldszenen Op 82 Verrufene Stelle D minor.mid,Schumann,10,major,[7]_7,0.8443119263125590
66.33333333,<music21.chord.Chord D5 F5>,"[0, 3]","[2, 5]","[0, 3]",77,74,Waldszenen Op 82 Verrufene Stelle D minor.mid,Schumann,10,major,"[4, 7]_4",0.8443119263125590
66.375,<music21.chord.Chord D5>,[0],[2],[0],74,74,Waldszenen Op 82 Verrufene Stelle D minor.mid,Schumann,10,major,[4]_4,0.8443119263125590
66.625,<music21.chord.Chord C4 G4 B-4 C5 E2 E3>,"[0, 3, 6, 8]","[4, 7, 10, 0]","[2, 5, 8, 10]",72,40,Waldszenen Op 82 Verrufene Stelle D minor.mid,Schumann,10,major,"[6, 9, 0, 2]_6",0.8443119263125590
67.5,<music21.chord.Chord C4 G4 B-4 C5 E2 E3>,"[0, 3, 6, 8]","[4, 7, 10, 0]","[2, 5, 8, 10]",72,40,Waldszenen Op 82 Verrufene Stelle D minor.mid,Schumann,10,major,"[6, 9, 0, 2]_6",0.8443119263125590
67.625,<music21.chord.Chord C4 G4 B-4 C5 E2 E3>,"[0, 3, 6, 8]","[4, 7, 10, 0]","[2, 5, 8, 10]",72,40,Waldszenen Op 82 Verrufene Stelle D minor.mid,Schumann,10,major,"[6, 9, 0, 2]_6",0.8443119263125590
68,<music21.chord.Chord C4 G4 B-4 C5>,"[0, 3, 5]","[7, 10, 0]","[5, 8, 10]",72,60,Waldszenen Op 82 Verrufene Stelle D minor.mid,Schumann,10,major,"[9, 0, 2]_2",0.8443119263125590
68.125,<music21.chord.Chord C4 G4 B-4 C5 E2>,"[0, 3, 6, 8]","[4, 7, 10, 0]","[2, 5, 8, 10]",72,40,Waldszenen Op 82 Verrufene Stelle D minor.mid,Schumann,10,major,"[6, 9, 0, 2]_6",0.8443119263125590
68.25,<music21.chord.Chord C4 G4 B-4 C5>,"[0, 3, 5]","[7, 10, 0]","[5, 8, 10]",72,60,Waldszenen Op 82 Verrufene Stelle D minor.mid,Schumann,10,minor,"[9, 0, 2]_2",0.7882281282787430
68.33333333,<music21.chord.Chord C4 G4 B-4 C5 F2>,"[0, 2, 5, 7]","[5, 7, 10, 0]","[3, 5, 8, 10]",72,41,Waldszenen Op 82 Verrufene Stelle D minor.mid,Schumann,10,minor,"[7, 9, 0, 2]_7",0.7882281282787430
68.45833333,<music21.chord.Chord C4 G4 B-4 C5>,"[0, 3, 5]","[7, 10, 0]","[5, 8, 10]",72,60,Waldszenen Op 82 Verrufene Stelle D minor.mid,Schumann,10,minor,"[9, 0, 2]_2",0.7882281282787430
68.625,<music21.chord.Chord F2>,[0],[5],[3],41,41,Waldszenen Op 82 Verrufene Stelle D minor.mid,Schumann,10,minor,[7]_7,0.7882281282787430
68.875,<music21.chord.Chord B-2>,[0],[10],[8],46,46,Waldszenen Op 82 Verrufene Stelle D minor.mid,Schumann,10,minor,[0]_0,0.7882281282787430
69.125,<music21.chord.Chord A2>,[0],[9],[7],45,45,Waldszenen Op 82 Verrufene Stelle D minor.mid,Schumann,10,minor,[11]_11,0.7882281282787430
69.33333333,<music21.chord.Chord E-3 A2>,"[0, 6]","[3, 9]","[1, 7]",51,45,Waldszenen Op 82 Verrufene Stelle D minor.mid,Schumann,10,minor,"[5, 11]_11",0.7882281282787430
69.375,<music21.chord.Chord E-3>,[0],[3],[1],51,51,Waldszenen Op 82 Verrufene Stelle D minor.mid,Schumann,10,minor,[5]_5,0.7882281282787430
69.625,<music21.chord.Chord D3>,[0],[2],[0],50,50,Waldszenen Op 82 Verrufene Stelle D minor.mid,Schumann,10,minor,[4]_4,0.7882281282787430
69.875,<music21.chord.Chord B-3 D3>,"[0, 4]","[10, 2]","[8, 0]",58,50,Waldszenen Op 82 Verrufene Stelle D minor.mid,Schumann,10,minor,"[0, 4]_4",0.7882281282787430
70.125,<music21.chord.Chord E3 C#3>,"[0, 3]","[1, 4]","[11, 2]",52,49,Waldszenen Op 82 Verrufene Stelle D minor.mid,Schumann,10,minor,"[3, 6]_3",0.7882281282787430
70.33333333,<music21.chord.Chord B-3 E3 C#3>,"[0, 3, 6]","[10, 1, 4]","[8, 11, 2]",58,49,Waldszenen Op 82 Verrufene Stelle D minor.mid,Schumann,10,minor,"[0, 3, 6]_3",0.7882281282787430
70.375,<music21.chord.Chord B-3 C#3>,"[0, 3]","[10, 1]","[8, 11]",58,49,Waldszenen Op 82 Verrufene Stelle D minor.mid,Schumann,10,minor,"[0, 3]_3",0.7882281282787430
70.58333333,<music21.chord.Chord C#3>,[0],[1],[11],49,49,Waldszenen Op 82 Verrufene Stelle D minor.mid,Schumann,10,minor,[3]_3,0.7882281282787430
70.625,<music21.chord.Chord B-3 C3 E-3>,"[0, 2, 5]","[10, 0, 3]","[8, 10, 1]",58,48,Waldszenen Op 82 Verrufene Stelle D minor.mid,Schumann,10,minor,"[0, 2, 5]_2",0.7882281282787430
70.875,<music21.chord.Chord A3 C3 E-3>,"[0, 3, 6]","[9, 0, 3]","[7, 10, 1]",57,48,Waldszenen Op 82 Verrufene Stelle D minor.mid,Schumann,10,minor,"[11, 2, 5]_2",0.7882281282787430
71.125,<music21.chord.Chord E-4>,[0],[3],[1],63,63,Waldszenen Op 82 Verrufene Stelle D minor.mid,Schumann,10,minor,[5]_5,0.7882281282787430
71.33333333,<music21.chord.Chord C4 E-4>,"[0, 3]","[0, 3]","[10, 1]",63,60,Waldszenen Op 82 Verrufene Stelle D minor.mid,Schumann,10,major,"[2, 5]_2",0.8667999576600570
71.375,<music21.chord.Chord C4>,[0],[0],[10],60,60,Waldszenen Op 82 Verrufene Stelle D minor.mid,Schumann,10,major,[2]_2,0.8667999576600570
71.625,<music21.chord.Chord E-5 A3>,"[0, 6]","[3, 9]","[1, 7]",75,57,Waldszenen Op 82 Verrufene Stelle D minor.mid,Schumann,10,major,"[5, 11]_11",0.8667999576600570
71.875,<music21.chord.Chord C5 A3>,"[0, 3]","[9, 0]","[7, 10]",72,57,Waldszenen Op 82 Verrufene Stelle D minor.mid,Schumann,10,major,"[11, 2]_11",0.8667999576600570
72.125,<music21.chord.Chord A4 E4>,"[0, 5]","[4, 9]","[2, 7]",69,64,Waldszenen Op 82 Verrufene Stelle D minor.mid,Schumann,10,major,"[6, 11]_6",0.8667999576600570
72.25,<music21.chord.Chord A4>,[0],[9],[7],69,69,Waldszenen Op 82 Verrufene Stelle D minor.mid,Schumann,10,major,[11]_11,0.880639868494397
72.33333333,<music21.chord.Chord A4 F4>,"[0, 4]","[5, 9]","[3, 7]",69,65,Waldszenen Op 82 Verrufene Stelle D minor.mid,Schumann,10,major,"[7, 11]_7",0.880639868494397
72.45833333,<music21.chord.Chord A4>,[0],[9],[7],69,69,Waldszenen Op 82 Verrufene Stelle D minor.mid,Schumann,10,major,[11]_11,0.880639868494397
72.625,<music21.chord.Chord F4 F3>,[0],[5],[3],65,53,Waldszenen Op 82 Verrufene Stelle D minor.mid,Schumann,10,major,[7]_7,0.880639868494397
72.875,<music21.chord.Chord B-4 F3>,"[0, 5]","[5, 10]","[3, 8]",70,53,Waldszenen Op 82 Verrufene Stelle D minor.mid,Schumann,10,major,"[7, 0]_7",0.880639868494397
73.125,<music21.chord.Chord A4 F3>,"[0, 4]","[5, 9]","[3, 7]",69,53,Waldszenen Op 82 Verrufene Stelle D minor.mid,Schumann,10,major,"[7, 11]_7",0.880639868494397
73.33333333,<music21.chord.Chord E-5 A4 F3>,"[0, 2, 6]","[3, 5, 9]","[1, 3, 7]",75,53,Waldszenen Op 82 Verrufene Stelle D minor.mid,Schumann,10,major,"[5, 7, 11]_7",0.880639868494397
73.375,<music21.chord.Chord E-5 F3>,"[0, 2]","[3, 5]","[1, 3]",75,53,Waldszenen Op 82 Verrufene Stelle D minor.mid,Schumann,10,major,"[5, 7]_7",0.880639868494397
73.58333333,<music21.chord.Chord F3>,[0],[5],[3],53,53,Waldszenen Op 82 Verrufene Stelle D minor.mid,Schumann,10,major,[7]_7,0.880639868494397
73.625,<music21.chord.Chord D5 F3>,"[0, 3]","[2, 5]","[0, 3]",74,53,Waldszenen Op 82 Verrufene Stelle D minor.mid,Schumann,10,major,"[4, 7]_7",0.880639868494397
73.875,<music21.chord.Chord B-5 F3>,"[0, 5]","[5, 10]","[3, 8]",82,53,Waldszenen Op 82 Verrufene Stelle D minor.mid,Schumann,10,major,"[7, 0]_7",0.880639868494397
74.125,<music21.chord.Chord E5 B-4 C#4 F3>,"[0, 3, 6, 7]","[10, 1, 4, 5]","[8, 11, 2, 3]",76,53,Waldszenen Op 82 Verrufene Stelle D minor.mid,Schumann,10,major,"[0, 3, 6, 7]_7",0.880639868494397
74.33333333,<music21.chord.Chord B-5 E5 B-4 C#4 F3>,"[0, 3, 6, 7]","[10, 1, 4, 5]","[8, 11, 2, 3]",82,53,Waldszenen Op 82 Verrufene Stelle D minor.mid,Schumann,10,major,"[0, 3, 6, 7]_7",0.880639868494397
74.375,<music21.chord.Chord B-5 B-4 C#4 F3>,"[0, 3, 7]","[10, 1, 5]","[8, 11, 3]",82,53,Waldszenen Op 82 Verrufene Stelle D minor.mid,Schumann,10,major,"[0, 3, 7]_7",0.880639868494397
74.5,<music21.chord.Chord B-5 B-4 C#4>,"[0, 3]","[10, 1]","[8, 11]",82,61,Waldszenen Op 82 Verrufene Stelle D minor.mid,Schumann,10,major,"[0, 3]_3",0.880639868494397
74.58333333,<music21.chord.Chord B-4 C#4>,"[0, 3]","[10, 1]","[8, 11]",70,61,Waldszenen Op 82 Verrufene Stelle D minor.mid,Schumann,10,major,"[0, 3]_3",0.880639868494397
74.625,<music21.chord.Chord B-5 A4 E-5 C4 F#3>,"[0, 1, 3, 6, 9]","[9, 10, 0, 3, 6]","[7, 8, 10, 1, 4]",82,54,Waldszenen Op 82 Verrufene Stelle D minor.mid,Schumann,10,major,"[11, 0, 2, 5, 8]_8",0.880639868494397
74.875,<music21.chord.Chord A5 A4 E-5 C4 F#3>,"[0, 3, 6, 9]","[0, 3, 6, 9]","[10, 1, 4, 7]",81,54,Waldszenen Op 82 Verrufene Stelle D minor.mid,Schumann,10,major,"[2, 5, 8, 11]_8",0.880639868494397
75.125,<music21.chord.Chord E-6 C4 F#3>,"[0, 3, 6]","[0, 3, 6]","[10, 1, 4]",87,54,Waldszenen Op 82 Verrufene Stelle D minor.mid,Schumann,10,major,"[2, 5, 8]_8",0.880639868494397
75.33333333,<music21.chord.Chord C6 E-6 C4 F#3>,"[0, 3, 6]","[0, 3, 6]","[10, 1, 4]",87,54,Waldszenen Op 82 Verrufene Stelle D minor.mid,Schumann,10,major,"[2, 5, 8]_8",0.9218737080404520
75.375,<music21.chord.Chord C6 C4 F#3>,"[0, 6]","[0, 6]","[10, 4]",84,54,Waldszenen Op 82 Verrufene Stelle D minor.mid,Schumann,10,major,"[2, 8]_8",0.9218737080404520
75.58333333,<music21.chord.Chord C4 F#3>,"[0, 6]","[0, 6]","[10, 4]",60,54,Waldszenen Op 82 Verrufene Stelle D minor.mid,Schumann,10,major,"[2, 8]_8",0.9218737080404520
75.625,<music21.chord.Chord A5 E-5 C4 F#3>,"[0, 3, 6, 9]","[0, 3, 6, 9]","[10, 1, 4, 7]",81,54,Waldszenen Op 82 Verrufene Stelle D minor.mid,Schumann,10,major,"[2, 5, 8, 11]_8",0.9218737080404520
75.875,<music21.chord.Chord A5 C5 C4 F#3>,"[0, 3, 6]","[6, 9, 0]","[4, 7, 10]",81,54,Waldszenen Op 82 Verrufene Stelle D minor.mid,Schumann,10,major,"[8, 11, 2]_8",0.9218737080404520
76.125,<music21.chord.Chord A5 A4 C4 F#3>,"[0, 3, 6]","[6, 9, 0]","[4, 7, 10]",81,54,Waldszenen Op 82 Verrufene Stelle D minor.mid,Schumann,10,major,"[8, 11, 2]_8",0.9218737080404520
76.33333333,<music21.chord.Chord B-5 A5 A4 C4 F#3>,"[0, 3, 4, 6]","[6, 9, 10, 0]","[4, 7, 8, 10]",82,54,Waldszenen Op 82 Verrufene Stelle D minor.mid,Schumann,10,major,"[8, 11, 0, 2]_8",0.9218737080404520
76.375,<music21.chord.Chord B-5 C4 F#3>,"[0, 4, 6]","[6, 10, 0]","[4, 8, 10]",82,54,Waldszenen Op 82 Verrufene Stelle D minor.mid,Schumann,10,major,"[8, 0, 2]_8",0.9218737080404520
76.5,<music21.chord.Chord B-5>,[0],[10],[8],82,82,Waldszenen Op 82 Verrufene Stelle D minor.mid,Schumann,10,major,[0]_0,0.9218737080404520
76.625,<music21.chord.Chord B-5 D5 G3>,"[0, 3, 7]","[7, 10, 2]","[5, 8, 0]",82,55,Waldszenen Op 82 Verrufene Stelle D minor.mid,Schumann,10,major,"[9, 0, 4]_9",0.9218737080404520
76.875,<music21.chord.Chord B-5 D5 B-4>,"[0, 4]","[10, 2]","[8, 0]",82,70,Waldszenen Op 82 Verrufene Stelle D minor.mid,Schumann,10,major,"[0, 4]_0",0.9218737080404520
77.08333333,<music21.chord.Chord D5 B-4>,"[0, 4]","[10, 2]","[8, 0]",74,70,Waldszenen Op 82 Verrufene Stelle D minor.mid,Schumann,10,major,"[0, 4]_0",0.9218737080404520
77.125,<music21.chord.Chord F#5>,[0],[6],[4],78,78,Waldszenen Op 82 Verrufene Stelle D minor.mid,Schumann,10,major,[8]_8,0.9218737080404520
77.33333333,<music21.chord.Chord G5 F#5>,"[0, 1]","[6, 7]","[4, 5]",79,78,Waldszenen Op 82 Verrufene Stelle D minor.mid,Schumann,10,major,"[8, 9]_8",0.9712950552401220
77.375,<music21.chord.Chord G5>,[0],[7],[5],79,79,Waldszenen Op 82 Verrufene Stelle D minor.mid,Schumann,10,major,[9]_9,0.9712950552401220
77.58333333,<music21.chord.Chord G5>,[0],[7],[5],79,79,Waldszenen Op 82 Verrufene Stelle D minor.mid,Schumann,10,major,[9]_9,0.9712950552401220
77.625,<music21.chord.Chord G5 B-4 E-3>,"[0, 4, 7]","[3, 7, 10]","[1, 5, 8]",79,51,Waldszenen Op 82 Verrufene Stelle D minor.mid,Schumann,10,major,"[5, 9, 0]_5",0.9712950552401220
77.875,<music21.chord.Chord G5 B-4 G4>,"[0, 3]","[7, 10]","[5, 8]",79,67,Waldszenen Op 82 Verrufene Stelle D minor.mid,Schumann,10,major,"[9, 0]_9",0.9712950552401220
78.08333333,<music21.chord.Chord B-4 G4>,"[0, 3]","[7, 10]","[5, 8]",70,67,Waldszenen Op 82 Verrufene Stelle D minor.mid,Schumann,10,major,"[9, 0]_9",0.9712950552401220
78.125,<music21.chord.Chord E5>,[0],[4],[2],76,76,Waldszenen Op 82 Verrufene Stelle D minor.mid,Schumann,10,major,[6]_6,0.9712950552401220
78.33333333,<music21.chord.Chord F5 E5>,"[0, 1]","[4, 5]","[2, 3]",77,76,Waldszenen Op 82 Verrufene Stelle D minor.mid,Schumann,10,major,"[6, 7]_6",0.9712950552401220
78.375,<music21.chord.Chord F5>,[0],[5],[3],77,77,Waldszenen Op 82 Verrufene Stelle D minor.mid,Schumann,10,major,[7]_7,0.9712950552401220
78.58333333,<music21.chord.Chord F5>,[0],[5],[3],77,77,Waldszenen Op 82 Verrufene Stelle D minor.mid,Schumann,10,major,[7]_7,0.9712950552401220
78.625,<music21.chord.Chord F5 B-4 D3>,"[0, 4, 7]","[10, 2, 5]","[8, 0, 3]",77,50,Waldszenen Op 82 Verrufene Stelle D minor.mid,Schumann,10,major,"[0, 4, 7]_4",0.9712950552401220
78.875,<music21.chord.Chord F5 B-4 F4>,"[0, 5]","[5, 10]","[3, 8]",77,65,Waldszenen Op 82 Verrufene Stelle D minor.mid,Schumann,10,major,"[7, 0]_7",0.9712950552401220
79.08333333,<music21.chord.Chord B-4 F4>,"[0, 5]","[5, 10]","[3, 8]",70,65,Waldszenen Op 82 Verrufene Stelle D minor.mid,Schumann,10,major,"[7, 0]_7",0.9712950552401220
79.125,<music21.chord.Chord D5>,[0],[2],[0],74,74,Waldszenen Op 82 Verrufene Stelle D minor.mid,Schumann,10,major,[4]_4,0.9712950552401220
79.33333333,<music21.chord.Chord F5 D5>,"[0, 3]","[2, 5]","[0, 3]",77,74,Waldszenen Op 82 Verrufene Stelle D minor.mid,Schumann,10,major,"[4, 7]_4",0.9712950552401220
79.375,<music21.chord.Chord F5>,[0],[5],[3],77,77,Waldszenen Op 82 Verrufene Stelle D minor.mid,Schumann,10,major,[7]_7,0.9712950552401220
79.625,<music21.chord.Chord D5 F5 G4>,"[0, 3, 5]","[2, 5, 7]","[0, 3, 5]",77,67,Waldszenen Op 82 Verrufene Stelle D minor.mid,Schumann,10,major,"[4, 7, 9]_9",0.9712950552401220
80.125,<music21.chord.Chord C5 E-5 G4 E-2>,"[0, 3, 7]","[0, 3, 7]","[10, 1, 5]",75,39,Waldszenen Op 82 Verrufene Stelle D minor.mid,Schumann,10,major,"[2, 5, 9]_5",0.9712950552401220
80.25,<music21.chord.Chord C5 E-5 G4>,"[0, 3, 7]","[0, 3, 7]","[10, 1, 5]",75,67,Waldszenen Op 82 Verrufene Stelle D minor.mid,Schumann,10,major,"[2, 5, 9]_9",0.9712950552401220
80.33333333,<music21.chord.Chord C5 E-5 G4 F2>,"[0, 3, 5, 7]","[0, 3, 5, 7]","[10, 1, 3, 5]",75,41,Waldszenen Op 82 Verrufene Stelle D minor.mid,Schumann,10,major,"[2, 5, 7, 9]_7",0.9712950552401220
80.45833333,<music21.chord.Chord C5 E-5 G4>,"[0, 3, 7]","[0, 3, 7]","[10, 1, 5]",75,67,Waldszenen Op 82 Verrufene Stelle D minor.mid,Schumann,10,major,"[2, 5, 9]_9",0.9712950552401220
80.5,<music21.chord.Chord C5 E-5>,"[0, 3]","[0, 3]","[10, 1]",75,72,Waldszenen Op 82 Verrufene Stelle D minor.mid,Schumann,10,major,"[2, 5]_2",0.9712950552401220
80.625,<music21.chord.Chord C5 E-5 F4 F2>,"[0, 3, 5]","[0, 3, 5]","[10, 1, 3]",75,41,Waldszenen Op 82 Verrufene Stelle D minor.mid,Schumann,10,major,"[2, 5, 7]_7",0.9712950552401220
80.875,<music21.chord.Chord C5 E-5 F4 B-2>,"[0, 2, 5, 7]","[10, 0, 3, 5]","[8, 10, 1, 3]",75,46,Waldszenen Op 82 Verrufene Stelle D minor.mid,Schumann,10,major,"[0, 2, 5, 7]_0",0.9712950552401220
81.125,<music21.chord.Chord C5 E-5 F4 A2>,"[0, 3, 6, 8]","[9, 0, 3, 5]","[7, 10, 1, 3]",75,45,Waldszenen Op 82 Verrufene Stelle D minor.mid,Schumann,10,major,"[11, 2, 5, 7]_11",0.9712950552401220
81.33333333,<music21.chord.Chord C5 E-5 F4 G3 A2>,"[0, 2, 4, 6, 9]","[3, 5, 7, 9, 0]","[1, 3, 5, 7, 10]",75,45,Waldszenen Op 82 Verrufene Stelle D minor.mid,Schumann,10,major,"[5, 7, 9, 11, 2]_11",0.9712950552401220
81.375,<music21.chord.Chord C5 E-5 F4 G3>,"[0, 3, 5, 7]","[0, 3, 5, 7]","[10, 1, 3, 5]",75,55,Waldszenen Op 82 Verrufene Stelle D minor.mid,Schumann,10,major,"[2, 5, 7, 9]_9",0.9712950552401220
81.58333333,<music21.chord.Chord C5 E-5 F4>,"[0, 3, 5]","[0, 3, 5]","[10, 1, 3]",75,65,Waldszenen Op 82 Verrufene Stelle D minor.mid,Schumann,10,major,"[2, 5, 7]_7",0.9712950552401220
81.625,<music21.chord.Chord C5 E-5 F4 F3>,"[0, 3, 5]","[0, 3, 5]","[10, 1, 3]",75,53,Waldszenen Op 82 Verrufene Stelle D minor.mid,Schumann,10,major,"[2, 5, 7]_7",0.9712950552401220
81.875,<music21.chord.Chord C5 E-5 F4 B-3>,"[0, 2, 5, 7]","[10, 0, 3, 5]","[8, 10, 1, 3]",75,58,Waldszenen Op 82 Verrufene Stelle D minor.mid,Schumann,10,major,"[0, 2, 5, 7]_0",0.9712950552401220
82.125,<music21.chord.Chord C5 E-5 F4 A3>,"[0, 3, 6, 8]","[9, 0, 3, 5]","[7, 10, 1, 3]",75,57,Waldszenen Op 82 Verrufene Stelle D minor.mid,Schumann,10,major,"[11, 2, 5, 7]_11",0.9712950552401220
82.45833333,<music21.chord.Chord C5 E-5 F4>,"[0, 3, 5]","[0, 3, 5]","[10, 1, 3]",75,65,Waldszenen Op 82 Verrufene Stelle D minor.mid,Schumann,10,major,"[2, 5, 7]_7",0.9712950552401220
82.5,<music21.chord.Chord C5 E-5 G4>,"[0, 3, 7]","[0, 3, 7]","[10, 1, 5]",75,67,Waldszenen Op 82 Verrufene Stelle D minor.mid,Schumann,10,major,"[2, 5, 9]_9",0.9712950552401220
82.625,<music21.chord.Chord B-4 D5 G4 B-3>,"[0, 3, 7]","[7, 10, 2]","[5, 8, 0]",74,58,Waldszenen Op 82 Verrufene Stelle D minor.mid,Schumann,10,major,"[9, 0, 4]_0",0.9712950552401220
83.625,<music21.chord.Chord B-4 D5 F4 B-3>,"[0, 4, 7]","[10, 2, 5]","[8, 0, 3]",74,58,Waldszenen Op 82 Verrufene Stelle D minor.mid,Schumann,10,major,"[0, 4, 7]_0",0.9712950552401220
84,<music21.chord.Chord F4 B-3>,"[0, 5]","[5, 10]","[3, 8]",65,58,Waldszenen Op 82 Verrufene Stelle D minor.mid,Schumann,10,major,"[7, 0]_0",0.9712950552401220
84.125,<music21.chord.Chord A5>,[0],[9],[7],81,81,Waldszenen Op 82 Verrufene Stelle D minor.mid,Schumann,10,major,[11]_11,0.9712950552401220
84.33333333,<music21.chord.Chord B-5 A5>,"[0, 1]","[9, 10]","[7, 8]",82,81,Waldszenen Op 82 Verrufene Stelle D minor.mid,Schumann,10,major,"[11, 0]_11",0.9712950552401220
84.375,<music21.chord.Chord B-5>,[0],[10],[8],82,82,Waldszenen Op 82 Verrufene Stelle D minor.mid,Schumann,10,major,[0]_0,0.9712950552401220
84.625,<music21.chord.Chord B-4 B-5 G2>,"[0, 3]","[7, 10]","[5, 8]",82,43,Waldszenen Op 82 Verrufene Stelle D minor.mid,Schumann,10,major,"[9, 0]_9",0.9712950552401220
84.875,<music21.chord.Chord B-4 B-5 B-3>,[0],[10],[8],82,58,Waldszenen Op 82 Verrufene Stelle D minor.mid,Schumann,10,major,[0]_0,0.9712950552401220
85.125,<music21.chord.Chord G#5>,[0],[8],[6],80,80,Waldszenen Op 82 Verrufene Stelle D minor.mid,Schumann,10,major,[10]_10,0.9712950552401220
85.33333333,<music21.chord.Chord A5 G#5>,"[0, 1]","[8, 9]","[6, 7]",81,80,Waldszenen Op 82 Verrufene Stelle D minor.mid,Schumann,10,major,"[10, 11]_10",0.9712950552401220
85.375,<music21.chord.Chord A5>,[0],[9],[7],81,81,Waldszenen Op 82 Verrufene Stelle D minor.mid,Schumann,10,major,[11]_11,0.9712950552401220
85.625,<music21.chord.Chord B-4 A5 F2>,"[0, 4, 5]","[5, 9, 10]","[3, 7, 8]",81,41,Waldszenen Op 82 Verrufene Stelle D minor.mid,Schumann,10,major,"[7, 11, 0]_7",0.9712950552401220
85.875,<music21.chord.Chord B-4 A5 A3>,"[0, 1]","[9, 10]","[7, 8]",81,57,Waldszenen Op 82 Verrufene Stelle D minor.mid,Schumann,10,major,"[11, 0]_11",0.9712950552401220
86.125,<music21.chord.Chord F#5>,[0],[6],[4],78,78,Waldszenen Op 82 Verrufene Stelle D minor.mid,Schumann,10,major,[8]_8,0.9712950552401220
86.33333333,<music21.chord.Chord G5 F#5>,"[0, 1]","[6, 7]","[4, 5]",79,78,Waldszenen Op 82 Verrufene Stelle D minor.mid,Schumann,10,major,"[8, 9]_8",0.8368711626334610
86.375,<music21.chord.Chord G5>,[0],[7],[5],79,79,Waldszenen Op 82 Verrufene Stelle D minor.mid,Schumann,10,major,[9]_9,0.8368711626334610
86.625,<music21.chord.Chord B-4 G5 E-2>,"[0, 4, 7]","[3, 7, 10]","[1, 5, 8]",79,39,Waldszenen Op 82 Verrufene Stelle D minor.mid,Schumann,10,major,"[5, 9, 0]_5",0.8368711626334610
86.875,<music21.chord.Chord B-4 G5 G3>,"[0, 3]","[7, 10]","[5, 8]",79,55,Waldszenen Op 82 Verrufene Stelle D minor.mid,Schumann,10,major,"[9, 0]_9",0.8368711626334610
87.125,<music21.chord.Chord B-4 G5>,"[0, 3]","[7, 10]","[5, 8]",79,70,Waldszenen Op 82 Verrufene Stelle D minor.mid,Schumann,10,major,"[9, 0]_0",0.8368711626334610
87.33333333,<music21.chord.Chord B-4 F5>,"[0, 5]","[5, 10]","[3, 8]",77,70,Waldszenen Op 82 Verrufene Stelle D minor.mid,Schumann,10,major,"[7, 0]_0",0.8368711626334610
87.5,<music21.chord.Chord B-4 F5 F2>,"[0, 5]","[5, 10]","[3, 8]",77,41,Waldszenen Op 82 Verrufene Stelle D minor.mid,Schumann,10,major,"[7, 0]_7",0.8368711626334610
87.58333333,<music21.chord.Chord F2>,[0],[5],[3],41,41,Waldszenen Op 82 Verrufene Stelle D minor.mid,Schumann,10,major,[7]_7,0.8368711626334610
87.625,<music21.chord.Chord B-4 F5 F2 F3>,"[0, 5]","[5, 10]","[3, 8]",77,41,Waldszenen Op 82 Verrufene Stelle D minor.mid,Schumann,10,major,"[7, 0]_7",0.8368711626334610
88.125,<music21.chord.Chord B-4 F5 B-2 B-3>,"[0, 5]","[5, 10]","[3, 8]",77,46,Waldszenen Op 82 Verrufene Stelle D minor.mid,Schumann,10,major,"[7, 0]_0",0.8368711626334610
88.33333333,<music21.chord.Chord B-4 F5 B-2 B-3>,"[0, 5]","[5, 10]","[3, 8]",77,46,Waldszenen Op 82 Verrufene Stelle D minor.mid,Schumann,10,major,"[7, 0]_0",0.8368711626334610
88.375,<music21.chord.Chord B-4 F5 B-2 B-3>,"[0, 5]","[5, 10]","[3, 8]",77,46,Waldszenen Op 82 Verrufene Stelle D minor.mid,Schumann,10,major,"[7, 0]_0",0.8368711626334610
88.5,<music21.chord.Chord B-2 B-3>,[0],[10],[8],58,46,Waldszenen Op 82 Verrufene Stelle D minor.mid,Schumann,10,major,[0]_0,0.8368711626334610
88.625,<music21.chord.Chord E-2 B-2>,"[0, 5]","[10, 3]","[8, 1]",46,39,Waldszenen Op 82 Verrufene Stelle D minor.mid,Schumann,10,major,"[0, 5]_5",0.8368711626334610
88.875,<music21.chord.Chord C4 E-2 B-2>,"[0, 2, 5]","[10, 0, 3]","[8, 10, 1]",60,39,Waldszenen Op 82 Verrufene Stelle D minor.mid,Schumann,10,major,"[0, 2, 5]_5",0.8368711626334610
89.125,<music21.chord.Chord B-4 C5 G4 E-2 B-2>,"[0, 3, 5, 8]","[7, 10, 0, 3]","[5, 8, 10, 1]",72,39,Waldszenen Op 82 Verrufene Stelle D minor.mid,Schumann,10,major,"[9, 0, 2, 5]_5",0.8368711626334610
89.33333333,<music21.chord.Chord B-4 C5 F#4 G4 E-2 B-2>,"[0, 1, 4, 6, 9]","[6, 7, 10, 0, 3]","[4, 5, 8, 10, 1]",72,39,Waldszenen Op 82 Verrufene Stelle D minor.mid,Schumann,10,major,"[8, 9, 0, 2, 5]_5",0.8368711626334610
89.375,<music21.chord.Chord B-4 C5 F#4 E-2 B-2>,"[0, 2, 5, 8]","[10, 0, 3, 6]","[8, 10, 1, 4]",72,39,Waldszenen Op 82 Verrufene Stelle D minor.mid,Schumann,10,major,"[0, 2, 5, 8]_5",0.8368711626334610
89.5,<music21.chord.Chord B-4 C5 F#4>,"[0, 4, 6]","[6, 10, 0]","[4, 8, 10]",72,66,Waldszenen Op 82 Verrufene Stelle D minor.mid,Schumann,10,major,"[8, 0, 2]_8",0.8368711626334610
89.58333333,<music21.chord.Chord B-4 C5>,"[0, 2]","[10, 0]","[8, 10]",72,70,Waldszenen Op 82 Verrufene Stelle D minor.mid,Schumann,10,major,"[0, 2]_0",0.8368711626334610
89.625,<music21.chord.Chord B-4 C5 F4 F2 F3>,"[0, 2, 7]","[10, 0, 5]","[8, 10, 3]",72,41,Waldszenen Op 82 Verrufene Stelle D minor.mid,Schumann,10,major,"[0, 2, 7]_7",0.8368711626334610
89.875,<music21.chord.Chord B-4 C5 E-4 F2 F3>,"[0, 2, 5, 7]","[10, 0, 3, 5]","[8, 10, 1, 3]",72,41,Waldszenen Op 82 Verrufene Stelle D minor.mid,Schumann,10,major,"[0, 2, 5, 7]_7",0.8368711626334610
90,<music21.chord.Chord E-4 F2 F3>,"[0, 2]","[3, 5]","[1, 3]",63,41,Waldszenen Op 82 Verrufene Stelle D minor.mid,Schumann,10,major,"[5, 7]_7",0.8368711626334610
90.125,<music21.chord.Chord A4 C5 D4 F2 F3>,"[0, 3, 5, 8]","[9, 0, 2, 5]","[7, 10, 0, 3]",72,41,Waldszenen Op 82 Verrufene Stelle D minor.mid,Schumann,10,major,"[11, 2, 4, 7]_7",0.8368711626334610
90.33333333,<music21.chord.Chord A4 C5 E-4 D4 F2 F3>,"[0, 3, 5, 6, 8]","[9, 0, 2, 3, 5]","[7, 10, 0, 1, 3]",72,41,Waldszenen Op 82 Verrufene Stelle D minor.mid,Schumann,10,major,"[11, 2, 4, 5, 7]_7",0.8368711626334610
90.375,<music21.chord.Chord A4 C5 E-4 F2 F3>,"[0, 3, 6, 8]","[9, 0, 3, 5]","[7, 10, 1, 3]",72,41,Waldszenen Op 82 Verrufene Stelle D minor.mid,Schumann,10,major,"[11, 2, 5, 7]_7",0.8368711626334610
90.5,<music21.chord.Chord A4 C5 E-4>,"[0, 3, 6]","[9, 0, 3]","[7, 10, 1]",72,63,Waldszenen Op 82 Verrufene Stelle D minor.mid,Schumann,10,major,"[11, 2, 5]_5",0.8368711626334610
90.58333333,<music21.chord.Chord A4 C5>,"[0, 3]","[9, 0]","[7, 10]",72,69,Waldszenen Op 82 Verrufene Stelle D minor.mid,Schumann,10,major,"[11, 2]_11",0.8368711626334610
90.625,<music21.chord.Chord F4 B-4 D4 B-2>,"[0, 4, 7]","[10, 2, 5]","[8, 0, 3]",70,46,Waldszenen Op 82 Verrufene Stelle D minor.mid,Schumann,10,major,"[0, 4, 7]_0",0.8368711626334610
91.5,<music21.chord.Chord D4>,[0],[2],[0],62,62,Waldszenen Op 82 Verrufene Stelle D minor.mid,Schumann,Ambiguous,Ambiguous,Ambiguous,0.0
91.625,<music21.chord.Chord C#4>,[0],[1],[11],61,61,Waldszenen Op 82 Verrufene Stelle D minor.mid,Schumann,Ambiguous,Ambiguous,Ambiguous,0.0
92.625,<music21.chord.Chord F4 A4 C4 F2>,"[0, 4, 7]","[5, 9, 0]","[3, 7, 10]",69,41,Waldszenen Op 82 Verrufene Stelle D minor.mid,Schumann,Ambiguous,Ambiguous,Ambiguous,0.0
93.5,<music21.chord.Chord F4 A4 C4>,"[0, 4, 7]","[5, 9, 0]","[3, 7, 10]",69,60,Waldszenen Op 82 Verrufene Stelle D minor.mid,Schumann,Ambiguous,Ambiguous,Ambiguous,0.0
93.625,<music21.chord.Chord F4 A4 B3>,"[0, 4, 6]","[5, 9, 11]","[3, 7, 9]",69,59,Waldszenen Op 82 Verrufene Stelle D minor.mid,Schumann,Ambiguous,Ambiguous,Ambiguous,0.0
94.5,<music21.chord.Chord F4 A4 B3 D2>,"[0, 2, 5, 8]","[9, 11, 2, 5]","[7, 9, 0, 3]",69,38,Waldszenen Op 82 Verrufene Stelle D minor.mid,Schumann,Ambiguous,Ambiguous,Ambiguous,0.0
94.625,<music21.chord.Chord E4 A4 B3 E2>,"[0, 2, 7]","[9, 11, 4]","[7, 9, 2]",69,40,Waldszenen Op 82 Verrufene Stelle D minor.mid,Schumann,Ambiguous,Ambiguous,Ambiguous,0.0
95.125,<music21.chord.Chord E4 A4 B3 D3 E2>,"[0, 2, 5, 7]","[9, 11, 2, 4]","[7, 9, 0, 2]",69,40,Waldszenen Op 82 Verrufene Stelle D minor.mid,Schumann,Ambiguous,Ambiguous,Ambiguous,0.0
95.25,<music21.chord.Chord E4 A4 B3 E2>,"[0, 2, 7]","[9, 11, 4]","[7, 9, 2]",69,40,Waldszenen Op 82 Verrufene Stelle D minor.mid,Schumann,2,minor,"[7, 9, 2]_2",0.7400450698807080
95.33333333,<music21.chord.Chord E4 A4 B3 E3 E2>,"[0, 2, 7]","[9, 11, 4]","[7, 9, 2]",69,40,Waldszenen Op 82 Verrufene Stelle D minor.mid,Schumann,2,minor,"[7, 9, 2]_2",0.7400450698807080
95.45833333,<music21.chord.Chord E4 A4 B3 E2>,"[0, 2, 7]","[9, 11, 4]","[7, 9, 2]",69,40,Waldszenen Op 82 Verrufene Stelle D minor.mid,Schumann,2,minor,"[7, 9, 2]_2",0.7400450698807080
95.5,<music21.chord.Chord B3>,[0],[11],[9],59,59,Waldszenen Op 82 Verrufene Stelle D minor.mid,Schumann,2,minor,[9]_9,0.7400450698807080
95.625,<music21.chord.Chord G#4 B3 D3 E2>,"[0, 3, 6, 8]","[8, 11, 2, 4]","[6, 9, 0, 2]",68,40,Waldszenen Op 82 Verrufene Stelle D minor.mid,Schumann,2,minor,"[6, 9, 0, 2]_2",0.7400450698807080
95.75,<music21.chord.Chord G#4 B3 E2>,"[0, 4, 7]","[4, 8, 11]","[2, 6, 9]",68,40,Waldszenen Op 82 Verrufene Stelle D minor.mid,Schumann,2,minor,"[2, 6, 9]_2",0.7400450698807080
95.875,<music21.chord.Chord G#4 B3 F3 E2>,"[0, 1, 4, 7]","[4, 5, 8, 11]","[2, 3, 6, 9]",68,40,Waldszenen Op 82 Verrufene Stelle D minor.mid,Schumann,2,minor,"[2, 3, 6, 9]_2",0.7400450698807080
96,<music21.chord.Chord G#4 B3 E2>,"[0, 4, 7]","[4, 8, 11]","[2, 6, 9]",68,40,Waldszenen Op 82 Verrufene Stelle D minor.mid,Schumann,2,minor,"[2, 6, 9]_2",0.7400450698807080
96.125,<music21.chord.Chord G#4 B3 E3 E2>,"[0, 4, 7]","[4, 8, 11]","[2, 6, 9]",68,40,Waldszenen Op 82 Verrufene Stelle D minor.mid,Schumann,2,minor,"[2, 6, 9]_2",0.7400450698807080
96.25,<music21.chord.Chord G#4 B3 E2>,"[0, 4, 7]","[4, 8, 11]","[2, 6, 9]",68,40,Waldszenen Op 82 Verrufene Stelle D minor.mid,Schumann,2,minor,"[2, 6, 9]_2",0.7400450698807080
96.33333333,<music21.chord.Chord G#4 B3 D3 E2>,"[0, 3, 6, 8]","[8, 11, 2, 4]","[6, 9, 0, 2]",68,40,Waldszenen Op 82 Verrufene Stelle D minor.mid,Schumann,2,minor,"[6, 9, 0, 2]_2",0.7400450698807080
96.45833333,<music21.chord.Chord G#4 B3 E2>,"[0, 4, 7]","[4, 8, 11]","[2, 6, 9]",68,40,Waldszenen Op 82 Verrufene Stelle D minor.mid,Schumann,2,minor,"[2, 6, 9]_2",0.7400450698807080
96.5,<music21.chord.Chord E2>,[0],[4],[2],40,40,Waldszenen Op 82 Verrufene Stelle D minor.mid,Schumann,2,minor,[2]_2,0.7400450698807080
96.625,<music21.chord.Chord A3 A4 D3 A2>,"[0, 5]","[9, 2]","[7, 0]",69,45,Waldszenen Op 82 Verrufene Stelle D minor.mid,Schumann,2,minor,"[7, 0]_7",0.7400450698807080
96.875,<music21.chord.Chord A3 A4 C#3 A2>,"[0, 4]","[9, 1]","[7, 11]",69,45,Waldszenen Op 82 Verrufene Stelle D minor.mid,Schumann,2,minor,"[7, 11]_7",0.7400450698807080
97.125,<music21.chord.Chord A3 A2>,[0],[9],[7],57,45,Waldszenen Op 82 Verrufene Stelle D minor.mid,Schumann,2,minor,[7]_7,0.7400450698807080
97.25,<music21.chord.Chord A2>,[0],[9],[7],45,45,Waldszenen Op 82 Verrufene Stelle D minor.mid,Schumann,2,minor,[7]_7,0.7888667573112990
97.33333333,<music21.chord.Chord B3 A2>,"[0, 2]","[9, 11]","[7, 9]",59,45,Waldszenen Op 82 Verrufene Stelle D minor.mid,Schumann,2,minor,"[7, 9]_7",0.7888667573112990
97.45833333,<music21.chord.Chord A2>,[0],[9],[7],45,45,Waldszenen Op 82 Verrufene Stelle D minor.mid,Schumann,2,minor,[7]_7,0.7888667573112990
97.625,<music21.chord.Chord A3 A2>,[0],[9],[7],57,45,Waldszenen Op 82 Verrufene Stelle D minor.mid,Schumann,2,minor,[7]_7,0.7888667573112990
97.75,<music21.chord.Chord A2>,[0],[9],[7],45,45,Waldszenen Op 82 Verrufene Stelle D minor.mid,Schumann,2,minor,[7]_7,0.7888667573112990
97.875,<music21.chord.Chord C#4 A2>,"[0, 4]","[9, 1]","[7, 11]",61,45,Waldszenen Op 82 Verrufene Stelle D minor.mid,Schumann,2,minor,"[7, 11]_7",0.7888667573112990
98,<music21.chord.Chord A2>,[0],[9],[7],45,45,Waldszenen Op 82 Verrufene Stelle D minor.mid,Schumann,2,minor,[7]_7,0.7888667573112990
98.125,<music21.chord.Chord B3 A2>,"[0, 2]","[9, 11]","[7, 9]",59,45,Waldszenen Op 82 Verrufene Stelle D minor.mid,Schumann,2,minor,"[7, 9]_7",0.7888667573112990
98.25,<music21.chord.Chord A2>,[0],[9],[7],45,45,Waldszenen Op 82 Verrufene Stelle D minor.mid,Schumann,2,minor,[7]_7,0.7888667573112990
98.33333333,<music21.chord.Chord A3 C#3 A2>,"[0, 4]","[9, 1]","[7, 11]",57,45,Waldszenen Op 82 Verrufene Stelle D minor.mid,Schumann,2,minor,"[7, 11]_7",0.7888667573112990
98.45833333,<music21.chord.Chord C#3 A2>,"[0, 4]","[9, 1]","[7, 11]",49,45,Waldszenen Op 82 Verrufene Stelle D minor.mid,Schumann,2,minor,"[7, 11]_7",0.7888667573112990
98.5,<music21.chord.Chord C#3>,[0],[1],[11],49,49,Waldszenen Op 82 Verrufene Stelle D minor.mid,Schumann,2,minor,[11]_11,0.7888667573112990
98.625,<music21.chord.Chord B-3 D3 A2>,"[0, 1, 5]","[9, 10, 2]","[7, 8, 0]",58,45,Waldszenen Op 82 Verrufene Stelle D minor.mid,Schumann,2,minor,"[7, 8, 0]_7",0.7888667573112990
98.875,<music21.chord.Chord D4 D3 A2>,"[0, 5]","[9, 2]","[7, 0]",62,45,Waldszenen Op 82 Verrufene Stelle D minor.mid,Schumann,2,minor,"[7, 0]_7",0.7888667573112990
99.125,<music21.chord.Chord G4 D3 A2>,"[0, 2, 7]","[7, 9, 2]","[5, 7, 0]",67,45,Waldszenen Op 82 Verrufene Stelle D minor.mid,Schumann,2,minor,"[5, 7, 0]_7",0.7888667573112990
99.33333333,<music21.chord.Chord B-4 G4 D3 A2>,"[0, 2, 3, 7]","[7, 9, 10, 2]","[5, 7, 8, 0]",70,45,Waldszenen Op 82 Verrufene Stelle D minor.mid,Schumann,2,minor,"[5, 7, 8, 0]_7",0.8171808485742820
99.375,<music21.chord.Chord B-4 D3 A2>,"[0, 1, 5]","[9, 10, 2]","[7, 8, 0]",70,45,Waldszenen Op 82 Verrufene Stelle D minor.mid,Schumann,2,minor,"[7, 8, 0]_7",0.8171808485742820
99.5,<music21.chord.Chord B-4 G3 A2>,"[0, 2, 3]","[7, 9, 10]","[5, 7, 8]",70,45,Waldszenen Op 82 Verrufene Stelle D minor.mid,Schumann,2,minor,"[5, 7, 8]_7",0.8171808485742820
99.58333333,<music21.chord.Chord G3 A2>,"[0, 2]","[7, 9]","[5, 7]",55,45,Waldszenen Op 82 Verrufene Stelle D minor.mid,Schumann,2,minor,"[5, 7]_7",0.8171808485742820
99.625,<music21.chord.Chord D5 B-3 A2>,"[0, 1, 5]","[9, 10, 2]","[7, 8, 0]",74,45,Waldszenen Op 82 Verrufene Stelle D minor.mid,Schumann,2,minor,"[7, 8, 0]_7",0.8171808485742820
99.875,<music21.chord.Chord B-4 B-3 A2>,"[0, 1]","[9, 10]","[7, 8]",70,45,Waldszenen Op 82 Verrufene Stelle D minor.mid,Schumann,2,minor,"[7, 8]_7",0.8171808485742820
100.125,<music21.chord.Chord G4 B-3 A2>,"[0, 2, 3]","[7, 9, 10]","[5, 7, 8]",67,45,Waldszenen Op 82 Verrufene Stelle D minor.mid,Schumann,2,minor,"[5, 7, 8]_7",0.8171808485742820
100.3333333,<music21.chord.Chord D4 E5 G4 B-3 A2>,"[0, 2, 5, 7, 8]","[2, 4, 7, 9, 10]","[0, 2, 5, 7, 8]",76,45,Waldszenen Op 82 Verrufene Stelle D minor.mid,Schumann,2,minor,"[0, 2, 5, 7, 8]_7",0.8833689098912600
100.375,<music21.chord.Chord D4 E5 B-3 A2>,"[0, 1, 5, 7]","[9, 10, 2, 4]","[7, 8, 0, 2]",76,45,Waldszenen Op 82 Verrufene Stelle D minor.mid,Schumann,2,minor,"[7, 8, 0, 2]_7",0.8833689098912600
100.5,<music21.chord.Chord D4 E5>,"[0, 2]","[2, 4]","[0, 2]",76,62,Waldszenen Op 82 Verrufene Stelle D minor.mid,Schumann,2,minor,"[0, 2]_0",0.8833689098912600
100.625,<music21.chord.Chord C#4 C#5 A3>,"[0, 4]","[9, 1]","[7, 11]",73,57,Waldszenen Op 82 Verrufene Stelle D minor.mid,Schumann,2,minor,"[7, 11]_7",0.8833689098912600
101.125,<music21.chord.Chord G#2>,[0],[8],[6],44,44,Waldszenen Op 82 Verrufene Stelle D minor.mid,Schumann,2,minor,[6]_6,0.8833689098912600
101.3333333,<music21.chord.Chord A2>,[0],[9],[7],45,45,Waldszenen Op 82 Verrufene Stelle D minor.mid,Schumann,2,minor,[7]_7,0.8833689098912600
101.625,<music21.chord.Chord A2>,[0],[9],[7],45,45,Waldszenen Op 82 Verrufene Stelle D minor.mid,Schumann,2,minor,[7]_7,0.8833689098912600
101.875,<music21.chord.Chord C#3>,[0],[1],[11],49,49,Waldszenen Op 82 Verrufene Stelle D minor.mid,Schumann,2,minor,[11]_11,0.8833689098912600
102.125,<music21.chord.Chord B2>,[0],[11],[9],47,47,Waldszenen Op 82 Verrufene Stelle D minor.mid,Schumann,2,minor,[9]_9,0.8833689098912600
102.3333333,<music21.chord.Chord C#4 A2>,"[0, 4]","[9, 1]","[7, 11]",61,45,Waldszenen Op 82 Verrufene Stelle D minor.mid,Schumann,2,minor,"[7, 11]_7",0.8833689098912600
102.4583333,<music21.chord.Chord C#4>,[0],[1],[11],61,61,Waldszenen Op 82 Verrufene Stelle D minor.mid,Schumann,2,minor,[11]_11,0.8833689098912600
102.625,<music21.chord.Chord D4 B-2 A2>,"[0, 1, 5]","[9, 10, 2]","[7, 8, 0]",62,45,Waldszenen Op 82 Verrufene Stelle D minor.mid,Schumann,2,minor,"[7, 8, 0]_7",0.8833689098912600
102.875,<music21.chord.Chord D4 D3 A2>,"[0, 5]","[9, 2]","[7, 0]",62,45,Waldszenen Op 82 Verrufene Stelle D minor.mid,Schumann,2,minor,"[7, 0]_7",0.8833689098912600
103.125,<music21.chord.Chord D4 G3>,"[0, 5]","[2, 7]","[0, 5]",62,55,Waldszenen Op 82 Verrufene Stelle D minor.mid,Schumann,2,minor,"[0, 5]_5",0.8833689098912600
103.3333333,<music21.chord.Chord D4 B-3 G3>,"[0, 3, 7]","[7, 10, 2]","[5, 8, 0]",62,55,Waldszenen Op 82 Verrufene Stelle D minor.mid,Schumann,2,minor,"[5, 8, 0]_5",0.8833689098912600
103.375,<music21.chord.Chord D4 B-3>,"[0, 4]","[10, 2]","[8, 0]",62,58,Waldszenen Op 82 Verrufene Stelle D minor.mid,Schumann,2,minor,"[8, 0]_8",0.8833689098912600
103.5,<music21.chord.Chord G4 B-3>,"[0, 3]","[7, 10]","[5, 8]",67,58,Waldszenen Op 82 Verrufene Stelle D minor.mid,Schumann,2,minor,"[5, 8]_8",0.8833689098912600
103.5833333,<music21.chord.Chord G4>,[0],[7],[5],67,67,Waldszenen Op 82 Verrufene Stelle D minor.mid,Schumann,2,minor,[5]_5,0.8833689098912600
103.625,<music21.chord.Chord B-4 D4>,"[0, 4]","[10, 2]","[8, 0]",70,62,Waldszenen Op 82 Verrufene Stelle D minor.mid,Schumann,2,minor,"[8, 0]_0",0.8833689098912600
103.875,<music21.chord.Chord B-4 B-3>,[0],[10],[8],70,58,Waldszenen Op 82 Verrufene Stelle D minor.mid,Schumann,2,minor,[8]_8,0.8833689098912600
104.125,<music21.chord.Chord B-4 G3>,"[0, 3]","[7, 10]","[5, 8]",70,55,Waldszenen Op 82 Verrufene Stelle D minor.mid,Schumann,2,minor,"[5, 8]_5",0.8833689098912600
104.3333333,<music21.chord.Chord B-4 D3 G3>,"[0, 3, 7]","[7, 10, 2]","[5, 8, 0]",70,50,Waldszenen Op 82 Verrufene Stelle D minor.mid,Schumann,2,minor,"[5, 8, 0]_0",0.8833689098912600
104.375,<music21.chord.Chord B-4 D3>,"[0, 4]","[10, 2]","[8, 0]",70,50,Waldszenen Op 82 Verrufene Stelle D minor.mid,Schumann,2,minor,"[8, 0]_0",0.8833689098912600
104.5,<music21.chord.Chord D3>,[0],[2],[0],50,50,Waldszenen Op 82 Verrufene Stelle D minor.mid,Schumann,2,minor,[0]_0,0.8833689098912600
104.625,<music21.chord.Chord A4 A2 C#3>,"[0, 4]","[9, 1]","[7, 11]",69,45,Waldszenen Op 82 Verrufene Stelle D minor.mid,Schumann,2,minor,"[7, 11]_7",0.8833689098912600
105.125,<music21.chord.Chord A4>,[0],[9],[7],69,69,Waldszenen Op 82 Verrufene Stelle D minor.mid,Schumann,2,minor,[7]_7,0.8833689098912600
105.5,<music21.chord.Chord A2>,[0],[9],[7],45,45,Waldszenen Op 82 Verrufene Stelle D minor.mid,Schumann,2,minor,[7]_7,0.8833689098912600
105.625,<music21.chord.Chord F3>,[0],[5],[3],53,53,Waldszenen Op 82 Verrufene Stelle D minor.mid,Schumann,2,minor,[3]_3,0.8833689098912600
106.5,<music21.chord.Chord A4 D3>,"[0, 5]","[9, 2]","[7, 0]",69,50,Waldszenen Op 82 Verrufene Stelle D minor.mid,Schumann,2,minor,"[7, 0]_0",0.8833689098912600
106.625,<music21.chord.Chord G4 B2>,"[0, 4]","[7, 11]","[5, 9]",67,47,Waldszenen Op 82 Verrufene Stelle D minor.mid,Schumann,2,minor,"[5, 9]_9",0.8833689098912600
107.5,<music21.chord.Chord D4 B-4>,"[0, 4]","[10, 2]","[8, 0]",70,62,Waldszenen Op 82 Verrufene Stelle D minor.mid,Schumann,2,minor,"[8, 0]_0",0.8833689098912600
107.625,<music21.chord.Chord E4 C#3>,"[0, 3]","[1, 4]","[11, 2]",64,49,Waldszenen Op 82 Verrufene Stelle D minor.mid,Schumann,2,minor,"[11, 2]_11",0.8833689098912600
108.625,<music21.chord.Chord D4 F4 D3>,"[0, 3]","[2, 5]","[0, 3]",65,50,Waldszenen Op 82 Verrufene Stelle D minor.mid,Schumann,2,minor,"[0, 3]_0",0.8833689098912600
109.5,<music21.chord.Chord D2>,[0],[2],[0],38,38,Waldszenen Op 82 Verrufene Stelle D minor.mid,Schumann,2,minor,[0]_0,0.8774050166619390
109.625,<music21.chord.Chord D3>,[0],[2],[0],50,50,Waldszenen Op 82 Verrufene Stelle D minor.mid,Schumann,2,minor,[0]_0,0.8774050166619390
110.5,<music21.chord.Chord D5 B-2>,"[0, 4]","[10, 2]","[8, 0]",74,46,Waldszenen Op 82 Verrufene Stelle D minor.mid,Schumann,2,minor,"[8, 0]_8",0.8774050166619390
110.625,<music21.chord.Chord C5 A2>,"[0, 3]","[9, 0]","[7, 10]",72,45,Waldszenen Op 82 Verrufene Stelle D minor.mid,Schumann,2,minor,"[7, 10]_7",0.8774050166619390
111.5,<music21.chord.Chord E-5 G4 C3>,"[0, 3, 7]","[0, 3, 7]","[10, 1, 5]",75,48,Waldszenen Op 82 Verrufene Stelle D minor.mid,Schumann,2,minor,"[10, 1, 5]_10",0.8774050166619390
111.625,<music21.chord.Chord A4 G4 D3>,"[0, 2, 7]","[7, 9, 2]","[5, 7, 0]",69,50,Waldszenen Op 82 Verrufene Stelle D minor.mid,Schumann,2,minor,"[5, 7, 0]_0",0.8774050166619390
112.625,<music21.chord.Chord B-4 E4 G2>,"[0, 3, 6]","[4, 7, 10]","[2, 5, 8]",70,43,Waldszenen Op 82 Verrufene Stelle D minor.mid,Schumann,2,minor,"[2, 5, 8]_5",0.8642908480593190
113.5,<music21.chord.Chord B-4 G4>,"[0, 3]","[7, 10]","[5, 8]",70,67,Waldszenen Op 82 Verrufene Stelle D minor.mid,Schumann,2,minor,"[5, 8]_5",0.9175979602996220
113.625,<music21.chord.Chord B-4>,[0],[10],[8],70,70,Waldszenen Op 82 Verrufene Stelle D minor.mid,Schumann,2,minor,[8]_8,0.9175979602996220
114.5,<music21.chord.Chord F5 B-4 E4 F4>,"[0, 1, 6]","[4, 5, 10]","[2, 3, 8]",77,64,Waldszenen Op 82 Verrufene Stelle D minor.mid,Schumann,2,minor,"[2, 3, 8]_2",0.9175979602996220
114.625,<music21.chord.Chord E5 B-4 E4>,"[0, 6]","[4, 10]","[2, 8]",76,64,Waldszenen Op 82 Verrufene Stelle D minor.mid,Schumann,2,minor,"[2, 8]_2",0.9175979602996220
115.5,<music21.chord.Chord D5 G4 B-4 D4>,"[0, 3, 7]","[7, 10, 2]","[5, 8, 0]",74,62,Waldszenen Op 82 Verrufene Stelle D minor.mid,Schumann,2,minor,"[5, 8, 0]_0",0.9175979602996220
115.625,<music21.chord.Chord G4>,[0],[7],[5],67,67,Waldszenen Op 82 Verrufene Stelle D minor.mid,Schumann,2,minor,[5]_5,0.9175979602996220
116.625,<music21.chord.Chord E5 G4 E4 F4>,"[0, 1, 3]","[4, 5, 7]","[2, 3, 5]",76,64,Waldszenen Op 82 Verrufene Stelle D minor.mid,Schumann,2,minor,"[2, 3, 5]_2",0.9175979602996220
117.5,<music21.chord.Chord D5 F4 A4 D4>,"[0, 3, 7]","[2, 5, 9]","[0, 3, 7]",74,62,Waldszenen Op 82 Verrufene Stelle D minor.mid,Schumann,2,minor,"[0, 3, 7]_0",0.9175979602996220
118.5,<music21.chord.Chord D4>,[0],[2],[0],62,62,Waldszenen Op 82 Verrufene Stelle D minor.mid,Schumann,2,minor,[0]_0,0.9175979602996220
118.625,<music21.chord.Chord G3>,[0],[7],[5],55,55,Waldszenen Op 82 Verrufene Stelle D minor.mid,Schumann,2,minor,[5]_5,0.9175979602996220
119.5,<music21.chord.Chord D4 G4 B-4 A3 B-3>,"[0, 2, 3, 7]","[7, 9, 10, 2]","[5, 7, 8, 0]",70,57,Waldszenen Op 82 Verrufene Stelle D minor.mid,Schumann,2,minor,"[5, 7, 8, 0]_7",0.9175979602996220
119.625,<music21.chord.Chord C#3>,[0],[1],[11],49,49,Waldszenen Op 82 Verrufene Stelle D minor.mid,Schumann,2,minor,[11]_11,0.9175979602996220
120.3333333,<music21.chord.Chord E4 C#3>,"[0, 3]","[1, 4]","[11, 2]",64,49,Waldszenen Op 82 Verrufene Stelle D minor.mid,Schumann,2,minor,"[11, 2]_11",0.9175979602996220
120.4583333,<music21.chord.Chord C#3>,[0],[1],[11],49,49,Waldszenen Op 82 Verrufene Stelle D minor.mid,Schumann,2,minor,[11]_11,0.9175979602996220
120.625,<music21.chord.Chord A4 E4 D3>,"[0, 2, 7]","[2, 4, 9]","[0, 2, 7]",69,50,Waldszenen Op 82 Verrufene Stelle D minor.mid,Schumann,2,minor,"[0, 2, 7]_0",0.9175979602996220
121.5,<music21.chord.Chord A4 D4 D3>,"[0, 5]","[9, 2]","[7, 0]",69,50,Waldszenen Op 82 Verrufene Stelle D minor.mid,Schumann,2,minor,"[7, 0]_0",0.9175979602996220
121.625,<music21.chord.Chord A4 D3>,"[0, 5]","[9, 2]","[7, 0]",69,50,Waldszenen Op 82 Verrufene Stelle D minor.mid,Schumann,2,minor,"[7, 0]_0",0.9175979602996220
122.25,<music21.chord.Chord D3>,[0],[2],[0],50,50,Waldszenen Op 82 Verrufene Stelle D minor.mid,Schumann,2,minor,[0]_0,0.9099789968470160
122.3333333,<music21.chord.Chord E4 D3>,"[0, 2]","[2, 4]","[0, 2]",64,50,Waldszenen Op 82 Verrufene Stelle D minor.mid,Schumann,2,minor,"[0, 2]_0",0.9099789968470160
122.4583333,<music21.chord.Chord D3>,[0],[2],[0],50,50,Waldszenen Op 82 Verrufene Stelle D minor.mid,Schumann,2,minor,[0]_0,0.9099789968470160
122.5,<music21.chord.Chord B-4 D5 F4>,"[0, 4, 7]","[10, 2, 5]","[8, 0, 3]",74,65,Waldszenen Op 82 Verrufene Stelle D minor.mid,Schumann,2,minor,"[8, 0, 3]_3",0.9099789968470160
122.625,<music21.chord.Chord B-4 D5 E4 B-2>,"[0, 4, 6]","[10, 2, 4]","[8, 0, 2]",74,46,Waldszenen Op 82 Verrufene Stelle D minor.mid,Schumann,2,minor,"[8, 0, 2]_8",0.9099789968470160
123.5,<music21.chord.Chord B-4 D5 D4 B-2>,"[0, 4]","[10, 2]","[8, 0]",74,46,Waldszenen Op 82 Verrufene Stelle D minor.mid,Schumann,2,minor,"[8, 0]_8",0.8983128514869130
123.625,<music21.chord.Chord B-4 D5 B-2>,"[0, 4]","[10, 2]","[8, 0]",74,46,Waldszenen Op 82 Verrufene Stelle D minor.mid,Schumann,2,minor,"[8, 0]_8",0.8983128514869130
124.25,<music21.chord.Chord B-2>,[0],[10],[8],46,46,Waldszenen Op 82 Verrufene Stelle D minor.mid,Schumann,2,minor,[8]_8,0.8690422539223480
124.3333333,<music21.chord.Chord E4 B-2>,"[0, 6]","[4, 10]","[2, 8]",64,46,Waldszenen Op 82 Verrufene Stelle D minor.mid,Schumann,2,minor,"[2, 8]_8",0.8690422539223480
124.4583333,<music21.chord.Chord B-2>,[0],[10],[8],46,46,Waldszenen Op 82 Verrufene Stelle D minor.mid,Schumann,2,minor,[8]_8,0.8690422539223480
124.625,<music21.chord.Chord A4 D5 E4 F2>,"[0, 2, 3, 7]","[2, 4, 5, 9]","[0, 2, 3, 7]",74,41,Waldszenen Op 82 Verrufene Stelle D minor.mid,Schumann,2,minor,"[0, 2, 3, 7]_3",0.8690422539223480
125.125,<music21.chord.Chord A4 D5 E4 D3>,"[0, 2, 7]","[2, 4, 9]","[0, 2, 7]",74,50,Waldszenen Op 82 Verrufene Stelle D minor.mid,Schumann,2,minor,"[0, 2, 7]_0",0.8690422539223480
125.25,<music21.chord.Chord A4 D5 E4>,"[0, 2, 7]","[2, 4, 9]","[0, 2, 7]",74,64,Waldszenen Op 82 Verrufene Stelle D minor.mid,Schumann,2,minor,"[0, 2, 7]_2",0.8237833998847810
125.3333333,<music21.chord.Chord A4 D5 E4 E3>,"[0, 2, 7]","[2, 4, 9]","[0, 2, 7]",74,52,Waldszenen Op 82 Verrufene Stelle D minor.mid,Schumann,2,minor,"[0, 2, 7]_2",0.8237833998847810
125.4583333,<music21.chord.Chord A4 D5 E4>,"[0, 2, 7]","[2, 4, 9]","[0, 2, 7]",74,64,Waldszenen Op 82 Verrufene Stelle D minor.mid,Schumann,2,minor,"[0, 2, 7]_2",0.8237833998847810
125.5,<music21.chord.Chord A4 D5 D4>,"[0, 5]","[9, 2]","[7, 0]",74,62,Waldszenen Op 82 Verrufene Stelle D minor.mid,Schumann,2,minor,"[7, 0]_0",0.8237833998847810
125.625,<music21.chord.Chord A4 D5 D4 F3>,"[0, 3, 7]","[2, 5, 9]","[0, 3, 7]",74,53,Waldszenen Op 82 Verrufene Stelle D minor.mid,Schumann,2,minor,"[0, 3, 7]_3",0.8237833998847810
125.75,<music21.chord.Chord A4 D5 D4>,"[0, 5]","[9, 2]","[7, 0]",74,62,Waldszenen Op 82 Verrufene Stelle D minor.mid,Schumann,2,minor,"[7, 0]_0",0.8237833998847810
125.875,<music21.chord.Chord A4 D5 D4 A3>,"[0, 5]","[9, 2]","[7, 0]",74,57,Waldszenen Op 82 Verrufene Stelle D minor.mid,Schumann,2,minor,"[7, 0]_7",0.8237833998847810
126,<music21.chord.Chord D4>,[0],[2],[0],62,62,Waldszenen Op 82 Verrufene Stelle D minor.mid,Schumann,2,minor,[0]_0,0.8237833998847810
126.125,<music21.chord.Chord D4 G3>,"[0, 5]","[2, 7]","[0, 5]",62,55,Waldszenen Op 82 Verrufene Stelle D minor.mid,Schumann,2,minor,"[0, 5]_5",0.8237833998847810
126.25,<music21.chord.Chord D4>,[0],[2],[0],62,62,Waldszenen Op 82 Verrufene Stelle D minor.mid,Schumann,2,minor,[0]_0,0.8207544518747570
126.3333333,<music21.chord.Chord D4 F3>,"[0, 3]","[2, 5]","[0, 3]",62,53,Waldszenen Op 82 Verrufene Stelle D minor.mid,Schumann,2,minor,"[0, 3]_3",0.8207544518747570
126.4583333,<music21.chord.Chord D4>,[0],[2],[0],62,62,Waldszenen Op 82 Verrufene Stelle D minor.mid,Schumann,2,minor,[0]_0,0.8207544518747570
126.625,<music21.chord.Chord D4 G4 B-4 G2>,"[0, 3, 7]","[7, 10, 2]","[5, 8, 0]",70,43,Waldszenen Op 82 Verrufene Stelle D minor.mid,Schumann,2,minor,"[5, 8, 0]_5",0.8207544518747570
127.625,<music21.chord.Chord C#4 E4 A4 A2>,"[0, 4, 7]","[9, 1, 4]","[7, 11, 2]",69,45,Waldszenen Op 82 Verrufene Stelle D minor.mid,Schumann,2,minor,"[7, 11, 2]_7",0.8207544518747570
127.9583333,<music21.chord.Chord C#4 E4 A4>,"[0, 4, 7]","[9, 1, 4]","[7, 11, 2]",69,61,Waldszenen Op 82 Verrufene Stelle D minor.mid,Schumann,2,minor,"[7, 11, 2]_11",0.8207544518747570
128.625,<music21.chord.Chord E3 F3>,"[0, 1]","[4, 5]","[2, 3]",53,52,Waldszenen Op 82 Verrufene Stelle D minor.mid,Schumann,7,minor,"[9, 10]_9",0.8261325698409300
129.5,<music21.chord.Chord D3>,[0],[2],[0],50,50,Waldszenen Op 82 Verrufene Stelle D minor.mid,Schumann,7,minor,[7]_7,0.8261325698409300
129.625,<music21.chord.Chord E-4 F#4 A4 C5 E-5 D2>,"[0, 3, 6, 8, 9]","[6, 9, 0, 2, 3]","[4, 7, 10, 0, 1]",75,38,Waldszenen Op 82 Verrufene Stelle D minor.mid,Schumann,7,minor,"[11, 2, 5, 7, 8]_7",0.8261325698409300
131.125,<music21.chord.Chord E-4 F#4 A4 C5 E-5 G2 D2>,"[0, 1, 3, 6, 8, 9]","[6, 7, 9, 0, 2, 3]","[4, 5, 7, 10, 0, 1]",75,38,Waldszenen Op 82 Verrufene Stelle D minor.mid,Schumann,7,minor,"[11, 0, 2, 5, 7, 8]_7",0.8261325698409300
131.3333333,<music21.chord.Chord A2 E-4 F#4 A4 C5 E-5 G2 D2>,"[0, 1, 3, 6, 8, 9]","[6, 7, 9, 0, 2, 3]","[4, 5, 7, 10, 0, 1]",75,38,Waldszenen Op 82 Verrufene Stelle D minor.mid,Schumann,7,minor,"[11, 0, 2, 5, 7, 8]_7",0.8261325698409300
131.375,<music21.chord.Chord E-4 F#4 A4 C5 E-5 A2 D2>,"[0, 3, 6, 8, 9]","[6, 9, 0, 2, 3]","[4, 7, 10, 0, 1]",75,38,Waldszenen Op 82 Verrufene Stelle D minor.mid,Schumann,7,minor,"[11, 2, 5, 7, 8]_7",0.8261325698409300
131.5,<music21.chord.Chord A2>,[0],[9],[7],45,45,Waldszenen Op 82 Verrufene Stelle D minor.mid,Schumann,7,minor,[2]_2,0.8261325698409300
131.625,<music21.chord.Chord G4 B-4 D5 B-2>,"[0, 3, 7]","[7, 10, 2]","[5, 8, 0]",74,46,Waldszenen Op 82 Verrufene Stelle D minor.mid,Schumann,7,minor,"[0, 3, 7]_3",0.8261325698409300
131.875,<music21.chord.Chord G4 B-4 D5 D3>,"[0, 3, 7]","[7, 10, 2]","[5, 8, 0]",74,50,Waldszenen Op 82 Verrufene Stelle D minor.mid,Schumann,7,minor,"[0, 3, 7]_7",0.8261325698409300
132.125,<music21.chord.Chord G4 B-4 D5 G3>,"[0, 3, 7]","[7, 10, 2]","[5, 8, 0]",74,55,Waldszenen Op 82 Verrufene Stelle D minor.mid,Schumann,7,minor,"[0, 3, 7]_0",0.8261325698409300
132.2916667,<music21.chord.Chord G3>,[0],[7],[5],55,55,Waldszenen Op 82 Verrufene Stelle D minor.mid,Schumann,7,minor,[0]_0,0.8261325698409300
132.3333333,<music21.chord.Chord C#4 B-3 G3>,"[0, 3, 6]","[7, 10, 1]","[5, 8, 11]",61,55,Waldszenen Op 82 Verrufene Stelle D minor.mid,Schumann,7,minor,"[0, 3, 6]_0",0.8261325698409300
132.375,<music21.chord.Chord C#4 B-3>,"[0, 3]","[10, 1]","[8, 11]",61,58,Waldszenen Op 82 Verrufene Stelle D minor.mid,Schumann,7,minor,"[3, 6]_3",0.8261325698409300
132.625,<music21.chord.Chord D4 A3>,"[0, 5]","[9, 2]","[7, 0]",62,57,Waldszenen Op 82 Verrufene Stelle D minor.mid,Schumann,7,minor,"[2, 7]_2",0.8261325698409300
133.625,<music21.chord.Chord F#3 A3 C4 E-4 F#4 D3 D2>,"[0, 3, 6, 8, 9]","[6, 9, 0, 2, 3]","[4, 7, 10, 0, 1]",66,38,Waldszenen Op 82 Verrufene Stelle D minor.mid,Schumann,7,minor,"[11, 2, 5, 7, 8]_7",0.8261325698409300
135.125,<music21.chord.Chord F#3 A3 C4 E-4 F#4 G2 D2>,"[0, 1, 3, 6, 8, 9]","[6, 7, 9, 0, 2, 3]","[4, 5, 7, 10, 0, 1]",66,38,Waldszenen Op 82 Verrufene Stelle D minor.mid,Schumann,7,minor,"[11, 0, 2, 5, 7, 8]_7",0.8261325698409300
135.3333333,<music21.chord.Chord A2 F#3 A3 C4 E-4 F#4 G2 D2>,"[0, 1, 3, 6, 8, 9]","[6, 7, 9, 0, 2, 3]","[4, 5, 7, 10, 0, 1]",66,38,Waldszenen Op 82 Verrufene Stelle D minor.mid,Schumann,7,minor,"[11, 0, 2, 5, 7, 8]_7",0.8261325698409300
135.375,<music21.chord.Chord F#3 A3 C4 E-4 F#4 A2 D2>,"[0, 3, 6, 8, 9]","[6, 9, 0, 2, 3]","[4, 7, 10, 0, 1]",66,38,Waldszenen Op 82 Verrufene Stelle D minor.mid,Schumann,7,minor,"[11, 2, 5, 7, 8]_7",0.8261325698409300
135.5,<music21.chord.Chord A2>,[0],[9],[7],45,45,Waldszenen Op 82 Verrufene Stelle D minor.mid,Schumann,7,minor,[2]_2,0.8261325698409300
135.625,<music21.chord.Chord B-3 E-4 G4 B-2>,"[0, 4, 7]","[3, 7, 10]","[1, 5, 8]",67,46,Waldszenen Op 82 Verrufene Stelle D minor.mid,Schumann,7,minor,"[8, 0, 3]_3",0.8261325698409300
135.875,<music21.chord.Chord B-3 E-4 G4 E-3>,"[0, 4, 7]","[3, 7, 10]","[1, 5, 8]",67,51,Waldszenen Op 82 Verrufene Stelle D minor.mid,Schumann,7,minor,"[8, 0, 3]_8",0.8261325698409300
136.125,<music21.chord.Chord B-3 E-4 G4 G3>,"[0, 4, 7]","[3, 7, 10]","[1, 5, 8]",67,55,Waldszenen Op 82 Verrufene Stelle D minor.mid,Schumann,7,minor,"[8, 0, 3]_0",0.8261325698409300
136.3333333,<music21.chord.Chord A3 B-3 E-4 G4 G3>,"[0, 4, 6, 7]","[3, 7, 9, 10]","[1, 5, 7, 8]",67,55,Waldszenen Op 82 Verrufene Stelle D minor.mid,Schumann,7,minor,"[8, 0, 2, 3]_0",0.8261325698409300
136.375,<music21.chord.Chord B-3 E-4 G4 A3>,"[0, 4, 6, 7]","[3, 7, 9, 10]","[1, 5, 7, 8]",67,57,Waldszenen Op 82 Verrufene Stelle D minor.mid,Schumann,7,minor,"[8, 0, 2, 3]_2",0.8261325698409300
136.5,<music21.chord.Chord A3>,[0],[9],[7],57,57,Waldszenen Op 82 Verrufene Stelle D minor.mid,Schumann,7,minor,[2]_2,0.8261325698409300
136.625,<music21.chord.Chord G3 B-3 C#4 E4 G4 D2 A2>,"[0, 1, 3, 6, 8, 9]","[1, 2, 4, 7, 9, 10]","[11, 0, 2, 5, 7, 8]",67,38,Waldszenen Op 82 Verrufene Stelle D minor.mid,Schumann,7,minor,"[6, 7, 9, 0, 2, 3]_7",0.8261325698409300
137.5,<music21.chord.Chord G3 B-3 C#4 E4 G4 D2 A2>,"[0, 1, 3, 6, 8, 9]","[1, 2, 4, 7, 9, 10]","[11, 0, 2, 5, 7, 8]",67,38,Waldszenen Op 82 Verrufene Stelle D minor.mid,Schumann,7,minor,"[6, 7, 9, 0, 2, 3]_7",0.7954278759095260
137.625,<music21.chord.Chord E4>,[0],[4],[2],64,64,Waldszenen Op 82 Verrufene Stelle D minor.mid,Schumann,7,minor,[9]_9,0.7954278759095260
139.625,<music21.chord.Chord G3 B-3 C#4 E4 G4 D2 A2>,"[0, 1, 3, 6, 8, 9]","[1, 2, 4, 7, 9, 10]","[11, 0, 2, 5, 7, 8]",67,38,Waldszenen Op 82 Verrufene Stelle D minor.mid,Schumann,7,minor,"[6, 7, 9, 0, 2, 3]_7",0.8036612935095720
140.625,<music21.chord.Chord D4 F#4 A3 D2 D3>,"[0, 4, 7]","[2, 6, 9]","[0, 4, 7]",66,38,Waldszenen Op 82 Verrufene Stelle D minor.mid,Schumann,7,minor,"[7, 11, 2]_7",0.8036612935095720
141.5,<music21.chord.Chord D4 D3>,[0],[2],[0],62,50,Waldszenen Op 82 Verrufene Stelle D minor.mid,Schumann,7,minor,[7]_7,0.8036612935095720
141.625,<music21.chord.Chord B-3 D3>,"[0, 4]","[10, 2]","[8, 0]",58,50,Waldszenen Op 82 Verrufene Stelle D minor.mid,Schumann,7,minor,"[3, 7]_7",0.8036612935095720
142.5,<music21.chord.Chord C#4 G4 E3>,"[0, 3, 6]","[1, 4, 7]","[11, 2, 5]",67,52,Waldszenen Op 82 Verrufene Stelle D minor.mid,Schumann,7,minor,"[6, 9, 0]_9",0.8036612935095720
142.625,<music21.chord.Chord D4 F#4 A3 F#3 D3>,"[0, 4, 7]","[2, 6, 9]","[0, 4, 7]",66,50,Waldszenen Op 82 Verrufene Stelle D minor.mid,Schumann,7,minor,"[7, 11, 2]_7",0.8036612935095720
143.5,<music21.chord.Chord D4 D3>,[0],[2],[0],62,50,Waldszenen Op 82 Verrufene Stelle D minor.mid,Schumann,7,minor,[7]_7,0.8036612935095720
143.625,<music21.chord.Chord B-3 D3>,"[0, 4]","[10, 2]","[8, 0]",58,50,Waldszenen Op 82 Verrufene Stelle D minor.mid,Schumann,7,minor,"[3, 7]_7",0.8036612935095720
144.625,<music21.chord.Chord A3 D4 F#4 D3 F#3>,"[0, 4, 7]","[2, 6, 9]","[0, 4, 7]",66,50,Waldszenen Op 82 Verrufene Stelle D minor.mid,Schumann,7,minor,"[7, 11, 2]_7",0.8036612935095720
145.5,<music21.chord.Chord D2>,[0],[2],[0],38,38,Waldszenen Op 82 Verrufene Stelle D minor.mid,Schumann,7,minor,[7]_7,0.8036612935095720
145.625,<music21.chord.Chord G3 B-3 D4 G4 B-2>,"[0, 3, 7]","[7, 10, 2]","[5, 8, 0]",67,46,Waldszenen Op 82 Verrufene Stelle D minor.mid,Schumann,7,minor,"[0, 3, 7]_3",0.8036612935095720
146.5,<music21.chord.Chord G3 B-3 D4 G4 G2>,"[0, 3, 7]","[7, 10, 2]","[5, 8, 0]",67,43,Waldszenen Op 82 Verrufene Stelle D minor.mid,Schumann,7,minor,"[0, 3, 7]_0",0.8036612935095720
146.625,<music21.chord.Chord G3 B-3 D4 G4 E2>,"[0, 2, 5, 8]","[2, 4, 7, 10]","[0, 2, 5, 8]",67,40,Waldszenen Op 82 Verrufene Stelle D minor.mid,Schumann,7,minor,"[7, 9, 0, 3]_9",0.8036612935095720
147.125,<music21.chord.Chord G3 B-3 D4 G4>,"[0, 3, 7]","[7, 10, 2]","[5, 8, 0]",67,55,Waldszenen Op 82 Verrufene Stelle D minor.mid,Schumann,7,minor,"[0, 3, 7]_0",0.8036612935095720
147.625,<music21.chord.Chord G3 C#4 E4 G4 A2>,"[0, 3, 6, 8]","[1, 4, 7, 9]","[11, 2, 5, 7]",67,45,Waldszenen Op 82 Verrufene Stelle D minor.mid,Schumann,7,minor,"[6, 9, 0, 2]_2",0.8036612935095720
147.875,<music21.chord.Chord G3 C#4 E4 G4>,"[0, 3, 6]","[1, 4, 7]","[11, 2, 5]",67,55,Waldszenen Op 82 Verrufene Stelle D minor.mid,Schumann,7,minor,"[6, 9, 0]_0",0.8036612935095720
148.625,<music21.chord.Chord A3 D4 F#4 D2 D3>,"[0, 4, 7]","[2, 6, 9]","[0, 4, 7]",66,38,Waldszenen Op 82 Verrufene Stelle D minor.mid,Schumann,7,minor,"[7, 11, 2]_7",0.793557178743684
148.75,<music21.chord.Chord D2 D3>,[0],[2],[0],50,38,Waldszenen Op 82 Verrufene Stelle D minor.mid,Schumann,7,minor,[7]_7,0.793557178743684
148.875,<music21.chord.Chord A3 D2 D3>,"[0, 5]","[9, 2]","[7, 0]",57,38,Waldszenen Op 82 Verrufene Stelle D minor.mid,Schumann,7,minor,"[2, 7]_7",0.793557178743684
149.125,<music21.chord.Chord B-3 D2 D3>,"[0, 4]","[10, 2]","[8, 0]",58,38,Waldszenen Op 82 Verrufene Stelle D minor.mid,Schumann,7,minor,"[3, 7]_7",0.793557178743684
149.3333333,<music21.chord.Chord G#3 B-3 D2 D3>,"[0, 2, 6]","[8, 10, 2]","[6, 8, 0]",58,38,Waldszenen Op 82 Verrufene Stelle D minor.mid,Schumann,7,minor,"[1, 3, 7]_7",0.791202668481136
149.375,<music21.chord.Chord G#3 D2 D3>,"[0, 6]","[2, 8]","[0, 6]",56,38,Waldszenen Op 82 Verrufene Stelle D minor.mid,Schumann,7,minor,"[1, 7]_7",0.791202668481136
149.5833333,<music21.chord.Chord D2 D3>,[0],[2],[0],50,38,Waldszenen Op 82 Verrufene Stelle D minor.mid,Schumann,7,minor,[7]_7,0.791202668481136
149.625,<music21.chord.Chord A3 D2 D3>,"[0, 5]","[9, 2]","[7, 0]",57,38,Waldszenen Op 82 Verrufene Stelle D minor.mid,Schumann,7,minor,"[2, 7]_7",0.791202668481136
149.875,<music21.chord.Chord D4 D2 D3>,[0],[2],[0],62,38,Waldszenen Op 82 Verrufene Stelle D minor.mid,Schumann,7,minor,[7]_7,0.791202668481136
150.125,<music21.chord.Chord F4 D2 D3>,"[0, 3]","[2, 5]","[0, 3]",65,38,Waldszenen Op 82 Verrufene Stelle D minor.mid,Schumann,7,minor,"[7, 10]_7",0.791202668481136
150.3333333,<music21.chord.Chord G#4 F4 D2 D3>,"[0, 3, 6]","[2, 5, 8]","[0, 3, 6]",68,38,Waldszenen Op 82 Verrufene Stelle D minor.mid,Schumann,7,minor,"[7, 10, 1]_7",0.7570453125694540
150.375,<music21.chord.Chord G#4 D2 D3>,"[0, 6]","[2, 8]","[0, 6]",68,38,Waldszenen Op 82 Verrufene Stelle D minor.mid,Schumann,7,minor,"[1, 7]_7",0.7570453125694540
150.5833333,<music21.chord.Chord D2 D3>,[0],[2],[0],50,38,Waldszenen Op 82 Verrufene Stelle D minor.mid,Schumann,7,minor,[7]_7,0.7570453125694540
150.625,<music21.chord.Chord A4 D2 D3>,"[0, 5]","[9, 2]","[7, 0]",69,38,Waldszenen Op 82 Verrufene Stelle D minor.mid,Schumann,7,minor,"[2, 7]_7",0.7570453125694540
150.875,<music21.chord.Chord D5 D2 D3>,[0],[2],[0],74,38,Waldszenen Op 82 Verrufene Stelle D minor.mid,Schumann,7,minor,[7]_7,0.7570453125694540
151.125,<music21.chord.Chord F5 D2 D3>,"[0, 3]","[2, 5]","[0, 3]",77,38,Waldszenen Op 82 Verrufene Stelle D minor.mid,Schumann,7,minor,"[7, 10]_7",0.7570453125694540
151.3333333,<music21.chord.Chord G#5 F5 D2 D3>,"[0, 3, 6]","[2, 5, 8]","[0, 3, 6]",80,38,Waldszenen Op 82 Verrufene Stelle D minor.mid,Schumann,Ambiguous,Ambiguous,Ambiguous,0.0
151.375,<music21.chord.Chord G#5 D2 D3>,"[0, 6]","[2, 8]","[0, 6]",80,38,Waldszenen Op 82 Verrufene Stelle D minor.mid,Schumann,Ambiguous,Ambiguous,Ambiguous,0.0
151.5833333,<music21.chord.Chord D2 D3>,[0],[2],[0],50,38,Waldszenen Op 82 Verrufene Stelle D minor.mid,Schumann,Ambiguous,Ambiguous,Ambiguous,0.0
151.625,<music21.chord.Chord A5 D2 D3>,"[0, 5]","[9, 2]","[7, 0]",81,38,Waldszenen Op 82 Verrufene Stelle D minor.mid,Schumann,Ambiguous,Ambiguous,Ambiguous,0.0
151.875,<music21.chord.Chord E5 D2 D3>,"[0, 2]","[2, 4]","[0, 2]",76,38,Waldszenen Op 82 Verrufene Stelle D minor.mid,Schumann,Ambiguous,Ambiguous,Ambiguous,0.0
152.125,<music21.chord.Chord F5 D2 D3>,"[0, 3]","[2, 5]","[0, 3]",77,38,Waldszenen Op 82 Verrufene Stelle D minor.mid,Schumann,Ambiguous,Ambiguous,Ambiguous,0.0
152.3333333,<music21.chord.Chord D5 F5 D2 D3>,"[0, 3]","[2, 5]","[0, 3]",77,38,Waldszenen Op 82 Verrufene Stelle D minor.mid,Schumann,Ambiguous,Ambiguous,Ambiguous,0.0
152.375,<music21.chord.Chord D5 D2 D3>,[0],[2],[0],74,38,Waldszenen Op 82 Verrufene Stelle D minor.mid,Schumann,Ambiguous,Ambiguous,Ambiguous,0.0
152.5833333,<music21.chord.Chord D2 D3>,[0],[2],[0],50,38,Waldszenen Op 82 Verrufene Stelle D minor.mid,Schumann,Ambiguous,Ambiguous,Ambiguous,0.0
152.625,<music21.chord.Chord A4 D2 D3>,"[0, 5]","[9, 2]","[7, 0]",69,38,Waldszenen Op 82 Verrufene Stelle D minor.mid,Schumann,Ambiguous,Ambiguous,Ambiguous,0.0
153.125,<music21.chord.Chord D2 D3>,[0],[2],[0],50,38,Waldszenen Op 82 Verrufene Stelle D minor.mid,Schumann,Ambiguous,Ambiguous,Ambiguous,0.0
153.625,<music21.chord.Chord F4 A4 D5 D2 D3>,"[0, 3, 7]","[2, 5, 9]","[0, 3, 7]",74,38,Waldszenen Op 82 Verrufene Stelle D minor.mid,Schumann,Ambiguous,Ambiguous,Ambiguous,0.0
153.875,<music21.chord.Chord D2 D3>,[0],[2],[0],50,38,Waldszenen Op 82 Verrufene Stelle D minor.mid,Schumann,Ambiguous,Ambiguous,Ambiguous,0.0
154.625,<music21.chord.Chord F3 A3 D4 D2 D3>,"[0, 3, 7]","[2, 5, 9]","[0, 3, 7]",62,38,Waldszenen Op 82 Verrufene Stelle D minor.mid,Schumann,Ambiguous,Ambiguous,Ambiguous,0.0
154.875,<music21.chord.Chord D2 D3>,[0],[2],[0],50,38,Waldszenen Op 82 Verrufene Stelle D minor.mid,Schumann,Ambiguous,Ambiguous,Ambiguous,0.0