offset,Chord,NormalForm,PCsinNormalForm,Measure Number,Measure Beat
0.0,<music21.chord.Chord B3>,[0],[11],1,1.0
0.5,<music21.chord.Chord B3>,[0],[11],1,2.0
1.25,<music21.chord.Chord B3>,[0],[11],1,3.50
1.5,<music21.chord.Chord B3>,[0],[11],1,4.0
2.25,<music21.chord.Chord B3>,[0],[11],1,0.50
2.5,<music21.chord.Chord B3>,[0],[11],2,1.0
3.0,<music21.chord.Chord B3>,[0],[11],2,2.0
3.75,<music21.chord.Chord B3>,[0],[11],2,3.50
4.0,<music21.chord.Chord F4 G#4 B3>,"[0, 3, 6]","[5, 8, 11]",2,4.0
4.666666666666670,<music21.chord.Chord F4 G#4>,"[0, 3]","[5, 8]",2,0.333333333333340
4.75,<music21.chord.Chord F4 G#4 B3>,"[0, 3, 6]","[5, 8, 11]",2,0.50
5.0,<music21.chord.Chord F#4 A4 B3>,"[0, 3, 5]","[6, 9, 11]",3,1.0
5.5,<music21.chord.Chord F#4 A4 B3>,"[0, 3, 5]","[6, 9, 11]",3,2.0
6.25,<music21.chord.Chord E4 C#5 B3>,"[0, 2, 5]","[11, 1, 4]",3,3.50
6.5,<music21.chord.Chord E-4 B4 B3>,"[0, 4]","[11, 3]",3,4.0
7.25,<music21.chord.Chord E-4 G4 B3>,"[0, 4, 8]","[3, 7, 11]",3,0.50
7.5,<music21.chord.Chord E4 G#4 B3>,"[0, 4, 7]","[4, 8, 11]",4,1.0
8.0,<music21.chord.Chord G#4 B4 B3>,"[0, 3]","[8, 11]",4,2.0
8.75,<music21.chord.Chord E5 G#5 B3>,"[0, 4, 7]","[4, 8, 11]",4,3.50
9.0,<music21.chord.Chord E-5 F#5 B3>,"[0, 4, 7]","[11, 3, 6]",4,4.0
9.75,<music21.chord.Chord C#5 E5 B3>,"[0, 2, 5]","[11, 1, 4]",4,0.50
10.0,<music21.chord.Chord E-5 B4 B3>,"[0, 4]","[11, 3]",5,1.0
10.125,<music21.chord.Chord E5 B4 B3>,"[0, 5]","[11, 4]",5,1.250
10.25,<music21.chord.Chord B4 B3>,[0],[11],5,1.50
10.333333333333300,<music21.chord.Chord E-5 B4 B3>,"[0, 4]","[11, 3]",5,1.666666666666600
10.458333333333300,<music21.chord.Chord B4 B3>,[0],[11],5,1.916666666666600
10.5,<music21.chord.Chord C#5 A4 B3>,"[0, 2, 4]","[9, 11, 1]",5,2.0
11.25,<music21.chord.Chord E-5 B4 B3>,"[0, 4]","[11, 3]",5,3.50
11.5,<music21.chord.Chord E5 C#5 B3>,"[0, 2, 5]","[11, 1, 4]",5,4.0
12.25,<music21.chord.Chord C#5 A4 B3>,"[0, 2, 4]","[9, 11, 1]",5,0.50
12.5,<music21.chord.Chord G#4 B4 B3 E3>,"[0, 4, 7]","[4, 8, 11]",6,1.0
13.0,<music21.chord.Chord G#4 B4 B3 E3>,"[0, 4, 7]","[4, 8, 11]",6,2.0
13.666666666666700,<music21.chord.Chord G#4 B4 E3>,"[0, 4, 7]","[4, 8, 11]",6,3.333333333333400
13.75,<music21.chord.Chord G#4 B4 E4 E3>,"[0, 4, 7]","[4, 8, 11]",6,3.50
13.875,<music21.chord.Chord E4 E3>,[0],[4],6,3.750
14.0,<music21.chord.Chord E-4 E3>,"[0, 1]","[3, 4]",6,4.0
14.666666666666700,<music21.chord.Chord E3>,[0],[4],6,0.333333333333400
14.75,<music21.chord.Chord D4>,[0],[2],6,0.50
15.0,<music21.chord.Chord F5 B4 C#4 G#4>,"[0, 3, 6, 8]","[5, 8, 11, 1]",7,1.0
15.5,<music21.chord.Chord F#5 C#5 A4 C#4>,"[0, 3, 7]","[6, 9, 1]",7,2.0
16.166666666666700,<music21.chord.Chord C#4>,[0],[1],7,3.333333333333400
16.25,<music21.chord.Chord G#5 D5 B4 C#4>,"[0, 3, 5, 6]","[8, 11, 1, 2]",7,3.50
16.375,<music21.chord.Chord B5 G#5 D5 C#4 B4>,"[0, 3, 5, 6]","[8, 11, 1, 2]",7,3.750
16.5,<music21.chord.Chord A5 F5 C#5 C#4>,"[0, 4, 8]","[1, 5, 9]",7,4.0
17.166666666666700,<music21.chord.Chord F5 C#4>,"[0, 4]","[1, 5]",7,0.333333333333400
17.25,<music21.chord.Chord G#5 F5 B4 C#4>,"[0, 3, 6, 8]","[5, 8, 11, 1]",7,0.50
17.5,<music21.chord.Chord C#5 C#6 G#5 B4 F#4>,"[0, 2, 5, 7]","[6, 8, 11, 1]",8,1.0
18.0,<music21.chord.Chord F#5 C#5 C#6 A4 F#4>,"[0, 3, 7]","[6, 9, 1]",8,2.0
18.666666666666700,<music21.chord.Chord C#5 C#6 F#4>,"[0, 5]","[1, 6]",8,3.333333333333400
18.75,<music21.chord.Chord F5 C#5 C#6 G#4 F#4>,"[0, 4, 5, 7]","[1, 5, 6, 8]",8,3.50
18.875,<music21.chord.Chord F5 G#4 F#4>,"[0, 1, 3]","[5, 6, 8]",8,3.750
19.0,<music21.chord.Chord F#5 A4 F#4>,"[0, 3]","[6, 9]",8,4.0
19.666666666666700,<music21.chord.Chord F#4>,[0],[6],8,0.333333333333400
19.75,<music21.chord.Chord C5 A4 E4>,"[0, 3, 7]","[9, 0, 4]",8,0.50
20.0,<music21.chord.Chord A4 B4 B3 E-4>,"[0, 2, 6]","[9, 11, 3]",9,1.0
20.5,<music21.chord.Chord F5 A4 D4 B3>,"[0, 2, 5, 8]","[9, 11, 2, 5]",9,2.0
21.166666666666700,<music21.chord.Chord A4 B3>,"[0, 2]","[9, 11]",9,3.333333333333400
21.25,<music21.chord.Chord F#5 A4 E-4 B3>,"[0, 3, 6, 8]","[3, 6, 9, 11]",9,3.50
21.375,<music21.chord.Chord F#5 E-4>,"[0, 3]","[3, 6]",9,3.750
21.5,<music21.chord.Chord A5 E-5 C#5 B3>,"[0, 2, 4, 6]","[9, 11, 1, 3]",9,4.0
22.166666666666700,<music21.chord.Chord E-5 B3>,"[0, 4]","[11, 3]",9,0.333333333333400
22.25,<music21.chord.Chord G#5 E-5 B4 B3>,"[0, 3, 7]","[8, 11, 3]",9,0.50
22.5,<music21.chord.Chord F#5 B5 B4 A4 E4>,"[0, 2, 5, 7]","[4, 6, 9, 11]",10,1.0
23.0,<music21.chord.Chord E5 B5 B4 G#4 E4>,"[0, 4, 7]","[4, 8, 11]",10,2.0
23.666666666666700,<music21.chord.Chord B5 B4 E4>,"[0, 5]","[11, 4]",10,3.333333333333400
23.75,<music21.chord.Chord E-5 B5 B4 G4 E4>,"[0, 1, 4, 8]","[3, 4, 7, 11]",10,3.50
23.875,<music21.chord.Chord E-5 B5 G4 E4>,"[0, 1, 4, 8]","[3, 4, 7, 11]",10,3.750
24.0,<music21.chord.Chord B4 B5 E4>,"[0, 5]","[11, 4]",10,4.0
24.5,<music21.chord.Chord B4 B5>,[0],[11],10,0.0
24.666666666666700,<music21.chord.Chord B5>,[0],[11],10,0.333333333333400
24.75,<music21.chord.Chord E5 F4 G#4 B5>,"[0, 1, 4, 7]","[4, 5, 8, 11]",10,0.50
25.0,<music21.chord.Chord F#4 A4 E5 B5 B3>,"[0, 2, 5, 7]","[4, 6, 9, 11]",11,1.0
25.25,<music21.chord.Chord F#4 A4 B3>,"[0, 3, 5]","[6, 9, 11]",11,1.50
25.5,<music21.chord.Chord A4 F#4 B3>,"[0, 3, 5]","[6, 9, 11]",11,2.0
26.25,<music21.chord.Chord C#5 E4 B3>,"[0, 2, 5]","[11, 1, 4]",11,3.50
26.5,<music21.chord.Chord B4 E-4 B3>,"[0, 4]","[11, 3]",11,4.0
27.25,<music21.chord.Chord G4 E-4 B3>,"[0, 4, 8]","[3, 7, 11]",11,0.50
27.5,<music21.chord.Chord E4 G#4 B3>,"[0, 4, 7]","[4, 8, 11]",12,1.0
28.0,<music21.chord.Chord G#4 B4 B3>,"[0, 3]","[8, 11]",12,2.0
28.75,<music21.chord.Chord E5 G#5 B3>,"[0, 4, 7]","[4, 8, 11]",12,3.50
29.0,<music21.chord.Chord E-5 F#5 B3>,"[0, 4, 7]","[11, 3, 6]",12,4.0
29.75,<music21.chord.Chord C#5 E5 B3>,"[0, 2, 5]","[11, 1, 4]",12,0.50
30.0,<music21.chord.Chord E-5 B4 B3>,"[0, 4]","[11, 3]",13,1.0
30.125,<music21.chord.Chord E5 B4 B3>,"[0, 5]","[11, 4]",13,1.250
30.25,<music21.chord.Chord B4 B3>,[0],[11],13,1.50
30.333333333333300,<music21.chord.Chord E-5 B4 B3>,"[0, 4]","[11, 3]",13,1.666666666666600
30.458333333333300,<music21.chord.Chord B4 B3>,[0],[11],13,1.916666666666600
30.5,<music21.chord.Chord C#5 A4 B3>,"[0, 2, 4]","[9, 11, 1]",13,2.0
31.25,<music21.chord.Chord E-5 B4 B3>,"[0, 4]","[11, 3]",13,3.50
31.5,<music21.chord.Chord E5 C#5 B3>,"[0, 2, 5]","[11, 1, 4]",13,4.0
32.25,<music21.chord.Chord C#5 A4 B3>,"[0, 2, 4]","[9, 11, 1]",13,0.50
32.5,<music21.chord.Chord G#4 B4 E3>,"[0, 4, 7]","[4, 8, 11]",14,1.0
33.0,<music21.chord.Chord G#4 B4 B3>,"[0, 3]","[8, 11]",14,2.0
33.666666666666700,<music21.chord.Chord G#4 B4>,"[0, 3]","[8, 11]",14,3.333333333333400
33.75,<music21.chord.Chord G#4 B4 E4>,"[0, 4, 7]","[4, 8, 11]",14,3.50
33.875,<music21.chord.Chord E4>,[0],[4],14,3.750
34.0,<music21.chord.Chord G#4>,[0],[8],14,4.0
34.75,<music21.chord.Chord B4>,[0],[11],14,0.50
35.0,<music21.chord.Chord A5 E5 C5 B-4>,"[0, 1, 3, 7]","[9, 10, 0, 4]",15,1.0
35.5,<music21.chord.Chord G5 E5 C5 B-4>,"[0, 3, 6, 8]","[4, 7, 10, 0]",15,2.0
36.166666666666700,<music21.chord.Chord E5 C5 B-4>,"[0, 2, 6]","[10, 0, 4]",15,3.333333333333400
36.25,<music21.chord.Chord A5 E5 C5 B-4>,"[0, 1, 3, 7]","[9, 10, 0, 4]",15,3.50
36.375,<music21.chord.Chord A5 C5>,"[0, 3]","[9, 0]",15,3.750
36.5,<music21.chord.Chord C6 G5 A4 C5>,"[0, 2, 5]","[7, 9, 0]",15,4.0
37.166666666666700,<music21.chord.Chord C6 C5 A4>,"[0, 3]","[9, 0]",15,0.333333333333400
37.25,<music21.chord.Chord F5 C6 C5 A4>,"[0, 4, 7]","[5, 9, 0]",15,0.50
37.5,<music21.chord.Chord G#5 E-5 B4 A4>,"[0, 1, 3, 7]","[8, 9, 11, 3]",16,1.0
38.0,<music21.chord.Chord F#5 E-5 B4 A4>,"[0, 3, 6, 8]","[3, 6, 9, 11]",16,2.0
38.666666666666700,<music21.chord.Chord E-5 B4 A4>,"[0, 2, 6]","[9, 11, 3]",16,3.333333333333400
38.75,<music21.chord.Chord G#5 E-5 B4 A4>,"[0, 1, 3, 7]","[8, 9, 11, 3]",16,3.50
38.875,<music21.chord.Chord G#5 B4>,"[0, 3]","[8, 11]",16,3.750
39.0,<music21.chord.Chord B5 F#5 G#4 B4>,"[0, 2, 5]","[6, 8, 11]",16,4.0
39.666666666666700,<music21.chord.Chord B5 B4 G#4>,"[0, 3]","[8, 11]",16,0.333333333333400
39.75,<music21.chord.Chord E5 B5 B4 G#4>,"[0, 4, 7]","[4, 8, 11]",16,0.50
40.0,<music21.chord.Chord D5 F5 B4>,"[0, 3, 6]","[11, 2, 5]",17,1.0
40.5,<music21.chord.Chord C#5 F#5 A4>,"[0, 3, 7]","[6, 9, 1]",17,2.0
41.25,<music21.chord.Chord D5 G#5 F4>,"[0, 3, 6]","[2, 5, 8]",17,3.50
41.5,<music21.chord.Chord C#5 A5 F#4>,"[0, 3, 7]","[6, 9, 1]",17,4.0
42.5,<music21.chord.Chord E-5 F#5 A4 B3>,"[0, 3, 6, 8]","[3, 6, 9, 11]",18,1.0
43.0,<music21.chord.Chord E-5 A5 C#5 B3>,"[0, 2, 4, 6]","[9, 11, 1, 3]",18,2.0
43.666666666666700,<music21.chord.Chord B3>,[0],[11],18,3.333333333333400
43.75,<music21.chord.Chord E-5 G#5 B4 B3>,"[0, 3, 7]","[8, 11, 3]",18,3.50
43.875,<music21.chord.Chord E-5 G#5 B4>,"[0, 3, 7]","[8, 11, 3]",18,3.750
44.0,<music21.chord.Chord B4 E5 G#4 E4>,"[0, 4, 7]","[4, 8, 11]",18,4.0
45.0,<music21.chord.Chord F#4 A4 B3>,"[0, 3, 5]","[6, 9, 11]",19,1.0
45.5,<music21.chord.Chord F#4 A4 B3>,"[0, 3, 5]","[6, 9, 11]",19,2.0
46.25,<music21.chord.Chord E4 C#5 B3>,"[0, 2, 5]","[11, 1, 4]",19,3.50
46.5,<music21.chord.Chord E-4 B4 B3>,"[0, 4]","[11, 3]",19,4.0
47.25,<music21.chord.Chord E-4 G4 B3>,"[0, 4, 8]","[3, 7, 11]",19,0.50
47.5,<music21.chord.Chord E4 G#4 B3>,"[0, 4, 7]","[4, 8, 11]",20,1.0
48.0,<music21.chord.Chord G#4 B4 B3>,"[0, 3]","[8, 11]",20,2.0
48.75,<music21.chord.Chord E5 G#5 B3>,"[0, 4, 7]","[4, 8, 11]",20,3.50
49.0,<music21.chord.Chord E-5 F#5 B3>,"[0, 4, 7]","[11, 3, 6]",20,4.0
49.75,<music21.chord.Chord C#5 E5 B3>,"[0, 2, 5]","[11, 1, 4]",20,0.50
50.0,<music21.chord.Chord E-5 B4 B3>,"[0, 4]","[11, 3]",21,1.0
50.125,<music21.chord.Chord E5 B4 B3>,"[0, 5]","[11, 4]",21,1.250
50.25,<music21.chord.Chord B4 B3>,[0],[11],21,1.50
50.333333333333300,<music21.chord.Chord E-5 B4 B3>,"[0, 4]","[11, 3]",21,1.666666666666600
50.458333333333300,<music21.chord.Chord B4 B3>,[0],[11],21,1.916666666666600
50.5,<music21.chord.Chord C#5 A4 B3>,"[0, 2, 4]","[9, 11, 1]",21,2.0
51.25,<music21.chord.Chord E-5 B4 B3>,"[0, 4]","[11, 3]",21,3.50
51.5,<music21.chord.Chord E5 C#5 B3>,"[0, 2, 5]","[11, 1, 4]",21,4.0
52.25,<music21.chord.Chord C#5 A4 B3>,"[0, 2, 4]","[9, 11, 1]",21,0.50
52.5,<music21.chord.Chord G#4 B4 B3 E3>,"[0, 4, 7]","[4, 8, 11]",22,1.0
53.0,<music21.chord.Chord G#4 B4 B3 E3>,"[0, 4, 7]","[4, 8, 11]",22,2.0
53.666666666666700,<music21.chord.Chord G#4 B4 E3>,"[0, 4, 7]","[4, 8, 11]",22,3.333333333333400
53.75,<music21.chord.Chord G#4 B4 E4 E3>,"[0, 4, 7]","[4, 8, 11]",22,3.50
53.875,<music21.chord.Chord E4 E3>,[0],[4],22,3.750
54.0,<music21.chord.Chord E-4 E3>,"[0, 1]","[3, 4]",22,4.0
54.666666666666700,<music21.chord.Chord E3>,[0],[4],22,0.333333333333400
54.75,<music21.chord.Chord D4>,[0],[2],22,0.50
55.0,<music21.chord.Chord F5 B4 C#4 G#4>,"[0, 3, 6, 8]","[5, 8, 11, 1]",23,1.0
55.5,<music21.chord.Chord F#5 C#5 A4 C#4>,"[0, 3, 7]","[6, 9, 1]",23,2.0
56.166666666666700,<music21.chord.Chord C#4>,[0],[1],23,3.333333333333400
56.25,<music21.chord.Chord G#5 D5 B4 C#4>,"[0, 3, 5, 6]","[8, 11, 1, 2]",23,3.50
56.375,<music21.chord.Chord B5 G#5 D5 C#4 B4>,"[0, 3, 5, 6]","[8, 11, 1, 2]",23,3.750
56.5,<music21.chord.Chord A5 F5 C#5 C#4>,"[0, 4, 8]","[1, 5, 9]",23,4.0
57.166666666666700,<music21.chord.Chord F5 C#4>,"[0, 4]","[1, 5]",23,0.333333333333400
57.25,<music21.chord.Chord G#5 F5 B4 C#4>,"[0, 3, 6, 8]","[5, 8, 11, 1]",23,0.50
57.5,<music21.chord.Chord C#5 C#6 G#5 B4 F#4>,"[0, 2, 5, 7]","[6, 8, 11, 1]",24,1.0
58.0,<music21.chord.Chord F#5 C#5 C#6 A4 F#4>,"[0, 3, 7]","[6, 9, 1]",24,2.0
58.666666666666700,<music21.chord.Chord C#5 C#6 F#4>,"[0, 5]","[1, 6]",24,3.333333333333400
58.75,<music21.chord.Chord F5 C#5 C#6 G#4 F#4>,"[0, 4, 5, 7]","[1, 5, 6, 8]",24,3.50
58.875,<music21.chord.Chord F5 G#4 F#4>,"[0, 1, 3]","[5, 6, 8]",24,3.750
59.0,<music21.chord.Chord F#5 A4 F#4>,"[0, 3]","[6, 9]",24,4.0
59.666666666666700,<music21.chord.Chord F#4>,[0],[6],24,0.333333333333400
59.75,<music21.chord.Chord C5 A4 E4>,"[0, 3, 7]","[9, 0, 4]",24,0.50
60.0,<music21.chord.Chord A4 B4 B3 E-4>,"[0, 2, 6]","[9, 11, 3]",25,1.0
60.5,<music21.chord.Chord F5 A4 D4 B3>,"[0, 2, 5, 8]","[9, 11, 2, 5]",25,2.0
61.166666666666700,<music21.chord.Chord A4 B3>,"[0, 2]","[9, 11]",25,3.333333333333400
61.25,<music21.chord.Chord F#5 A4 E-4 B3>,"[0, 3, 6, 8]","[3, 6, 9, 11]",25,3.50
61.375,<music21.chord.Chord F#5 E-4>,"[0, 3]","[3, 6]",25,3.750
61.5,<music21.chord.Chord A5 E-5 C#5 B3>,"[0, 2, 4, 6]","[9, 11, 1, 3]",25,4.0
62.166666666666700,<music21.chord.Chord E-5 B3>,"[0, 4]","[11, 3]",25,0.333333333333400
62.25,<music21.chord.Chord G#5 E-5 B4 B3>,"[0, 3, 7]","[8, 11, 3]",25,0.50
62.5,<music21.chord.Chord F#5 B5 B4 A4 E4>,"[0, 2, 5, 7]","[4, 6, 9, 11]",26,1.0
63.0,<music21.chord.Chord E5 B5 B4 G#4 E4>,"[0, 4, 7]","[4, 8, 11]",26,2.0
63.666666666666700,<music21.chord.Chord B5 B4 E4>,"[0, 5]","[11, 4]",26,3.333333333333400
63.75,<music21.chord.Chord E-5 B5 B4 G4 E4>,"[0, 1, 4, 8]","[3, 4, 7, 11]",26,3.50
63.875,<music21.chord.Chord E-5 B5 G4 E4>,"[0, 1, 4, 8]","[3, 4, 7, 11]",26,3.750
64.0,<music21.chord.Chord B4 B5 E4>,"[0, 5]","[11, 4]",26,4.0
64.5,<music21.chord.Chord B4 B5>,[0],[11],26,0.0
64.66666666666670,<music21.chord.Chord B5>,[0],[11],26,0.33333333333340
64.75,<music21.chord.Chord E5 F4 G#4 B5>,"[0, 1, 4, 7]","[4, 5, 8, 11]",26,0.50
65.0,<music21.chord.Chord F#4 A4 E5 B5 B3>,"[0, 2, 5, 7]","[4, 6, 9, 11]",27,1.0
65.25,<music21.chord.Chord F#4 A4 B3>,"[0, 3, 5]","[6, 9, 11]",27,1.50
65.5,<music21.chord.Chord A4 F#4 B3>,"[0, 3, 5]","[6, 9, 11]",27,2.0
66.25,<music21.chord.Chord C#5 E4 B3>,"[0, 2, 5]","[11, 1, 4]",27,3.50
66.5,<music21.chord.Chord B4 E-4 B3>,"[0, 4]","[11, 3]",27,4.0
67.25,<music21.chord.Chord G4 E-4 B3>,"[0, 4, 8]","[3, 7, 11]",27,0.50
67.5,<music21.chord.Chord E4 G#4 B3>,"[0, 4, 7]","[4, 8, 11]",28,1.0
68.0,<music21.chord.Chord G#4 B4 B3>,"[0, 3]","[8, 11]",28,2.0
68.75,<music21.chord.Chord E5 G#5 B3>,"[0, 4, 7]","[4, 8, 11]",28,3.50
69.0,<music21.chord.Chord E-5 F#5 B3>,"[0, 4, 7]","[11, 3, 6]",28,4.0
69.75,<music21.chord.Chord C#5 E5 B3>,"[0, 2, 5]","[11, 1, 4]",28,0.50
70.0,<music21.chord.Chord E-5 B4 B3>,"[0, 4]","[11, 3]",29,1.0
70.125,<music21.chord.Chord E5 B4 B3>,"[0, 5]","[11, 4]",29,1.250
70.25,<music21.chord.Chord B4 B3>,[0],[11],29,1.50
70.33333333333330,<music21.chord.Chord E-5 B4 B3>,"[0, 4]","[11, 3]",29,1.66666666666660
70.45833333333330,<music21.chord.Chord B4 B3>,[0],[11],29,1.91666666666660
70.5,<music21.chord.Chord C#5 A4 B3>,"[0, 2, 4]","[9, 11, 1]",29,2.0
71.25,<music21.chord.Chord E-5 B4 B3>,"[0, 4]","[11, 3]",29,3.50
71.5,<music21.chord.Chord E5 C#5 B3>,"[0, 2, 5]","[11, 1, 4]",29,4.0
72.25,<music21.chord.Chord C#5 A4 B3>,"[0, 2, 4]","[9, 11, 1]",29,0.50
72.5,<music21.chord.Chord G#4 B4 E3>,"[0, 4, 7]","[4, 8, 11]",30,1.0
73.0,<music21.chord.Chord G#4 B4 B3>,"[0, 3]","[8, 11]",30,2.0
73.66666666666670,<music21.chord.Chord G#4 B4>,"[0, 3]","[8, 11]",30,3.33333333333340
73.75,<music21.chord.Chord G#4 B4 E4>,"[0, 4, 7]","[4, 8, 11]",30,3.50
73.875,<music21.chord.Chord E4>,[0],[4],30,3.750
74.0,<music21.chord.Chord G#4>,[0],[8],30,4.0
74.75,<music21.chord.Chord B4>,[0],[11],30,0.50
75.0,<music21.chord.Chord A5 E5 C5 B-4>,"[0, 1, 3, 7]","[9, 10, 0, 4]",31,1.0
75.5,<music21.chord.Chord G5 E5 C5 B-4>,"[0, 3, 6, 8]","[4, 7, 10, 0]",31,2.0
76.16666666666670,<music21.chord.Chord E5 C5 B-4>,"[0, 2, 6]","[10, 0, 4]",31,3.33333333333340
76.25,<music21.chord.Chord A5 E5 C5 B-4>,"[0, 1, 3, 7]","[9, 10, 0, 4]",31,3.50
76.375,<music21.chord.Chord A5 C5>,"[0, 3]","[9, 0]",31,3.750
76.5,<music21.chord.Chord C6 G5 A4 C5>,"[0, 2, 5]","[7, 9, 0]",31,4.0
77.16666666666670,<music21.chord.Chord C6 C5 A4>,"[0, 3]","[9, 0]",31,0.33333333333340
77.25,<music21.chord.Chord F5 C6 C5 A4>,"[0, 4, 7]","[5, 9, 0]",31,0.50
77.5,<music21.chord.Chord G#5 E-5 B4 A4>,"[0, 1, 3, 7]","[8, 9, 11, 3]",32,1.0
78.0,<music21.chord.Chord F#5 E-5 B4 A4>,"[0, 3, 6, 8]","[3, 6, 9, 11]",32,2.0
78.66666666666670,<music21.chord.Chord E-5 B4 A4>,"[0, 2, 6]","[9, 11, 3]",32,3.33333333333340
78.75,<music21.chord.Chord G#5 E-5 B4 A4>,"[0, 1, 3, 7]","[8, 9, 11, 3]",32,3.50
78.875,<music21.chord.Chord G#5 B4>,"[0, 3]","[8, 11]",32,3.750
79.0,<music21.chord.Chord B5 F#5 G#4 B4>,"[0, 2, 5]","[6, 8, 11]",32,4.0
79.66666666666670,<music21.chord.Chord B5 B4 G#4>,"[0, 3]","[8, 11]",32,0.33333333333340
79.75,<music21.chord.Chord E5 B5 B4 G#4>,"[0, 4, 7]","[4, 8, 11]",32,0.50
80.0,<music21.chord.Chord D5 F5 B4>,"[0, 3, 6]","[11, 2, 5]",33,1.0
80.5,<music21.chord.Chord C#5 F#5 A4>,"[0, 3, 7]","[6, 9, 1]",33,2.0
81.25,<music21.chord.Chord D5 G#5 F4>,"[0, 3, 6]","[2, 5, 8]",33,3.50
81.5,<music21.chord.Chord C#5 A5 F#4>,"[0, 3, 7]","[6, 9, 1]",33,4.0
82.5,<music21.chord.Chord E-5 F#5 A4 B3>,"[0, 3, 6, 8]","[3, 6, 9, 11]",34,1.0
83.0,<music21.chord.Chord E-5 A5 C#5 B3>,"[0, 2, 4, 6]","[9, 11, 1, 3]",34,2.0
83.66666666666670,<music21.chord.Chord B3>,[0],[11],34,3.33333333333340
83.75,<music21.chord.Chord E-5 G#5 B4 B3>,"[0, 3, 7]","[8, 11, 3]",34,3.50
83.875,<music21.chord.Chord E-5 G#5 B4>,"[0, 3, 7]","[8, 11, 3]",34,3.750
84.0,<music21.chord.Chord B4 E5 G#4 E4>,"[0, 4, 7]","[4, 8, 11]",34,4.0
85.0,<music21.chord.Chord B3>,[0],[11],35,1.0
85.125,<music21.chord.Chord C#4>,[0],[1],35,1.250
85.33333333333330,<music21.chord.Chord B3>,[0],[11],35,1.66666666666660
85.5,<music21.chord.Chord E-4 F#4 B4 E-5 B-3>,"[0, 1, 5, 8]","[10, 11, 3, 6]",35,2.0
86.16666666666670,<music21.chord.Chord E-4 F#4 B4 E-5>,"[0, 4, 7]","[11, 3, 6]",35,3.33333333333340
86.25,<music21.chord.Chord E-4 F#4 B4 E-5 G#3>,"[0, 3, 5, 8]","[3, 6, 8, 11]",35,3.50
86.5,<music21.chord.Chord E-4 F#4 B4 E-5 B-3>,"[0, 1, 5, 8]","[10, 11, 3, 6]",35,4.0
87.16666666666670,<music21.chord.Chord E-4 F#4 B4 E-5>,"[0, 4, 7]","[11, 3, 6]",35,0.33333333333340
87.25,<music21.chord.Chord E-4 F#4 B4 E-5 F#3>,"[0, 4, 7]","[11, 3, 6]",35,0.50
87.5,<music21.chord.Chord G#3>,[0],[8],36,1.0
87.66666666666670,<music21.chord.Chord B-3>,[0],[10],36,1.33333333333340
87.875,<music21.chord.Chord G#3>,[0],[8],36,1.750
88.0,<music21.chord.Chord E-4 F#4 B4 E-5 F#3>,"[0, 4, 7]","[11, 3, 6]",36,2.0
88.66666666666670,<music21.chord.Chord E-4 F#4 B4 E-5>,"[0, 4, 7]","[11, 3, 6]",36,3.33333333333340
88.75,<music21.chord.Chord E-4 F#4 B4 E-5 G#3>,"[0, 3, 5, 8]","[3, 6, 8, 11]",36,3.50
89.0,<music21.chord.Chord E-4 F#4 B4 E-5 B-3>,"[0, 1, 5, 8]","[10, 11, 3, 6]",36,4.0
89.66666666666670,<music21.chord.Chord E-4 F#4 B4 E-5>,"[0, 4, 7]","[11, 3, 6]",36,0.33333333333340
89.75,<music21.chord.Chord E-4 F#4 B4 E-5 B3>,"[0, 4, 7]","[11, 3, 6]",36,0.50
90.0,<music21.chord.Chord B-3>,[0],[10],37,1.0
90.125,<music21.chord.Chord B3>,[0],[11],37,1.250
90.33333333333330,<music21.chord.Chord B-3>,[0],[10],37,1.66666666666660
90.5,<music21.chord.Chord E-4 F#4 B4 E-5 G#3>,"[0, 3, 5, 8]","[3, 6, 8, 11]",37,2.0
91.16666666666670,<music21.chord.Chord E-4 F#4 B4 E-5>,"[0, 4, 7]","[11, 3, 6]",37,3.33333333333340
91.25,<music21.chord.Chord E-4 F#4 B4 E-5 F#3>,"[0, 4, 7]","[11, 3, 6]",37,3.50
91.5,<music21.chord.Chord E-4 F#4 B4 E-5 G#3>,"[0, 3, 5, 8]","[3, 6, 8, 11]",37,4.0
92.16666666666670,<music21.chord.Chord E-4 F#4 B4 E-5>,"[0, 4, 7]","[11, 3, 6]",37,0.33333333333340
92.25,<music21.chord.Chord E-4 F#4 B4 E-5 B-3>,"[0, 1, 5, 8]","[10, 11, 3, 6]",37,0.50
92.5,<music21.chord.Chord F#3>,[0],[6],38,1.0
93.0,<music21.chord.Chord D4 F#3>,"[0, 4]","[2, 6]",38,2.0
93.66666666666670,<music21.chord.Chord F#3>,[0],[6],38,3.33333333333340
93.75,<music21.chord.Chord E-4 F#3>,"[0, 3]","[3, 6]",38,3.50
93.875,<music21.chord.Chord E-4>,[0],[3],38,3.750
94.0,<music21.chord.Chord F#4>,[0],[6],38,4.0
94.75,<music21.chord.Chord B4>,[0],[11],38,0.50
95.0,<music21.chord.Chord A4 F#5 E-3>,"[0, 3, 6]","[3, 6, 9]",39,1.0
95.5,<music21.chord.Chord E5 A4 F#4 C4 E-3>,"[0, 1, 3, 6, 9]","[3, 4, 6, 9, 0]",39,2.0
96.0,<music21.chord.Chord E-5 A4 E5 E-3 F#4 C4>,"[0, 1, 3, 6, 9]","[3, 4, 6, 9, 0]",39,3.0
96.125,<music21.chord.Chord F#5 A4 E5 E-3 F#4 C4>,"[0, 1, 3, 6, 9]","[3, 4, 6, 9, 0]",39,3.250
96.16666666666670,<music21.chord.Chord A4 F#5 E-3 F#4 C4>,"[0, 3, 6, 9]","[0, 3, 6, 9]",39,3.33333333333340
96.25,<music21.chord.Chord E-5 A4 E-3 F#4 C4>,"[0, 3, 6, 9]","[0, 3, 6, 9]",39,3.50
96.5,<music21.chord.Chord E5 A4 E-3 C4>,"[0, 3, 6, 7]","[9, 0, 3, 4]",39,4.0
97.16666666666670,<music21.chord.Chord A4 E-3 C4>,"[0, 3, 6]","[9, 0, 3]",39,0.33333333333340
97.25,<music21.chord.Chord E-5 A4 E-3 C4>,"[0, 3, 6]","[9, 0, 3]",39,0.50
97.5,<music21.chord.Chord C5 G#4 E4>,"[0, 4, 8]","[0, 4, 8]",40,1.0
98.0,<music21.chord.Chord C#5 G#4 C#4>,"[0, 5]","[8, 1]",40,2.0
98.66666666666670,<music21.chord.Chord G#4>,[0],[8],40,3.33333333333340
98.75,<music21.chord.Chord E5 G#3>,"[0, 4]","[4, 8]",40,3.50
99.0,<music21.chord.Chord G#5 E3>,"[0, 4]","[4, 8]",40,4.0
99.75,<music21.chord.Chord B5 C#3>,"[0, 2]","[11, 1]",40,0.50
100.0,<music21.chord.Chord B5 E-6 F#2>,"[0, 4, 7]","[11, 3, 6]",41,1.0
100.5,<music21.chord.Chord B-5 C#6 F3>,"[0, 3, 7]","[10, 1, 5]",41,2.0
101.25,<music21.chord.Chord F#5 B-5 F#3>,"[0, 4]","[6, 10]",41,3.50
101.5,<music21.chord.Chord E5 G#5 B-3>,"[0, 4, 6]","[4, 8, 10]",41,4.0
102.25,<music21.chord.Chord D5 F5 F#4>,"[0, 3, 4]","[2, 5, 6]",41,0.50
102.5,<music21.chord.Chord E-5 F#5 B2>,"[0, 4, 7]","[11, 3, 6]",42,1.0
103.0,<music21.chord.Chord E-5 F#5 F3>,"[0, 2, 3]","[3, 5, 6]",42,2.0
103.66666666666700,<music21.chord.Chord E-5 F#5>,"[0, 3]","[3, 6]",42,3.33333333333400
103.75,<music21.chord.Chord E-5 F#5 F#3>,"[0, 3]","[3, 6]",42,3.50
103.875,<music21.chord.Chord E-5 F#5 B-3 F#3>,"[0, 3, 7]","[3, 6, 10]",42,3.750
104.0,<music21.chord.Chord E-5 F#5 G#3>,"[0, 3, 5]","[3, 6, 8]",42,4.0
104.66666666666700,<music21.chord.Chord E-5 F#5>,"[0, 3]","[3, 6]",42,0.33333333333400
104.75,<music21.chord.Chord E-5 F#5 F#3>,"[0, 3]","[3, 6]",42,0.50
105.0,<music21.chord.Chord D4>,[0],[2],43,1.0
105.5,<music21.chord.Chord F#4 B4 D5 F#5 C#4>,"[0, 2, 3, 7]","[11, 1, 2, 6]",43,2.0
106.16666666666700,<music21.chord.Chord F#4 B4 D5 F#5>,"[0, 3, 7]","[11, 2, 6]",43,3.33333333333400
106.25,<music21.chord.Chord F#4 B4 D5 F#5 B3>,"[0, 3, 7]","[11, 2, 6]",43,3.50
106.5,<music21.chord.Chord F#4 B4 D5 F#5 C#4>,"[0, 2, 3, 7]","[11, 1, 2, 6]",43,4.0
107.16666666666700,<music21.chord.Chord F#4 B4 D5 F#5>,"[0, 3, 7]","[11, 2, 6]",43,0.33333333333400
107.25,<music21.chord.Chord F#4 B4 D5 F#5 D4>,"[0, 3, 7]","[11, 2, 6]",43,0.50
107.5,<music21.chord.Chord C#4>,[0],[1],44,1.0
107.66666666666700,<music21.chord.Chord D4>,[0],[2],44,1.33333333333400
107.875,<music21.chord.Chord C#4>,[0],[1],44,1.750
108.0,<music21.chord.Chord F#4 B4 D5 F#5 B3>,"[0, 3, 7]","[11, 2, 6]",44,2.0
108.66666666666700,<music21.chord.Chord F#4 B4 D5 F#5>,"[0, 3, 7]","[11, 2, 6]",44,3.33333333333400
108.75,<music21.chord.Chord F#4 B4 D5 F#5 C#4>,"[0, 2, 3, 7]","[11, 1, 2, 6]",44,3.50
109.0,<music21.chord.Chord F#4 B4 D5 F#5 D4>,"[0, 3, 7]","[11, 2, 6]",44,4.0
109.66666666666700,<music21.chord.Chord F#4 B4 D5 F#5>,"[0, 3, 7]","[11, 2, 6]",44,0.33333333333400
109.75,<music21.chord.Chord F#4 B4 D5 F#5 E4>,"[0, 3, 5, 7]","[11, 2, 4, 6]",44,0.50
110.0,<music21.chord.Chord D4>,[0],[2],45,1.0
110.125,<music21.chord.Chord E-4>,[0],[3],45,1.250
110.33333333333300,<music21.chord.Chord D4>,[0],[2],45,1.66666666666600
110.5,<music21.chord.Chord F#4 B4 D5 F#5 C#4>,"[0, 2, 3, 7]","[11, 1, 2, 6]",45,2.0
111.16666666666700,<music21.chord.Chord F#4 B4 D5 F#5>,"[0, 3, 7]","[11, 2, 6]",45,3.33333333333400
111.25,<music21.chord.Chord F#4 B4 D5 F#5 B3>,"[0, 3, 7]","[11, 2, 6]",45,3.50
111.5,<music21.chord.Chord A5 C#5 E5 B-4 B3>,"[0, 1, 2, 4, 7]","[9, 10, 11, 1, 4]",45,4.0
112.16666666666700,<music21.chord.Chord C#5 E5 B3 B-4>,"[0, 1, 3, 6]","[10, 11, 1, 4]",45,0.33333333333400
112.25,<music21.chord.Chord G5 C#5 E5 B3 B-4>,"[0, 1, 3, 6, 9]","[10, 11, 1, 4, 7]",45,0.50
112.5,<music21.chord.Chord E-5 F#5 B4>,"[0, 4, 7]","[11, 3, 6]",46,1.0
113.0,<music21.chord.Chord E-5 F#5 F4>,"[0, 2, 3]","[3, 5, 6]",46,2.0
113.66666666666700,<music21.chord.Chord E-5 F#5>,"[0, 3]","[3, 6]",46,3.33333333333400
113.75,<music21.chord.Chord E-5 F#5 F#4>,"[0, 3]","[3, 6]",46,3.50
113.875,<music21.chord.Chord A4 F#4>,"[0, 3]","[6, 9]",46,3.750
114.0,<music21.chord.Chord G4>,[0],[7],46,4.0
114.75,<music21.chord.Chord F#4>,[0],[6],46,0.50
115.0,<music21.chord.Chord C5 F#5 A5 E-4>,"[0, 3, 6, 9]","[0, 3, 6, 9]",47,1.0
115.5,<music21.chord.Chord B4 E5 G#5 E4>,"[0, 4, 7]","[4, 8, 11]",47,2.0
116.25,<music21.chord.Chord C#5 E5 G#5 B-3>,"[0, 2, 5, 8]","[8, 10, 1, 4]",47,3.50
116.5,<music21.chord.Chord D5 F#5 B3>,"[0, 3, 7]","[11, 2, 6]",47,4.0
117.25,<music21.chord.Chord F#5 B5 A3>,"[0, 3, 5]","[6, 9, 11]",47,0.50
117.5,<music21.chord.Chord B4 F5 B5 G#3>,"[0, 3, 6]","[5, 8, 11]",48,1.0
118.0,<music21.chord.Chord B4 E5 B5 G3>,"[0, 3, 7]","[4, 7, 11]",48,2.0
118.75,<music21.chord.Chord B4 C#5 B5 F3>,"[0, 2, 6]","[11, 1, 5]",48,3.50
119.0,<music21.chord.Chord B4 D5 B5 F#3>,"[0, 3, 7]","[11, 2, 6]",48,4.0
120.0,<music21.chord.Chord G4 B4 C#5 E4>,"[0, 2, 5, 8]","[11, 1, 4, 7]",49,1.0
120.5,<music21.chord.Chord G4 B4 C#5 E4>,"[0, 2, 5, 8]","[11, 1, 4, 7]",49,2.0
121.25,<music21.chord.Chord G4 B4 E-5 D4>,"[0, 4, 7, 8]","[7, 11, 2, 3]",49,3.50
121.5,<music21.chord.Chord E5 G4 B4 C#4>,"[0, 2, 5, 8]","[11, 1, 4, 7]",49,4.0
122.16666666666700,<music21.chord.Chord G4 B4 C#4>,"[0, 4, 6]","[7, 11, 1]",49,0.33333333333400
122.25,<music21.chord.Chord G#5 G4 B4 C#4>,"[0, 1, 4, 6]","[7, 8, 11, 1]",49,0.50
122.5,<music21.chord.Chord B-4 D5 F#3 E4>,"[0, 2, 4, 8]","[2, 4, 6, 10]",50,1.0
123.0,<music21.chord.Chord B-4 C#5 F#3 E4>,"[0, 3, 6, 8]","[10, 1, 4, 6]",50,2.0
123.75,<music21.chord.Chord B-4 D5 F#3 E4>,"[0, 2, 4, 8]","[2, 4, 6, 10]",50,3.50
124.0,<music21.chord.Chord F#4 B4 B3 D4>,"[0, 3, 7]","[11, 2, 6]",50,4.0
125.0,<music21.chord.Chord B3>,[0],[11],51,1.0
125.125,<music21.chord.Chord C#4>,[0],[1],51,1.250
125.33333333333300,<music21.chord.Chord B3>,[0],[11],51,1.66666666666600
125.5,<music21.chord.Chord E-4 F#4 B4 E-5 B-3>,"[0, 1, 5, 8]","[10, 11, 3, 6]",51,2.0
126.16666666666700,<music21.chord.Chord E-4 F#4 B4 E-5>,"[0, 4, 7]","[11, 3, 6]",51,3.33333333333400
126.25,<music21.chord.Chord E-4 F#4 B4 E-5 G#3>,"[0, 3, 5, 8]","[3, 6, 8, 11]",51,3.50
126.5,<music21.chord.Chord E-4 F#4 B4 E-5 B-3>,"[0, 1, 5, 8]","[10, 11, 3, 6]",51,4.0
127.16666666666700,<music21.chord.Chord E-4 F#4 B4 E-5>,"[0, 4, 7]","[11, 3, 6]",51,0.33333333333400
127.25,<music21.chord.Chord E-4 F#4 B4 E-5 F#3>,"[0, 4, 7]","[11, 3, 6]",51,0.50
127.5,<music21.chord.Chord G#3>,[0],[8],52,1.0
127.66666666666700,<music21.chord.Chord B-3>,[0],[10],52,1.33333333333400
127.875,<music21.chord.Chord G#3>,[0],[8],52,1.750
128.0,<music21.chord.Chord E-4 F#4 B4 E-5 F#3>,"[0, 4, 7]","[11, 3, 6]",52,2.0
128.66666666666700,<music21.chord.Chord E-4 F#4 B4 E-5>,"[0, 4, 7]","[11, 3, 6]",52,3.33333333333400
128.75,<music21.chord.Chord E-4 F#4 B4 E-5 G#3>,"[0, 3, 5, 8]","[3, 6, 8, 11]",52,3.50
129.0,<music21.chord.Chord E-4 F#4 B4 E-5 B-3>,"[0, 1, 5, 8]","[10, 11, 3, 6]",52,4.0
129.66666666666700,<music21.chord.Chord E-4 F#4 B4 E-5>,"[0, 4, 7]","[11, 3, 6]",52,0.33333333333400
129.75,<music21.chord.Chord E-4 F#4 B4 E-5 B3>,"[0, 4, 7]","[11, 3, 6]",52,0.50
130.0,<music21.chord.Chord B-3>,[0],[10],53,1.0
130.125,<music21.chord.Chord B3>,[0],[11],53,1.250
130.33333333333300,<music21.chord.Chord B-3>,[0],[10],53,1.66666666666600
130.5,<music21.chord.Chord E-4 F#4 B4 E-5 G#3>,"[0, 3, 5, 8]","[3, 6, 8, 11]",53,2.0
131.16666666666700,<music21.chord.Chord E-4 F#4 B4 E-5>,"[0, 4, 7]","[11, 3, 6]",53,3.33333333333400
131.25,<music21.chord.Chord E-4 F#4 B4 E-5 F#3>,"[0, 4, 7]","[11, 3, 6]",53,3.50
131.5,<music21.chord.Chord E-4 F#4 B4 E-5 G#3>,"[0, 3, 5, 8]","[3, 6, 8, 11]",53,4.0
132.16666666666700,<music21.chord.Chord E-4 F#4 B4 E-5>,"[0, 4, 7]","[11, 3, 6]",53,0.33333333333400
132.25,<music21.chord.Chord E-4 F#4 B4 E-5 B-3>,"[0, 1, 5, 8]","[10, 11, 3, 6]",53,0.50
132.5,<music21.chord.Chord F#3>,[0],[6],54,1.0
133.0,<music21.chord.Chord D4 F#3>,"[0, 4]","[2, 6]",54,2.0
133.66666666666700,<music21.chord.Chord F#3>,[0],[6],54,3.33333333333400
133.75,<music21.chord.Chord E-4 F#3>,"[0, 3]","[3, 6]",54,3.50
133.875,<music21.chord.Chord E-4>,[0],[3],54,3.750
134.0,<music21.chord.Chord F#4>,[0],[6],54,4.0
134.75,<music21.chord.Chord B4>,[0],[11],54,0.50
135.0,<music21.chord.Chord A4 F#5 E-3>,"[0, 3, 6]","[3, 6, 9]",55,1.0
135.5,<music21.chord.Chord E5 A4 F#4 C4 E-3>,"[0, 1, 3, 6, 9]","[3, 4, 6, 9, 0]",55,2.0
136.0,<music21.chord.Chord E-5 A4 E5 E-3 F#4 C4>,"[0, 1, 3, 6, 9]","[3, 4, 6, 9, 0]",55,3.0
136.125,<music21.chord.Chord F#5 A4 E5 E-3 F#4 C4>,"[0, 1, 3, 6, 9]","[3, 4, 6, 9, 0]",55,3.250
136.16666666666700,<music21.chord.Chord A4 F#5 E-3 F#4 C4>,"[0, 3, 6, 9]","[0, 3, 6, 9]",55,3.33333333333400
136.25,<music21.chord.Chord E-5 A4 E-3 F#4 C4>,"[0, 3, 6, 9]","[0, 3, 6, 9]",55,3.50
136.5,<music21.chord.Chord E5 A4 E-3 C4>,"[0, 3, 6, 7]","[9, 0, 3, 4]",55,4.0
137.16666666666700,<music21.chord.Chord A4 E-3 C4>,"[0, 3, 6]","[9, 0, 3]",55,0.33333333333400
137.25,<music21.chord.Chord E-5 A4 E-3 C4>,"[0, 3, 6]","[9, 0, 3]",55,0.50
137.5,<music21.chord.Chord C5 G#4 E4>,"[0, 4, 8]","[0, 4, 8]",56,1.0
138.0,<music21.chord.Chord C#5 G#4 C#4>,"[0, 5]","[8, 1]",56,2.0
138.66666666666700,<music21.chord.Chord G#4>,[0],[8],56,3.33333333333400
138.75,<music21.chord.Chord E5 G#3>,"[0, 4]","[4, 8]",56,3.50
139.0,<music21.chord.Chord G#5 E3>,"[0, 4]","[4, 8]",56,4.0
139.75,<music21.chord.Chord B5 C#3>,"[0, 2]","[11, 1]",56,0.50
140.0,<music21.chord.Chord B5 E-6 F#2>,"[0, 4, 7]","[11, 3, 6]",57,1.0
140.5,<music21.chord.Chord B-5 C#6 F3>,"[0, 3, 7]","[10, 1, 5]",57,2.0
141.25,<music21.chord.Chord F#5 B-5 F#3>,"[0, 4]","[6, 10]",57,3.50
141.5,<music21.chord.Chord E5 G#5 B-3>,"[0, 4, 6]","[4, 8, 10]",57,4.0
142.25,<music21.chord.Chord D5 F5 F#4>,"[0, 3, 4]","[2, 5, 6]",57,0.50
142.5,<music21.chord.Chord E-5 F#5 B2>,"[0, 4, 7]","[11, 3, 6]",58,1.0
143.0,<music21.chord.Chord E-5 F#5 F3>,"[0, 2, 3]","[3, 5, 6]",58,2.0
143.66666666666700,<music21.chord.Chord E-5 F#5>,"[0, 3]","[3, 6]",58,3.33333333333400
143.75,<music21.chord.Chord E-5 F#5 F#3>,"[0, 3]","[3, 6]",58,3.50
143.875,<music21.chord.Chord E-5 F#5 B-3 F#3>,"[0, 3, 7]","[3, 6, 10]",58,3.750
144.0,<music21.chord.Chord E-5 F#5 G#3>,"[0, 3, 5]","[3, 6, 8]",58,4.0
144.66666666666700,<music21.chord.Chord E-5 F#5>,"[0, 3]","[3, 6]",58,0.33333333333400
144.75,<music21.chord.Chord E-5 F#5 F#3>,"[0, 3]","[3, 6]",58,0.50
145.0,<music21.chord.Chord D4>,[0],[2],59,1.0
145.5,<music21.chord.Chord F#4 B4 D5 F#5 C#4>,"[0, 2, 3, 7]","[11, 1, 2, 6]",59,2.0
146.16666666666700,<music21.chord.Chord F#4 B4 D5 F#5>,"[0, 3, 7]","[11, 2, 6]",59,3.33333333333400
146.25,<music21.chord.Chord F#4 B4 D5 F#5 B3>,"[0, 3, 7]","[11, 2, 6]",59,3.50
146.5,<music21.chord.Chord F#4 B4 D5 F#5 C#4>,"[0, 2, 3, 7]","[11, 1, 2, 6]",59,4.0
147.16666666666700,<music21.chord.Chord F#4 B4 D5 F#5>,"[0, 3, 7]","[11, 2, 6]",59,0.33333333333400
147.25,<music21.chord.Chord F#4 B4 D5 F#5 D4>,"[0, 3, 7]","[11, 2, 6]",59,0.50
147.5,<music21.chord.Chord C#4>,[0],[1],60,1.0
147.66666666666700,<music21.chord.Chord D4>,[0],[2],60,1.33333333333400
147.875,<music21.chord.Chord C#4>,[0],[1],60,1.750
148.0,<music21.chord.Chord F#4 B4 D5 F#5 B3>,"[0, 3, 7]","[11, 2, 6]",60,2.0
148.66666666666700,<music21.chord.Chord F#4 B4 D5 F#5>,"[0, 3, 7]","[11, 2, 6]",60,3.33333333333400
148.75,<music21.chord.Chord F#4 B4 D5 F#5 C#4>,"[0, 2, 3, 7]","[11, 1, 2, 6]",60,3.50
149.0,<music21.chord.Chord F#4 B4 D5 F#5 D4>,"[0, 3, 7]","[11, 2, 6]",60,4.0
149.66666666666700,<music21.chord.Chord F#4 B4 D5 F#5>,"[0, 3, 7]","[11, 2, 6]",60,0.33333333333400
149.75,<music21.chord.Chord F#4 B4 D5 F#5 E4>,"[0, 3, 5, 7]","[11, 2, 4, 6]",60,0.50
150.0,<music21.chord.Chord D4>,[0],[2],61,1.0
150.125,<music21.chord.Chord E-4>,[0],[3],61,1.250
150.33333333333300,<music21.chord.Chord D4>,[0],[2],61,1.66666666666600
150.5,<music21.chord.Chord F#4 B4 D5 F#5 C#4>,"[0, 2, 3, 7]","[11, 1, 2, 6]",61,2.0
151.16666666666700,<music21.chord.Chord F#4 B4 D5 F#5>,"[0, 3, 7]","[11, 2, 6]",61,3.33333333333400
151.25,<music21.chord.Chord F#4 B4 D5 F#5 B3>,"[0, 3, 7]","[11, 2, 6]",61,3.50
151.5,<music21.chord.Chord A5 C#5 E5 B-4 B3>,"[0, 1, 2, 4, 7]","[9, 10, 11, 1, 4]",61,4.0
152.16666666666700,<music21.chord.Chord C#5 E5 B3 B-4>,"[0, 1, 3, 6]","[10, 11, 1, 4]",61,0.33333333333400
152.25,<music21.chord.Chord G5 C#5 E5 B3 B-4>,"[0, 1, 3, 6, 9]","[10, 11, 1, 4, 7]",61,0.50
152.5,<music21.chord.Chord E-5 F#5 B4>,"[0, 4, 7]","[11, 3, 6]",62,1.0
153.0,<music21.chord.Chord E-5 F#5 F4>,"[0, 2, 3]","[3, 5, 6]",62,2.0
153.66666666666700,<music21.chord.Chord E-5 F#5>,"[0, 3]","[3, 6]",62,3.33333333333400
153.75,<music21.chord.Chord E-5 F#5 F#4>,"[0, 3]","[3, 6]",62,3.50
153.875,<music21.chord.Chord A4 F#4>,"[0, 3]","[6, 9]",62,3.750
154.0,<music21.chord.Chord G4>,[0],[7],62,4.0
154.75,<music21.chord.Chord F#4>,[0],[6],62,0.50
155.0,<music21.chord.Chord C5 F#5 A5 E-4>,"[0, 3, 6, 9]","[0, 3, 6, 9]",63,1.0
155.5,<music21.chord.Chord B4 E5 G#5 E4>,"[0, 4, 7]","[4, 8, 11]",63,2.0
156.25,<music21.chord.Chord C#5 E5 G#5 B-3>,"[0, 2, 5, 8]","[8, 10, 1, 4]",63,3.50
156.5,<music21.chord.Chord D5 F#5 B3>,"[0, 3, 7]","[11, 2, 6]",63,4.0
157.25,<music21.chord.Chord F#5 B5 A3>,"[0, 3, 5]","[6, 9, 11]",63,0.50
157.5,<music21.chord.Chord B4 F5 B5 G#3>,"[0, 3, 6]","[5, 8, 11]",64,1.0
158.0,<music21.chord.Chord B4 E5 B5 G3>,"[0, 3, 7]","[4, 7, 11]",64,2.0
158.75,<music21.chord.Chord B4 C#5 B5 F3>,"[0, 2, 6]","[11, 1, 5]",64,3.50
159.0,<music21.chord.Chord B4 D5 B5 F#3>,"[0, 3, 7]","[11, 2, 6]",64,4.0
160.0,<music21.chord.Chord G4 B4 C#5 E4>,"[0, 2, 5, 8]","[11, 1, 4, 7]",65,1.0
160.5,<music21.chord.Chord G4 B4 C#5 E4>,"[0, 2, 5, 8]","[11, 1, 4, 7]",65,2.0
161.25,<music21.chord.Chord G4 B4 E-5 D4>,"[0, 4, 7, 8]","[7, 11, 2, 3]",65,3.50
161.5,<music21.chord.Chord E5 G4 B4 C#4>,"[0, 2, 5, 8]","[11, 1, 4, 7]",65,4.0
162.16666666666700,<music21.chord.Chord G4 B4 C#4>,"[0, 4, 6]","[7, 11, 1]",65,0.33333333333400
162.25,<music21.chord.Chord G#5 G4 B4 C#4>,"[0, 1, 4, 6]","[7, 8, 11, 1]",65,0.50
162.5,<music21.chord.Chord B-4 D5 F#3 E4>,"[0, 2, 4, 8]","[2, 4, 6, 10]",66,1.0
163.0,<music21.chord.Chord B-4 C#5 F#3 E4>,"[0, 3, 6, 8]","[10, 1, 4, 6]",66,2.0
163.75,<music21.chord.Chord B-4 D5 F#3 E4>,"[0, 2, 4, 8]","[2, 4, 6, 10]",66,3.50
164.0,<music21.chord.Chord F#4 B4 B3 D4>,"[0, 3, 7]","[11, 2, 6]",66,4.0
165.0,<music21.chord.Chord F#4 A4 B3>,"[0, 3, 5]","[6, 9, 11]",67,1.0
165.5,<music21.chord.Chord F#4 A4 B3>,"[0, 3, 5]","[6, 9, 11]",67,2.0
166.25,<music21.chord.Chord E4 C#5 B3>,"[0, 2, 5]","[11, 1, 4]",67,3.50
166.5,<music21.chord.Chord E-4 B4 B3>,"[0, 4]","[11, 3]",67,4.0
167.25,<music21.chord.Chord E-4 G4 B3>,"[0, 4, 8]","[3, 7, 11]",67,0.50
167.5,<music21.chord.Chord E4 G#4 B3>,"[0, 4, 7]","[4, 8, 11]",68,1.0
168.0,<music21.chord.Chord G#4 B4 B3>,"[0, 3]","[8, 11]",68,2.0
168.75,<music21.chord.Chord E5 G#5 B3>,"[0, 4, 7]","[4, 8, 11]",68,3.50
169.0,<music21.chord.Chord E-5 F#5 B3>,"[0, 4, 7]","[11, 3, 6]",68,4.0
169.75,<music21.chord.Chord C#5 E5 B3>,"[0, 2, 5]","[11, 1, 4]",68,0.50
170.0,<music21.chord.Chord E-5 B4 B3>,"[0, 4]","[11, 3]",69,1.0
170.125,<music21.chord.Chord E5 B4 B3>,"[0, 5]","[11, 4]",69,1.250
170.25,<music21.chord.Chord B4 B3>,[0],[11],69,1.50
170.33333333333300,<music21.chord.Chord E-5 B4 B3>,"[0, 4]","[11, 3]",69,1.66666666666600
170.45833333333300,<music21.chord.Chord B4 B3>,[0],[11],69,1.91666666666600
170.5,<music21.chord.Chord C#5 A4 B3>,"[0, 2, 4]","[9, 11, 1]",69,2.0
171.25,<music21.chord.Chord E-5 B4 B3>,"[0, 4]","[11, 3]",69,3.50
171.5,<music21.chord.Chord E5 C#5 B3>,"[0, 2, 5]","[11, 1, 4]",69,4.0
172.25,<music21.chord.Chord C#5 A4 B3>,"[0, 2, 4]","[9, 11, 1]",69,0.50
172.5,<music21.chord.Chord G#4 B4 B3 E3>,"[0, 4, 7]","[4, 8, 11]",70,1.0
173.0,<music21.chord.Chord G#4 B4 B3 E3>,"[0, 4, 7]","[4, 8, 11]",70,2.0
173.66666666666700,<music21.chord.Chord G#4 B4 E3>,"[0, 4, 7]","[4, 8, 11]",70,3.33333333333400
173.75,<music21.chord.Chord G#4 B4 E4 E3>,"[0, 4, 7]","[4, 8, 11]",70,3.50
173.875,<music21.chord.Chord E4 E3>,[0],[4],70,3.750
174.0,<music21.chord.Chord E-4 E3>,"[0, 1]","[3, 4]",70,4.0
174.66666666666700,<music21.chord.Chord E3>,[0],[4],70,0.33333333333400
174.75,<music21.chord.Chord D4>,[0],[2],70,0.50
175.0,<music21.chord.Chord F5 B4 C#4 G#4>,"[0, 3, 6, 8]","[5, 8, 11, 1]",71,1.0
175.5,<music21.chord.Chord F#5 C#5 A4 C#4>,"[0, 3, 7]","[6, 9, 1]",71,2.0
176.16666666666700,<music21.chord.Chord C#4>,[0],[1],71,3.33333333333400
176.25,<music21.chord.Chord G#5 D5 B4 C#4>,"[0, 3, 5, 6]","[8, 11, 1, 2]",71,3.50
176.375,<music21.chord.Chord B5 G#5 D5 C#4 B4>,"[0, 3, 5, 6]","[8, 11, 1, 2]",71,3.750
176.5,<music21.chord.Chord A5 F5 C#5 C#4>,"[0, 4, 8]","[1, 5, 9]",71,4.0
177.16666666666700,<music21.chord.Chord F5 C#4>,"[0, 4]","[1, 5]",71,0.33333333333400
177.25,<music21.chord.Chord G#5 F5 B4 C#4>,"[0, 3, 6, 8]","[5, 8, 11, 1]",71,0.50
177.5,<music21.chord.Chord C#5 C#6 G#5 B4 F#4>,"[0, 2, 5, 7]","[6, 8, 11, 1]",72,1.0
178.0,<music21.chord.Chord F#5 C#5 C#6 A4 F#4>,"[0, 3, 7]","[6, 9, 1]",72,2.0
178.66666666666700,<music21.chord.Chord C#5 C#6 F#4>,"[0, 5]","[1, 6]",72,3.33333333333400
178.75,<music21.chord.Chord F5 C#5 C#6 G#4 F#4>,"[0, 4, 5, 7]","[1, 5, 6, 8]",72,3.50
178.875,<music21.chord.Chord F5 G#4 F#4>,"[0, 1, 3]","[5, 6, 8]",72,3.750
179.0,<music21.chord.Chord F#5 A4 F#4>,"[0, 3]","[6, 9]",72,4.0
179.66666666666700,<music21.chord.Chord F#4>,[0],[6],72,0.33333333333400
179.75,<music21.chord.Chord C5 A4 E4>,"[0, 3, 7]","[9, 0, 4]",72,0.50
180.0,<music21.chord.Chord A4 B4 B3 E-4>,"[0, 2, 6]","[9, 11, 3]",73,1.0
180.5,<music21.chord.Chord F5 A4 D4 B3>,"[0, 2, 5, 8]","[9, 11, 2, 5]",73,2.0
181.16666666666700,<music21.chord.Chord A4 B3>,"[0, 2]","[9, 11]",73,3.33333333333400
181.25,<music21.chord.Chord F#5 A4 E-4 B3>,"[0, 3, 6, 8]","[3, 6, 9, 11]",73,3.50
181.375,<music21.chord.Chord F#5 E-4>,"[0, 3]","[3, 6]",73,3.750
181.5,<music21.chord.Chord A5 E-5 C#5 B3>,"[0, 2, 4, 6]","[9, 11, 1, 3]",73,4.0
182.16666666666700,<music21.chord.Chord E-5 B3>,"[0, 4]","[11, 3]",73,0.33333333333400
182.25,<music21.chord.Chord G#5 E-5 B4 B3>,"[0, 3, 7]","[8, 11, 3]",73,0.50
182.5,<music21.chord.Chord F#5 B5 B4 A4 E4>,"[0, 2, 5, 7]","[4, 6, 9, 11]",74,1.0
183.0,<music21.chord.Chord E5 B5 B4 G#4 E4>,"[0, 4, 7]","[4, 8, 11]",74,2.0
183.66666666666700,<music21.chord.Chord B5 B4 E4>,"[0, 5]","[11, 4]",74,3.33333333333400
183.75,<music21.chord.Chord E-5 B5 B4 G4 E4>,"[0, 1, 4, 8]","[3, 4, 7, 11]",74,3.50
183.875,<music21.chord.Chord E-5 B5 G4 E4>,"[0, 1, 4, 8]","[3, 4, 7, 11]",74,3.750
184.0,<music21.chord.Chord B4 B5 E4>,"[0, 5]","[11, 4]",74,4.0
184.5,<music21.chord.Chord B4 B5>,[0],[11],74,0.0
184.66666666666700,<music21.chord.Chord B5>,[0],[11],74,0.33333333333400
184.75,<music21.chord.Chord E5 F4 G#4 B5>,"[0, 1, 4, 7]","[4, 5, 8, 11]",74,0.50
185.0,<music21.chord.Chord F#4 A4 E5 B5 B3>,"[0, 2, 5, 7]","[4, 6, 9, 11]",75,1.0
185.25,<music21.chord.Chord F#4 A4 B3>,"[0, 3, 5]","[6, 9, 11]",75,1.50
185.5,<music21.chord.Chord A4 F#4 B3>,"[0, 3, 5]","[6, 9, 11]",75,2.0
186.25,<music21.chord.Chord C#5 E4 B3>,"[0, 2, 5]","[11, 1, 4]",75,3.50
186.5,<music21.chord.Chord B4 E-4 B3>,"[0, 4]","[11, 3]",75,4.0
187.25,<music21.chord.Chord G4 E-4 B3>,"[0, 4, 8]","[3, 7, 11]",75,0.50
187.5,<music21.chord.Chord E4 G#4 B3>,"[0, 4, 7]","[4, 8, 11]",76,1.0
188.0,<music21.chord.Chord G#4 B4 B3>,"[0, 3]","[8, 11]",76,2.0
188.75,<music21.chord.Chord E5 G#5 B3>,"[0, 4, 7]","[4, 8, 11]",76,3.50
189.0,<music21.chord.Chord E-5 F#5 B3>,"[0, 4, 7]","[11, 3, 6]",76,4.0
189.75,<music21.chord.Chord C#5 E5 B3>,"[0, 2, 5]","[11, 1, 4]",76,0.50
190.0,<music21.chord.Chord E-5 B4 B3>,"[0, 4]","[11, 3]",77,1.0
190.125,<music21.chord.Chord E5 B4 B3>,"[0, 5]","[11, 4]",77,1.250
190.25,<music21.chord.Chord B4 B3>,[0],[11],77,1.50
190.33333333333300,<music21.chord.Chord E-5 B4 B3>,"[0, 4]","[11, 3]",77,1.66666666666600
190.45833333333300,<music21.chord.Chord B4 B3>,[0],[11],77,1.91666666666600
190.5,<music21.chord.Chord C#5 A4 B3>,"[0, 2, 4]","[9, 11, 1]",77,2.0
191.25,<music21.chord.Chord E-5 B4 B3>,"[0, 4]","[11, 3]",77,3.50
191.5,<music21.chord.Chord E5 C#5 B3>,"[0, 2, 5]","[11, 1, 4]",77,4.0
192.25,<music21.chord.Chord C#5 A4 B3>,"[0, 2, 4]","[9, 11, 1]",77,0.50
192.5,<music21.chord.Chord G#4 B4 E3>,"[0, 4, 7]","[4, 8, 11]",78,1.0
193.0,<music21.chord.Chord G#4 B4 B3>,"[0, 3]","[8, 11]",78,2.0
193.66666666666700,<music21.chord.Chord G#4 B4>,"[0, 3]","[8, 11]",78,3.33333333333400
193.75,<music21.chord.Chord G#4 B4 E4>,"[0, 4, 7]","[4, 8, 11]",78,3.50
193.875,<music21.chord.Chord E4>,[0],[4],78,3.750
194.0,<music21.chord.Chord G#4>,[0],[8],78,4.0
194.75,<music21.chord.Chord B4>,[0],[11],78,0.50
195.0,<music21.chord.Chord A5 E5 C5 B-4>,"[0, 1, 3, 7]","[9, 10, 0, 4]",79,1.0
195.5,<music21.chord.Chord G5 E5 C5 B-4>,"[0, 3, 6, 8]","[4, 7, 10, 0]",79,2.0
196.16666666666700,<music21.chord.Chord E5 C5 B-4>,"[0, 2, 6]","[10, 0, 4]",79,3.33333333333400
196.25,<music21.chord.Chord A5 E5 C5 B-4>,"[0, 1, 3, 7]","[9, 10, 0, 4]",79,3.50
196.375,<music21.chord.Chord A5 C5>,"[0, 3]","[9, 0]",79,3.750
196.5,<music21.chord.Chord C6 G5 A4 C5>,"[0, 2, 5]","[7, 9, 0]",79,4.0
197.16666666666700,<music21.chord.Chord C6 C5 A4>,"[0, 3]","[9, 0]",79,0.33333333333400
197.25,<music21.chord.Chord F5 C6 C5 A4>,"[0, 4, 7]","[5, 9, 0]",79,0.50
197.5,<music21.chord.Chord G#5 E-5 B4 A4>,"[0, 1, 3, 7]","[8, 9, 11, 3]",80,1.0
198.0,<music21.chord.Chord F#5 E-5 B4 A4>,"[0, 3, 6, 8]","[3, 6, 9, 11]",80,2.0
198.66666666666700,<music21.chord.Chord E-5 B4 A4>,"[0, 2, 6]","[9, 11, 3]",80,3.33333333333400
198.75,<music21.chord.Chord G#5 E-5 B4 A4>,"[0, 1, 3, 7]","[8, 9, 11, 3]",80,3.50
198.875,<music21.chord.Chord G#5 B4>,"[0, 3]","[8, 11]",80,3.750
199.0,<music21.chord.Chord B5 F#5 G#4 B4>,"[0, 2, 5]","[6, 8, 11]",80,4.0
199.66666666666700,<music21.chord.Chord B5 B4 G#4>,"[0, 3]","[8, 11]",80,0.33333333333400
199.75,<music21.chord.Chord E5 B5 B4 G#4>,"[0, 4, 7]","[4, 8, 11]",80,0.50
200.0,<music21.chord.Chord D5 F5 B4>,"[0, 3, 6]","[11, 2, 5]",81,1.0
200.5,<music21.chord.Chord C#5 F#5 A4>,"[0, 3, 7]","[6, 9, 1]",81,2.0
201.25,<music21.chord.Chord D5 G#5 F4>,"[0, 3, 6]","[2, 5, 8]",81,3.50
201.5,<music21.chord.Chord C#5 A5 F#4>,"[0, 3, 7]","[6, 9, 1]",81,4.0
202.5,<music21.chord.Chord E-5 F#5 A4 B3>,"[0, 3, 6, 8]","[3, 6, 9, 11]",82,1.0
203.0,<music21.chord.Chord E-5 A5 C#5 B3>,"[0, 2, 4, 6]","[9, 11, 1, 3]",82,2.0
203.66666666666700,<music21.chord.Chord B3>,[0],[11],82,3.33333333333400
203.75,<music21.chord.Chord E-5 G#5 B4 B3>,"[0, 3, 7]","[8, 11, 3]",82,3.50
203.875,<music21.chord.Chord E-5 G#5 B4>,"[0, 3, 7]","[8, 11, 3]",82,3.750
204.0,<music21.chord.Chord B4 E5 G#4 E4>,"[0, 4, 7]","[4, 8, 11]",82,4.0
205.0,<music21.chord.Chord E4 G4 C4>,"[0, 4, 7]","[0, 4, 7]",83,1.0
205.5,<music21.chord.Chord D4 G4 B3>,"[0, 4, 7]","[7, 11, 2]",83,2.0
206.25,<music21.chord.Chord E4 G4 C4>,"[0, 4, 7]","[0, 4, 7]",83,3.50
206.5,<music21.chord.Chord D4 G4 B3>,"[0, 4, 7]","[7, 11, 2]",83,4.0
207.25,<music21.chord.Chord F#4 C5 D5 A3>,"[0, 3, 6, 8]","[6, 9, 0, 2]",83,0.50
207.5,<music21.chord.Chord G4 B4 D5 G3>,"[0, 4, 7]","[7, 11, 2]",84,1.0
208.0,<music21.chord.Chord A4 B4 E-5 F#3>,"[0, 3, 6, 8]","[3, 6, 9, 11]",84,2.0
208.75,<music21.chord.Chord G4 B4 E5 E3>,"[0, 3, 7]","[4, 7, 11]",84,3.50
209.0,<music21.chord.Chord B4 F5 G#5 D3>,"[0, 3, 6, 9]","[2, 5, 8, 11]",84,4.0
209.75,<music21.chord.Chord B5 B2>,[0],[11],84,0.50
210.0,<music21.chord.Chord E5 A5 C3>,"[0, 3, 7]","[9, 0, 4]",85,1.0
210.5,<music21.chord.Chord C6 A2>,"[0, 3]","[9, 0]",85,2.0
211.25,<music21.chord.Chord E6 F#2>,"[0, 2]","[4, 6]",85,3.50
211.5,<music21.chord.Chord A5 E-6 B2>,"[0, 2, 6]","[9, 11, 3]",85,4.0
212.25,<music21.chord.Chord B6 B1>,[0],[11],85,0.50
212.5,<music21.chord.Chord G#5 G#6 E2>,"[0, 4]","[4, 8]",86,1.0
213.0,<music21.chord.Chord G#5 G#6 B2>,"[0, 3]","[8, 11]",86,2.0
213.66666666666700,<music21.chord.Chord G#5 G#6>,[0],[8],86,3.33333333333400
213.75,<music21.chord.Chord G#5 G#6 E3>,"[0, 4]","[4, 8]",86,3.50
213.875,<music21.chord.Chord E3>,[0],[4],86,3.750
214.0,<music21.chord.Chord G#3>,[0],[8],86,4.0
214.75,<music21.chord.Chord B3>,[0],[11],86,0.50
215.0,<music21.chord.Chord A4 B4 B3 E-4>,"[0, 2, 6]","[9, 11, 3]",87,1.0
215.5,<music21.chord.Chord C#5 A4 E4 B3>,"[0, 2, 4, 7]","[9, 11, 1, 4]",87,2.0
216.16666666666700,<music21.chord.Chord A4 B3>,"[0, 2]","[9, 11]",87,3.33333333333400
216.25,<music21.chord.Chord E-5 A4 F#4 B3>,"[0, 3, 6, 8]","[3, 6, 9, 11]",87,3.50
216.375,<music21.chord.Chord E-5 B3 F#4>,"[0, 4, 7]","[11, 3, 6]",87,3.750
216.5,<music21.chord.Chord B4 A4 E-4 B3>,"[0, 2, 6]","[9, 11, 3]",87,4.0
217.16666666666700,<music21.chord.Chord A4 B3>,"[0, 2]","[9, 11]",87,0.33333333333400
217.25,<music21.chord.Chord G#5 A4 B3>,"[0, 1, 3]","[8, 9, 11]",87,0.50
217.5,<music21.chord.Chord B4 E5 E4 G#4>,"[0, 4, 7]","[4, 8, 11]",88,1.0
218.0,<music21.chord.Chord B4 E5 E-4 G#4>,"[0, 1, 5, 8]","[3, 4, 8, 11]",88,2.0
218.66666666666700,<music21.chord.Chord B4 E5 G#4>,"[0, 4, 7]","[4, 8, 11]",88,3.33333333333400
218.75,<music21.chord.Chord B4 E5 D4 G#4>,"[0, 3, 6, 8]","[8, 11, 2, 4]",88,3.50
218.875,<music21.chord.Chord D4>,[0],[2],88,3.750
219.0,<music21.chord.Chord C#4>,[0],[1],88,4.0
219.75,<music21.chord.Chord C4>,[0],[0],88,0.50
220.0,<music21.chord.Chord A3 B3 B2 E-3>,"[0, 2, 6]","[9, 11, 3]",89,1.0
220.5,<music21.chord.Chord C#4 A3 E3 B2>,"[0, 2, 4, 7]","[9, 11, 1, 4]",89,2.0
221.16666666666700,<music21.chord.Chord A3 B2>,"[0, 2]","[9, 11]",89,3.33333333333400
221.25,<music21.chord.Chord E-4 A3 F#3 B2>,"[0, 3, 6, 8]","[3, 6, 9, 11]",89,3.50
221.375,<music21.chord.Chord E-4 B2 F#3>,"[0, 4, 7]","[11, 3, 6]",89,3.750
221.5,<music21.chord.Chord B3 A3 E-3 B2>,"[0, 2, 6]","[9, 11, 3]",89,4.0
222.16666666666700,<music21.chord.Chord A3 B2>,"[0, 2]","[9, 11]",89,0.33333333333400
222.25,<music21.chord.Chord G#4 A3 B2>,"[0, 1, 3]","[8, 9, 11]",89,0.50
222.5,<music21.chord.Chord B3 E4 E3 G#3>,"[0, 4, 7]","[4, 8, 11]",90,1.0
223.0,<music21.chord.Chord E5 G#5 E6 E2 E3>,"[0, 4]","[4, 8]",90,2.0
225.0,<music21.chord.Chord F#4 A4 B3>,"[0, 3, 5]","[6, 9, 11]",91,1.0
225.5,<music21.chord.Chord F#4 A4 B3>,"[0, 3, 5]","[6, 9, 11]",91,2.0
226.25,<music21.chord.Chord E4 C#5 B3>,"[0, 2, 5]","[11, 1, 4]",91,3.50
226.5,<music21.chord.Chord E-4 B4 B3>,"[0, 4]","[11, 3]",91,4.0
227.25,<music21.chord.Chord E-4 G4 B3>,"[0, 4, 8]","[3, 7, 11]",91,0.50
227.5,<music21.chord.Chord E4 G#4 B3>,"[0, 4, 7]","[4, 8, 11]",92,1.0
228.0,<music21.chord.Chord G#4 B4 B3>,"[0, 3]","[8, 11]",92,2.0
228.75,<music21.chord.Chord E5 G#5 B3>,"[0, 4, 7]","[4, 8, 11]",92,3.50
229.0,<music21.chord.Chord E-5 F#5 B3>,"[0, 4, 7]","[11, 3, 6]",92,4.0
229.75,<music21.chord.Chord C#5 E5 B3>,"[0, 2, 5]","[11, 1, 4]",92,0.50
230.0,<music21.chord.Chord E-5 B4 B3>,"[0, 4]","[11, 3]",93,1.0
230.125,<music21.chord.Chord E5 B4 B3>,"[0, 5]","[11, 4]",93,1.250
230.25,<music21.chord.Chord B4 B3>,[0],[11],93,1.50
230.33333333333300,<music21.chord.Chord E-5 B4 B3>,"[0, 4]","[11, 3]",93,1.66666666666600
230.45833333333300,<music21.chord.Chord B4 B3>,[0],[11],93,1.91666666666600
230.5,<music21.chord.Chord C#5 A4 B3>,"[0, 2, 4]","[9, 11, 1]",93,2.0
231.25,<music21.chord.Chord E-5 B4 B3>,"[0, 4]","[11, 3]",93,3.50
231.5,<music21.chord.Chord E5 C#5 B3>,"[0, 2, 5]","[11, 1, 4]",93,4.0
232.25,<music21.chord.Chord C#5 A4 B3>,"[0, 2, 4]","[9, 11, 1]",93,0.50
232.5,<music21.chord.Chord G#4 B4 B3 E3>,"[0, 4, 7]","[4, 8, 11]",94,1.0
233.0,<music21.chord.Chord G#4 B4 B3 E3>,"[0, 4, 7]","[4, 8, 11]",94,2.0
233.66666666666700,<music21.chord.Chord G#4 B4 E3>,"[0, 4, 7]","[4, 8, 11]",94,3.33333333333400
233.75,<music21.chord.Chord G#4 B4 E4 E3>,"[0, 4, 7]","[4, 8, 11]",94,3.50
233.875,<music21.chord.Chord E4 E3>,[0],[4],94,3.750
234.0,<music21.chord.Chord E-4 E3>,"[0, 1]","[3, 4]",94,4.0
234.66666666666700,<music21.chord.Chord E3>,[0],[4],94,0.33333333333400
234.75,<music21.chord.Chord D4>,[0],[2],94,0.50
235.0,<music21.chord.Chord F5 B4 C#4 G#4>,"[0, 3, 6, 8]","[5, 8, 11, 1]",95,1.0
235.5,<music21.chord.Chord F#5 C#5 A4 C#4>,"[0, 3, 7]","[6, 9, 1]",95,2.0
236.16666666666700,<music21.chord.Chord C#4>,[0],[1],95,3.33333333333400
236.25,<music21.chord.Chord G#5 D5 B4 C#4>,"[0, 3, 5, 6]","[8, 11, 1, 2]",95,3.50
236.375,<music21.chord.Chord B5 G#5 D5 C#4 B4>,"[0, 3, 5, 6]","[8, 11, 1, 2]",95,3.750
236.5,<music21.chord.Chord A5 F5 C#5 C#4>,"[0, 4, 8]","[1, 5, 9]",95,4.0
237.16666666666700,<music21.chord.Chord F5 C#4>,"[0, 4]","[1, 5]",95,0.33333333333400
237.25,<music21.chord.Chord G#5 F5 B4 C#4>,"[0, 3, 6, 8]","[5, 8, 11, 1]",95,0.50
237.5,<music21.chord.Chord C#5 C#6 G#5 B4 F#4>,"[0, 2, 5, 7]","[6, 8, 11, 1]",96,1.0
238.0,<music21.chord.Chord F#5 C#5 C#6 A4 F#4>,"[0, 3, 7]","[6, 9, 1]",96,2.0
238.66666666666700,<music21.chord.Chord C#5 C#6 F#4>,"[0, 5]","[1, 6]",96,3.33333333333400
238.75,<music21.chord.Chord F5 C#5 C#6 G#4 F#4>,"[0, 4, 5, 7]","[1, 5, 6, 8]",96,3.50
238.875,<music21.chord.Chord F5 G#4 F#4>,"[0, 1, 3]","[5, 6, 8]",96,3.750
239.0,<music21.chord.Chord F#5 A4 F#4>,"[0, 3]","[6, 9]",96,4.0
239.66666666666700,<music21.chord.Chord F#4>,[0],[6],96,0.33333333333400
239.75,<music21.chord.Chord C5 A4 E4>,"[0, 3, 7]","[9, 0, 4]",96,0.50
240.0,<music21.chord.Chord A4 B4 B3 E-4>,"[0, 2, 6]","[9, 11, 3]",97,1.0
240.5,<music21.chord.Chord F5 A4 D4 B3>,"[0, 2, 5, 8]","[9, 11, 2, 5]",97,2.0
241.16666666666700,<music21.chord.Chord A4 B3>,"[0, 2]","[9, 11]",97,3.33333333333400
241.25,<music21.chord.Chord F#5 A4 E-4 B3>,"[0, 3, 6, 8]","[3, 6, 9, 11]",97,3.50
241.375,<music21.chord.Chord F#5 E-4>,"[0, 3]","[3, 6]",97,3.750
241.5,<music21.chord.Chord A5 E-5 C#5 B3>,"[0, 2, 4, 6]","[9, 11, 1, 3]",97,4.0
242.16666666666700,<music21.chord.Chord E-5 B3>,"[0, 4]","[11, 3]",97,0.33333333333400
242.25,<music21.chord.Chord G#5 E-5 B4 B3>,"[0, 3, 7]","[8, 11, 3]",97,0.50
242.5,<music21.chord.Chord F#5 B5 B4 A4 E4>,"[0, 2, 5, 7]","[4, 6, 9, 11]",98,1.0
243.0,<music21.chord.Chord E5 B5 B4 G#4 E4>,"[0, 4, 7]","[4, 8, 11]",98,2.0
243.66666666666700,<music21.chord.Chord B5 B4 E4>,"[0, 5]","[11, 4]",98,3.33333333333400
243.75,<music21.chord.Chord E-5 B5 B4 G4 E4>,"[0, 1, 4, 8]","[3, 4, 7, 11]",98,3.50
243.875,<music21.chord.Chord E-5 B5 G4 E4>,"[0, 1, 4, 8]","[3, 4, 7, 11]",98,3.750
244.0,<music21.chord.Chord B4 B5 E4>,"[0, 5]","[11, 4]",98,4.0
244.5,<music21.chord.Chord B4 B5>,[0],[11],98,0.0
244.66666666666700,<music21.chord.Chord B5>,[0],[11],98,0.33333333333400
244.75,<music21.chord.Chord E5 F4 G#4 B5>,"[0, 1, 4, 7]","[4, 5, 8, 11]",98,0.50
245.0,<music21.chord.Chord F#4 A4 E5 B5 B3>,"[0, 2, 5, 7]","[4, 6, 9, 11]",99,1.0
245.25,<music21.chord.Chord F#4 A4 B3>,"[0, 3, 5]","[6, 9, 11]",99,1.50
245.5,<music21.chord.Chord A4 F#4 B3>,"[0, 3, 5]","[6, 9, 11]",99,2.0
246.25,<music21.chord.Chord C#5 E4 B3>,"[0, 2, 5]","[11, 1, 4]",99,3.50
246.5,<music21.chord.Chord B4 E-4 B3>,"[0, 4]","[11, 3]",99,4.0
247.25,<music21.chord.Chord G4 E-4 B3>,"[0, 4, 8]","[3, 7, 11]",99,0.50
247.5,<music21.chord.Chord E4 G#4 B3>,"[0, 4, 7]","[4, 8, 11]",100,1.0
248.0,<music21.chord.Chord G#4 B4 B3>,"[0, 3]","[8, 11]",100,2.0
248.75,<music21.chord.Chord E5 G#5 B3>,"[0, 4, 7]","[4, 8, 11]",100,3.50
249.0,<music21.chord.Chord E-5 F#5 B3>,"[0, 4, 7]","[11, 3, 6]",100,4.0
249.75,<music21.chord.Chord C#5 E5 B3>,"[0, 2, 5]","[11, 1, 4]",100,0.50
250.0,<music21.chord.Chord E-5 B4 B3>,"[0, 4]","[11, 3]",101,1.0
250.125,<music21.chord.Chord E5 B4 B3>,"[0, 5]","[11, 4]",101,1.250
250.25,<music21.chord.Chord B4 B3>,[0],[11],101,1.50
250.33333333333300,<music21.chord.Chord E-5 B4 B3>,"[0, 4]","[11, 3]",101,1.66666666666600
250.45833333333300,<music21.chord.Chord B4 B3>,[0],[11],101,1.91666666666600
250.5,<music21.chord.Chord C#5 A4 B3>,"[0, 2, 4]","[9, 11, 1]",101,2.0
251.25,<music21.chord.Chord E-5 B4 B3>,"[0, 4]","[11, 3]",101,3.50
251.5,<music21.chord.Chord E5 C#5 B3>,"[0, 2, 5]","[11, 1, 4]",101,4.0
252.25,<music21.chord.Chord C#5 A4 B3>,"[0, 2, 4]","[9, 11, 1]",101,0.50
252.5,<music21.chord.Chord G#4 B4 E3>,"[0, 4, 7]","[4, 8, 11]",102,1.0
253.0,<music21.chord.Chord G#4 B4 B3>,"[0, 3]","[8, 11]",102,2.0
253.66666666666700,<music21.chord.Chord G#4 B4>,"[0, 3]","[8, 11]",102,3.33333333333400
253.75,<music21.chord.Chord G#4 B4 E4>,"[0, 4, 7]","[4, 8, 11]",102,3.50
253.875,<music21.chord.Chord E4>,[0],[4],102,3.750
254.0,<music21.chord.Chord G#4>,[0],[8],102,4.0
254.75,<music21.chord.Chord B4>,[0],[11],102,0.50
255.0,<music21.chord.Chord A5 E5 C5 B-4>,"[0, 1, 3, 7]","[9, 10, 0, 4]",103,1.0
255.5,<music21.chord.Chord G5 E5 C5 B-4>,"[0, 3, 6, 8]","[4, 7, 10, 0]",103,2.0
256.1666666666670,<music21.chord.Chord E5 C5 B-4>,"[0, 2, 6]","[10, 0, 4]",103,3.3333333333340
256.25,<music21.chord.Chord A5 E5 C5 B-4>,"[0, 1, 3, 7]","[9, 10, 0, 4]",103,3.50
256.375,<music21.chord.Chord A5 C5>,"[0, 3]","[9, 0]",103,3.750
256.5,<music21.chord.Chord C6 G5 A4 C5>,"[0, 2, 5]","[7, 9, 0]",103,4.0
257.1666666666670,<music21.chord.Chord C6 C5 A4>,"[0, 3]","[9, 0]",103,0.3333333333340
257.25,<music21.chord.Chord F5 C6 C5 A4>,"[0, 4, 7]","[5, 9, 0]",103,0.50
257.5,<music21.chord.Chord G#5 E-5 B4 A4>,"[0, 1, 3, 7]","[8, 9, 11, 3]",104,1.0
258.0,<music21.chord.Chord F#5 E-5 B4 A4>,"[0, 3, 6, 8]","[3, 6, 9, 11]",104,2.0
258.6666666666670,<music21.chord.Chord E-5 B4 A4>,"[0, 2, 6]","[9, 11, 3]",104,3.3333333333340
258.75,<music21.chord.Chord G#5 E-5 B4 A4>,"[0, 1, 3, 7]","[8, 9, 11, 3]",104,3.50
258.875,<music21.chord.Chord G#5 B4>,"[0, 3]","[8, 11]",104,3.750
259.0,<music21.chord.Chord B5 F#5 G#4 B4>,"[0, 2, 5]","[6, 8, 11]",104,4.0
259.6666666666670,<music21.chord.Chord B5 B4 G#4>,"[0, 3]","[8, 11]",104,0.3333333333340
259.75,<music21.chord.Chord E5 B5 B4 G#4>,"[0, 4, 7]","[4, 8, 11]",104,0.50
260.0,<music21.chord.Chord D5 F5 B4>,"[0, 3, 6]","[11, 2, 5]",105,1.0
260.5,<music21.chord.Chord C#5 F#5 A4>,"[0, 3, 7]","[6, 9, 1]",105,2.0
261.25,<music21.chord.Chord D5 G#5 F4>,"[0, 3, 6]","[2, 5, 8]",105,3.50
261.5,<music21.chord.Chord C#5 A5 F#4>,"[0, 3, 7]","[6, 9, 1]",105,4.0
262.5,<music21.chord.Chord E-5 F#5 A4 B3>,"[0, 3, 6, 8]","[3, 6, 9, 11]",106,1.0
263.0,<music21.chord.Chord E-5 A5 C#5 B3>,"[0, 2, 4, 6]","[9, 11, 1, 3]",106,2.0
263.6666666666670,<music21.chord.Chord B3>,[0],[11],106,3.3333333333340
263.75,<music21.chord.Chord E-5 G#5 B4 B3>,"[0, 3, 7]","[8, 11, 3]",106,3.50
263.875,<music21.chord.Chord E-5 G#5 B4>,"[0, 3, 7]","[8, 11, 3]",106,3.750
264.0,<music21.chord.Chord B4 E5 G#4 E4>,"[0, 4, 7]","[4, 8, 11]",106,4.0
265.0,<music21.chord.Chord E4 G4 C4>,"[0, 4, 7]","[0, 4, 7]",107,1.0
265.5,<music21.chord.Chord D4 G4 B3>,"[0, 4, 7]","[7, 11, 2]",107,2.0
266.25,<music21.chord.Chord E4 G4 C4>,"[0, 4, 7]","[0, 4, 7]",107,3.50
266.5,<music21.chord.Chord D4 G4 B3>,"[0, 4, 7]","[7, 11, 2]",107,4.0
267.25,<music21.chord.Chord F#4 C5 D5 A3>,"[0, 3, 6, 8]","[6, 9, 0, 2]",107,0.50
267.5,<music21.chord.Chord G4 B4 D5 G3>,"[0, 4, 7]","[7, 11, 2]",108,1.0
268.0,<music21.chord.Chord A4 B4 E-5 F#3>,"[0, 3, 6, 8]","[3, 6, 9, 11]",108,2.0
268.75,<music21.chord.Chord G4 B4 E5 E3>,"[0, 3, 7]","[4, 7, 11]",108,3.50
269.0,<music21.chord.Chord B4 F5 G#5 D3>,"[0, 3, 6, 9]","[2, 5, 8, 11]",108,4.0
269.75,<music21.chord.Chord B5 B2>,[0],[11],108,0.50
270.0,<music21.chord.Chord E5 A5 C3>,"[0, 3, 7]","[9, 0, 4]",109,1.0
270.5,<music21.chord.Chord C6 A2>,"[0, 3]","[9, 0]",109,2.0
271.25,<music21.chord.Chord E6 F#2>,"[0, 2]","[4, 6]",109,3.50
271.5,<music21.chord.Chord A5 E-6 B2>,"[0, 2, 6]","[9, 11, 3]",109,4.0
272.25,<music21.chord.Chord B6 B1>,[0],[11],109,0.50
272.5,<music21.chord.Chord G#5 G#6 E2>,"[0, 4]","[4, 8]",110,1.0
273.0,<music21.chord.Chord G#5 G#6 B2>,"[0, 3]","[8, 11]",110,2.0
273.6666666666670,<music21.chord.Chord G#5 G#6>,[0],[8],110,3.3333333333340
273.75,<music21.chord.Chord G#5 G#6 E3>,"[0, 4]","[4, 8]",110,3.50
273.875,<music21.chord.Chord E3>,[0],[4],110,3.750
274.0,<music21.chord.Chord G#3>,[0],[8],110,4.0
274.75,<music21.chord.Chord B3>,[0],[11],110,0.50
275.0,<music21.chord.Chord A4 B4 B3 E-4>,"[0, 2, 6]","[9, 11, 3]",111,1.0
275.5,<music21.chord.Chord C#5 A4 E4 B3>,"[0, 2, 4, 7]","[9, 11, 1, 4]",111,2.0
276.1666666666670,<music21.chord.Chord A4 B3>,"[0, 2]","[9, 11]",111,3.3333333333340
276.25,<music21.chord.Chord E-5 A4 F#4 B3>,"[0, 3, 6, 8]","[3, 6, 9, 11]",111,3.50
276.375,<music21.chord.Chord E-5 B3 F#4>,"[0, 4, 7]","[11, 3, 6]",111,3.750
276.5,<music21.chord.Chord B4 A4 E-4 B3>,"[0, 2, 6]","[9, 11, 3]",111,4.0
277.1666666666670,<music21.chord.Chord A4 B3>,"[0, 2]","[9, 11]",111,0.3333333333340
277.25,<music21.chord.Chord G#5 A4 B3>,"[0, 1, 3]","[8, 9, 11]",111,0.50
277.5,<music21.chord.Chord B4 E5 E4 G#4>,"[0, 4, 7]","[4, 8, 11]",112,1.0
278.0,<music21.chord.Chord B4 E5 E-4 G#4>,"[0, 1, 5, 8]","[3, 4, 8, 11]",112,2.0
278.6666666666670,<music21.chord.Chord B4 E5 G#4>,"[0, 4, 7]","[4, 8, 11]",112,3.3333333333340
278.75,<music21.chord.Chord B4 E5 D4 G#4>,"[0, 3, 6, 8]","[8, 11, 2, 4]",112,3.50
278.875,<music21.chord.Chord D4>,[0],[2],112,3.750
279.0,<music21.chord.Chord C#4>,[0],[1],112,4.0
279.75,<music21.chord.Chord C4>,[0],[0],112,0.50
280.0,<music21.chord.Chord A3 B3 B2 E-3>,"[0, 2, 6]","[9, 11, 3]",113,1.0
280.5,<music21.chord.Chord C#4 A3 E3 B2>,"[0, 2, 4, 7]","[9, 11, 1, 4]",113,2.0
281.1666666666670,<music21.chord.Chord A3 B2>,"[0, 2]","[9, 11]",113,3.3333333333340
281.25,<music21.chord.Chord E-4 A3 F#3 B2>,"[0, 3, 6, 8]","[3, 6, 9, 11]",113,3.50
281.375,<music21.chord.Chord E-4 B2 F#3>,"[0, 4, 7]","[11, 3, 6]",113,3.750
281.5,<music21.chord.Chord B3 A3 E-3 B2>,"[0, 2, 6]","[9, 11, 3]",113,4.0
282.1666666666670,<music21.chord.Chord A3 B2>,"[0, 2]","[9, 11]",113,0.3333333333340
282.25,<music21.chord.Chord G#4 A3 B2>,"[0, 1, 3]","[8, 9, 11]",113,0.50
282.5,<music21.chord.Chord B3 E4 E3 G#3>,"[0, 4, 7]","[4, 8, 11]",114,1.0
283.0,<music21.chord.Chord E5 G#5 E6 E2 E3>,"[0, 4]","[4, 8]",114,2.0