offset,Chord,NormalForm,PCsinNormalForm,file,PhraseBoundary,MeasureNumber,MeasureCount
0,<music21.chord.Chord F5 F3>,[0],[5],Studies No7 F major.mid,D’Aragona,,
0.25,<music21.chord.Chord G5 F3>,"[0, 2]","[5, 7]",Studies No7 F major.mid,D’Aragona,,
0.5,<music21.chord.Chord F5 C4>,"[0, 5]","[0, 5]",Studies No7 F major.mid,D’Aragona,,
0.75,<music21.chord.Chord G5 C4>,"[0, 5]","[7, 0]",Studies No7 F major.mid,D’Aragona,,
1,<music21.chord.Chord F5 A3>,"[0, 4]","[5, 9]",Studies No7 F major.mid,D’Aragona,,
1.25,<music21.chord.Chord G5 A3>,"[0, 2]","[7, 9]",Studies No7 F major.mid,D’Aragona,,
1.5,<music21.chord.Chord F5 F3>,[0],[5],Studies No7 F major.mid,D’Aragona,,
1.75,<music21.chord.Chord G5 F3>,"[0, 2]","[5, 7]",Studies No7 F major.mid,D’Aragona,,
2,<music21.chord.Chord F5 C4>,"[0, 5]","[0, 5]",Studies No7 F major.mid,D’Aragona,,
2.25,<music21.chord.Chord G5 C4>,"[0, 5]","[7, 0]",Studies No7 F major.mid,D’Aragona,,
2.5,<music21.chord.Chord F5 A3>,"[0, 4]","[5, 9]",Studies No7 F major.mid,D’Aragona,,
2.75,<music21.chord.Chord G5 A3>,"[0, 2]","[7, 9]",Studies No7 F major.mid,D’Aragona,,
3,<music21.chord.Chord C5 F3>,"[0, 5]","[0, 5]",Studies No7 F major.mid,D’Aragona,,
3.25,<music21.chord.Chord D5 F3>,"[0, 3]","[2, 5]",Studies No7 F major.mid,D’Aragona,,
3.5,<music21.chord.Chord C5 C4>,[0],[0],Studies No7 F major.mid,D’Aragona,,
3.75,<music21.chord.Chord D5 C4>,"[0, 2]","[0, 2]",Studies No7 F major.mid,D’Aragona,,
4,<music21.chord.Chord C5 A3>,"[0, 3]","[9, 0]",Studies No7 F major.mid,D’Aragona,,
4.25,<music21.chord.Chord D5 A3>,"[0, 5]","[9, 2]",Studies No7 F major.mid,D’Aragona,,
4.5,<music21.chord.Chord C5 F3>,"[0, 5]","[0, 5]",Studies No7 F major.mid,D’Aragona,,
4.75,<music21.chord.Chord D5 F3>,"[0, 3]","[2, 5]",Studies No7 F major.mid,D’Aragona,,
5,<music21.chord.Chord C5 C4>,[0],[0],Studies No7 F major.mid,D’Aragona,,
5.25,<music21.chord.Chord D5 C4>,"[0, 2]","[0, 2]",Studies No7 F major.mid,D’Aragona,,
5.5,<music21.chord.Chord C5 A3>,"[0, 3]","[9, 0]",Studies No7 F major.mid,D’Aragona,,
5.75,<music21.chord.Chord D5 A3>,"[0, 5]","[9, 2]",Studies No7 F major.mid,D’Aragona,,
6,<music21.chord.Chord E5 F3>,"[0, 1]","[4, 5]",Studies No7 F major.mid,D’Aragona,,
6.25,<music21.chord.Chord F5 F3>,[0],[5],Studies No7 F major.mid,D’Aragona,,
6.5,<music21.chord.Chord E5 E4>,[0],[4],Studies No7 F major.mid,D’Aragona,,
6.75,<music21.chord.Chord F5 E4>,"[0, 1]","[4, 5]",Studies No7 F major.mid,D’Aragona,,
7,<music21.chord.Chord E5 C4>,"[0, 4]","[0, 4]",Studies No7 F major.mid,D’Aragona,,
7.25,<music21.chord.Chord F5 C4>,"[0, 5]","[0, 5]",Studies No7 F major.mid,D’Aragona,,
7.5,<music21.chord.Chord E5 F3>,"[0, 1]","[4, 5]",Studies No7 F major.mid,D’Aragona,,
7.75,<music21.chord.Chord F5 F3>,[0],[5],Studies No7 F major.mid,D’Aragona,,
8,<music21.chord.Chord E5 E4>,[0],[4],Studies No7 F major.mid,D’Aragona,,
8.25,<music21.chord.Chord F5 E4>,"[0, 1]","[4, 5]",Studies No7 F major.mid,D’Aragona,,
8.5,<music21.chord.Chord E5 C4>,"[0, 4]","[0, 4]",Studies No7 F major.mid,D’Aragona,,
8.75,<music21.chord.Chord F5 C4>,"[0, 5]","[0, 5]",Studies No7 F major.mid,D’Aragona,,
9,<music21.chord.Chord B-4 F3>,"[0, 5]","[5, 10]",Studies No7 F major.mid,D’Aragona,,
9.25,<music21.chord.Chord C5 F3>,"[0, 5]","[0, 5]",Studies No7 F major.mid,D’Aragona,,
9.5,<music21.chord.Chord B-4 D4>,"[0, 4]","[10, 2]",Studies No7 F major.mid,D’Aragona,,
9.75,<music21.chord.Chord C5 D4>,"[0, 2]","[0, 2]",Studies No7 F major.mid,D’Aragona,,
10,<music21.chord.Chord B-4 B-3>,[0],[10],Studies No7 F major.mid,D’Aragona,,
10.25,<music21.chord.Chord C5 B-3>,"[0, 2]","[10, 0]",Studies No7 F major.mid,D’Aragona,,
10.5,<music21.chord.Chord B-4 F3>,"[0, 5]","[5, 10]",Studies No7 F major.mid,D’Aragona,,
10.75,<music21.chord.Chord C5 F3>,"[0, 5]","[0, 5]",Studies No7 F major.mid,D’Aragona,,
11,<music21.chord.Chord B-4 D4>,"[0, 4]","[10, 2]",Studies No7 F major.mid,D’Aragona,,
11.25,<music21.chord.Chord C5 D4>,"[0, 2]","[0, 2]",Studies No7 F major.mid,D’Aragona,,
11.5,<music21.chord.Chord B-4 B-3>,[0],[10],Studies No7 F major.mid,D’Aragona,,
11.75,<music21.chord.Chord C5 B-3>,"[0, 2]","[10, 0]",Studies No7 F major.mid,D’Aragona,,
12,<music21.chord.Chord A4 F3>,"[0, 4]","[5, 9]",Studies No7 F major.mid,D’Aragona,,
12.25,<music21.chord.Chord B-4 F3>,"[0, 5]","[5, 10]",Studies No7 F major.mid,D’Aragona,,
12.5,<music21.chord.Chord A4 C4>,"[0, 3]","[9, 0]",Studies No7 F major.mid,D’Aragona,,
12.75,<music21.chord.Chord B-4 C4>,"[0, 2]","[10, 0]",Studies No7 F major.mid,D’Aragona,,
13,<music21.chord.Chord A4 A3>,[0],[9],Studies No7 F major.mid,D’Aragona,,
13.25,<music21.chord.Chord B-4 A3>,"[0, 1]","[9, 10]",Studies No7 F major.mid,D’Aragona,,
13.5,<music21.chord.Chord A4 F3>,"[0, 4]","[5, 9]",Studies No7 F major.mid,D’Aragona,,
13.75,<music21.chord.Chord B-4 F3>,"[0, 5]","[5, 10]",Studies No7 F major.mid,D’Aragona,,
14,<music21.chord.Chord A4 C4>,"[0, 3]","[9, 0]",Studies No7 F major.mid,D’Aragona,,
14.25,<music21.chord.Chord B-4 C4>,"[0, 2]","[10, 0]",Studies No7 F major.mid,D’Aragona,,
14.5,<music21.chord.Chord A4 A3>,[0],[9],Studies No7 F major.mid,D’Aragona,,
14.75,<music21.chord.Chord B-4 A3>,"[0, 1]","[9, 10]",Studies No7 F major.mid,D’Aragona,,
15,<music21.chord.Chord G4 F3>,"[0, 2]","[5, 7]",Studies No7 F major.mid,D’Aragona,,
15.25,<music21.chord.Chord A4 F3>,"[0, 4]","[5, 9]",Studies No7 F major.mid,D’Aragona,,
15.5,<music21.chord.Chord G4 B-3>,"[0, 3]","[7, 10]",Studies No7 F major.mid,D’Aragona,,
15.75,<music21.chord.Chord A4 B-3>,"[0, 1]","[9, 10]",Studies No7 F major.mid,D’Aragona,,
16,<music21.chord.Chord G4 G3>,[0],[7],Studies No7 F major.mid,D’Aragona,,
16.25,<music21.chord.Chord A4 G3>,"[0, 2]","[7, 9]",Studies No7 F major.mid,D’Aragona,,
16.5,<music21.chord.Chord G4 F3>,"[0, 2]","[5, 7]",Studies No7 F major.mid,D’Aragona,,
16.75,<music21.chord.Chord A4 F3>,"[0, 4]","[5, 9]",Studies No7 F major.mid,D’Aragona,,
17,<music21.chord.Chord G4 B-3>,"[0, 3]","[7, 10]",Studies No7 F major.mid,D’Aragona,,
17.25,<music21.chord.Chord A4 B-3>,"[0, 1]","[9, 10]",Studies No7 F major.mid,D’Aragona,,
17.5,<music21.chord.Chord G4 G3>,[0],[7],Studies No7 F major.mid,D’Aragona,,
17.75,<music21.chord.Chord A4 G3>,"[0, 2]","[7, 9]",Studies No7 F major.mid,D’Aragona,,
18,<music21.chord.Chord F4 F3>,[0],[5],Studies No7 F major.mid,D’Aragona,,
18.25,<music21.chord.Chord G4 F3>,"[0, 2]","[5, 7]",Studies No7 F major.mid,D’Aragona,,
18.5,<music21.chord.Chord F4 C4>,"[0, 5]","[0, 5]",Studies No7 F major.mid,D’Aragona,,
18.75,<music21.chord.Chord G4 C4>,"[0, 5]","[7, 0]",Studies No7 F major.mid,D’Aragona,,
19,<music21.chord.Chord F4 A3>,"[0, 4]","[5, 9]",Studies No7 F major.mid,D’Aragona,,
19.25,<music21.chord.Chord G4 A3>,"[0, 2]","[7, 9]",Studies No7 F major.mid,D’Aragona,,
19.5,<music21.chord.Chord F4 F3>,[0],[5],Studies No7 F major.mid,D’Aragona,,
19.75,<music21.chord.Chord G4 F3>,"[0, 2]","[5, 7]",Studies No7 F major.mid,D’Aragona,,
20,<music21.chord.Chord F4 C4>,"[0, 5]","[0, 5]",Studies No7 F major.mid,D’Aragona,,
20.25,<music21.chord.Chord G4 C4>,"[0, 5]","[7, 0]",Studies No7 F major.mid,D’Aragona,,
20.5,<music21.chord.Chord F4 A3>,"[0, 4]","[5, 9]",Studies No7 F major.mid,D’Aragona,,
20.75,<music21.chord.Chord G4 A3>,"[0, 2]","[7, 9]",Studies No7 F major.mid,D’Aragona,,
21,<music21.chord.Chord F4 F3>,[0],[5],Studies No7 F major.mid,D’Aragona,,
21.25,<music21.chord.Chord G4 F3>,"[0, 2]","[5, 7]",Studies No7 F major.mid,D’Aragona,,
21.5,<music21.chord.Chord F4 D4>,"[0, 3]","[2, 5]",Studies No7 F major.mid,D’Aragona,,
21.75,<music21.chord.Chord G4 D4>,"[0, 5]","[2, 7]",Studies No7 F major.mid,D’Aragona,,
22,<music21.chord.Chord F4 B-3>,"[0, 5]","[5, 10]",Studies No7 F major.mid,D’Aragona,,
22.25,<music21.chord.Chord G4 B-3>,"[0, 3]","[7, 10]",Studies No7 F major.mid,D’Aragona,,
22.5,<music21.chord.Chord F4 F3>,[0],[5],Studies No7 F major.mid,D’Aragona,,
22.75,<music21.chord.Chord G4 F3>,"[0, 2]","[5, 7]",Studies No7 F major.mid,D’Aragona,,
23,<music21.chord.Chord F4 D4>,"[0, 3]","[2, 5]",Studies No7 F major.mid,D’Aragona,,
23.25,<music21.chord.Chord G4 D4>,"[0, 5]","[2, 7]",Studies No7 F major.mid,D’Aragona,,
23.5,<music21.chord.Chord F4 B-3>,"[0, 5]","[5, 10]",Studies No7 F major.mid,D’Aragona,,
23.75,<music21.chord.Chord G4 B-3>,"[0, 3]","[7, 10]",Studies No7 F major.mid,D’Aragona,,
24,<music21.chord.Chord F4 F3>,[0],[5],Studies No7 F major.mid,D’Aragona,,
24.25,<music21.chord.Chord G4 F3>,"[0, 2]","[5, 7]",Studies No7 F major.mid,D’Aragona,,
24.5,<music21.chord.Chord F4 E4>,"[0, 1]","[4, 5]",Studies No7 F major.mid,D’Aragona,,
24.75,<music21.chord.Chord G4 E4>,"[0, 3]","[4, 7]",Studies No7 F major.mid,D’Aragona,,
25,<music21.chord.Chord F4 C4>,"[0, 5]","[0, 5]",Studies No7 F major.mid,D’Aragona,,
25.25,<music21.chord.Chord G4 C4>,"[0, 5]","[7, 0]",Studies No7 F major.mid,D’Aragona,,
25.5,<music21.chord.Chord F4 F3>,[0],[5],Studies No7 F major.mid,D’Aragona,,
25.75,<music21.chord.Chord G4 F3>,"[0, 2]","[5, 7]",Studies No7 F major.mid,D’Aragona,,
26,<music21.chord.Chord F4 E4>,"[0, 1]","[4, 5]",Studies No7 F major.mid,D’Aragona,,
26.25,<music21.chord.Chord G4 E4>,"[0, 3]","[4, 7]",Studies No7 F major.mid,D’Aragona,,
26.5,<music21.chord.Chord F4 C4>,"[0, 5]","[0, 5]",Studies No7 F major.mid,D’Aragona,,
26.75,<music21.chord.Chord G4 C4>,"[0, 5]","[7, 0]",Studies No7 F major.mid,D’Aragona,,
27,<music21.chord.Chord F4 F3>,[0],[5],Studies No7 F major.mid,D’Aragona,,
27.25,<music21.chord.Chord G4 F3>,"[0, 2]","[5, 7]",Studies No7 F major.mid,D’Aragona,,
27.5,<music21.chord.Chord F4 D4>,"[0, 3]","[2, 5]",Studies No7 F major.mid,D’Aragona,,
27.75,<music21.chord.Chord G4 D4>,"[0, 5]","[2, 7]",Studies No7 F major.mid,D’Aragona,,
28,<music21.chord.Chord F4 B-3>,"[0, 5]","[5, 10]",Studies No7 F major.mid,D’Aragona,,
28.25,<music21.chord.Chord G4 B-3>,"[0, 3]","[7, 10]",Studies No7 F major.mid,D’Aragona,,
28.5,<music21.chord.Chord F4 F3>,[0],[5],Studies No7 F major.mid,D’Aragona,,
28.75,<music21.chord.Chord G4 F3>,"[0, 2]","[5, 7]",Studies No7 F major.mid,D’Aragona,,
29,<music21.chord.Chord F4 D4>,"[0, 3]","[2, 5]",Studies No7 F major.mid,D’Aragona,,
29.25,<music21.chord.Chord G4 D4>,"[0, 5]","[2, 7]",Studies No7 F major.mid,D’Aragona,,
29.5,<music21.chord.Chord F4 B-3>,"[0, 5]","[5, 10]",Studies No7 F major.mid,D’Aragona,,
29.75,<music21.chord.Chord G4 B-3>,"[0, 3]","[7, 10]",Studies No7 F major.mid,D’Aragona,,
30,<music21.chord.Chord F4 F3>,[0],[5],Studies No7 F major.mid,D’Aragona,,
30.25,<music21.chord.Chord G4 F3>,"[0, 2]","[5, 7]",Studies No7 F major.mid,D’Aragona,,
30.5,<music21.chord.Chord F4 C4>,"[0, 5]","[0, 5]",Studies No7 F major.mid,D’Aragona,,
30.75,<music21.chord.Chord G4 C4>,"[0, 5]","[7, 0]",Studies No7 F major.mid,D’Aragona,,
31,<music21.chord.Chord F4 A3>,"[0, 4]","[5, 9]",Studies No7 F major.mid,D’Aragona,,
31.25,<music21.chord.Chord G4 A3>,"[0, 2]","[7, 9]",Studies No7 F major.mid,D’Aragona,,
31.5,<music21.chord.Chord F4 F3>,[0],[5],Studies No7 F major.mid,D’Aragona,,
31.75,<music21.chord.Chord G4 F3>,"[0, 2]","[5, 7]",Studies No7 F major.mid,D’Aragona,,
32,<music21.chord.Chord F4 C4>,"[0, 5]","[0, 5]",Studies No7 F major.mid,D’Aragona,,
32.25,<music21.chord.Chord G4 C4>,"[0, 5]","[7, 0]",Studies No7 F major.mid,D’Aragona,,
32.5,<music21.chord.Chord F4 A3>,"[0, 4]","[5, 9]",Studies No7 F major.mid,D’Aragona,,
32.75,<music21.chord.Chord G4 A3>,"[0, 2]","[7, 9]",Studies No7 F major.mid,D’Aragona,,
33,<music21.chord.Chord F4 E3>,"[0, 1]","[4, 5]",Studies No7 F major.mid,D’Aragona,,
33.25,<music21.chord.Chord G4 E3>,"[0, 3]","[4, 7]",Studies No7 F major.mid,D’Aragona,,
33.5,<music21.chord.Chord F4 B-3>,"[0, 5]","[5, 10]",Studies No7 F major.mid,D’Aragona,,
33.75,<music21.chord.Chord G4 B-3>,"[0, 3]","[7, 10]",Studies No7 F major.mid,D’Aragona,,
34,<music21.chord.Chord F4 G3>,"[0, 2]","[5, 7]",Studies No7 F major.mid,D’Aragona,,
34.25,<music21.chord.Chord G4 G3>,[0],[7],Studies No7 F major.mid,D’Aragona,,
34.5,<music21.chord.Chord F4 E3>,"[0, 1]","[4, 5]",Studies No7 F major.mid,D’Aragona,,
34.75,<music21.chord.Chord G4 E3>,"[0, 3]","[4, 7]",Studies No7 F major.mid,D’Aragona,,
35,<music21.chord.Chord F4 B-3>,"[0, 5]","[5, 10]",Studies No7 F major.mid,D’Aragona,,
35.25,<music21.chord.Chord G4 B-3>,"[0, 3]","[7, 10]",Studies No7 F major.mid,D’Aragona,,
35.5,<music21.chord.Chord F4 G3>,"[0, 2]","[5, 7]",Studies No7 F major.mid,D’Aragona,,
35.75,<music21.chord.Chord G4 G3>,[0],[7],Studies No7 F major.mid,D’Aragona,,
36,<music21.chord.Chord F4 E3>,"[0, 1]","[4, 5]",Studies No7 F major.mid,D’Aragona,,
36.25,<music21.chord.Chord G4 E3>,"[0, 3]","[4, 7]",Studies No7 F major.mid,D’Aragona,,
36.5,<music21.chord.Chord F4 A3>,"[0, 4]","[5, 9]",Studies No7 F major.mid,D’Aragona,,
36.75,<music21.chord.Chord G4 A3>,"[0, 2]","[7, 9]",Studies No7 F major.mid,D’Aragona,,
37,<music21.chord.Chord F4 F3>,[0],[5],Studies No7 F major.mid,D’Aragona,,
37.25,<music21.chord.Chord G4 F3>,"[0, 2]","[5, 7]",Studies No7 F major.mid,D’Aragona,,
37.5,<music21.chord.Chord F4 C3>,"[0, 5]","[0, 5]",Studies No7 F major.mid,D’Aragona,,
37.75,<music21.chord.Chord G4 C3>,"[0, 5]","[7, 0]",Studies No7 F major.mid,D’Aragona,,
38,<music21.chord.Chord F4 A3>,"[0, 4]","[5, 9]",Studies No7 F major.mid,D’Aragona,,
38.25,<music21.chord.Chord G4 A3>,"[0, 2]","[7, 9]",Studies No7 F major.mid,D’Aragona,,
38.5,<music21.chord.Chord F4 F3>,[0],[5],Studies No7 F major.mid,D’Aragona,,
38.75,<music21.chord.Chord G4 F3>,"[0, 2]","[5, 7]",Studies No7 F major.mid,D’Aragona,,
39,<music21.chord.Chord F4 C3>,"[0, 5]","[0, 5]",Studies No7 F major.mid,D’Aragona,,
39.25,<music21.chord.Chord G4 C3>,"[0, 5]","[7, 0]",Studies No7 F major.mid,D’Aragona,,
39.5,<music21.chord.Chord F4 B-3>,"[0, 5]","[5, 10]",Studies No7 F major.mid,D’Aragona,,
39.75,<music21.chord.Chord G4 B-3>,"[0, 3]","[7, 10]",Studies No7 F major.mid,D’Aragona,,
40,<music21.chord.Chord F4 G3>,"[0, 2]","[5, 7]",Studies No7 F major.mid,D’Aragona,,
40.25,<music21.chord.Chord G4 G3>,[0],[7],Studies No7 F major.mid,D’Aragona,,
40.5,<music21.chord.Chord F4 E3>,"[0, 1]","[4, 5]",Studies No7 F major.mid,D’Aragona,,
40.75,<music21.chord.Chord G4 E3>,"[0, 3]","[4, 7]",Studies No7 F major.mid,D’Aragona,,
41,<music21.chord.Chord F4 C4>,"[0, 5]","[0, 5]",Studies No7 F major.mid,D’Aragona,,
41.25,<music21.chord.Chord G4 C4>,"[0, 5]","[7, 0]",Studies No7 F major.mid,D’Aragona,,
41.5,<music21.chord.Chord F4 A3>,"[0, 4]","[5, 9]",Studies No7 F major.mid,D’Aragona,,
41.75,<music21.chord.Chord G4 A3>,"[0, 2]","[7, 9]",Studies No7 F major.mid,D’Aragona,,
42,<music21.chord.Chord F4 F3>,[0],[5],Studies No7 F major.mid,D’Aragona,,
42.25,<music21.chord.Chord G4 F3>,"[0, 2]","[5, 7]",Studies No7 F major.mid,D’Aragona,,
42.5,<music21.chord.Chord F4 D4>,"[0, 3]","[2, 5]",Studies No7 F major.mid,D’Aragona,,
42.75,<music21.chord.Chord G4 D4>,"[0, 5]","[2, 7]",Studies No7 F major.mid,D’Aragona,,
43,<music21.chord.Chord F4 B-3>,"[0, 5]","[5, 10]",Studies No7 F major.mid,D’Aragona,,
43.25,<music21.chord.Chord G4 B-3>,"[0, 3]","[7, 10]",Studies No7 F major.mid,D’Aragona,,
43.5,<music21.chord.Chord F4 F3>,[0],[5],Studies No7 F major.mid,D’Aragona,,
43.75,<music21.chord.Chord G4 F3>,"[0, 2]","[5, 7]",Studies No7 F major.mid,D’Aragona,,
44,<music21.chord.Chord F4 C4>,"[0, 5]","[0, 5]",Studies No7 F major.mid,D’Aragona,,
44.25,<music21.chord.Chord G4 C4>,"[0, 5]","[7, 0]",Studies No7 F major.mid,D’Aragona,,
44.5,<music21.chord.Chord F4 A3>,"[0, 4]","[5, 9]",Studies No7 F major.mid,D’Aragona,,
44.75,<music21.chord.Chord G4 A3>,"[0, 2]","[7, 9]",Studies No7 F major.mid,D’Aragona,,
45,<music21.chord.Chord F4 F3>,[0],[5],Studies No7 F major.mid,D’Aragona,,
45.25,<music21.chord.Chord G4 F3>,"[0, 2]","[5, 7]",Studies No7 F major.mid,D’Aragona,,
45.5,<music21.chord.Chord F4 E4>,"[0, 1]","[4, 5]",Studies No7 F major.mid,D’Aragona,,
45.75,<music21.chord.Chord G4 E4>,"[0, 3]","[4, 7]",Studies No7 F major.mid,D’Aragona,,
46,<music21.chord.Chord F4 C4>,"[0, 5]","[0, 5]",Studies No7 F major.mid,D’Aragona,,
46.25,<music21.chord.Chord G4 C4>,"[0, 5]","[7, 0]",Studies No7 F major.mid,D’Aragona,,
46.5,<music21.chord.Chord F4 F3>,[0],[5],Studies No7 F major.mid,D’Aragona,,
46.75,<music21.chord.Chord G4 F3>,"[0, 2]","[5, 7]",Studies No7 F major.mid,D’Aragona,,
47,<music21.chord.Chord F4 D4>,"[0, 3]","[2, 5]",Studies No7 F major.mid,D’Aragona,,
47.25,<music21.chord.Chord G4 D4>,"[0, 5]","[2, 7]",Studies No7 F major.mid,D’Aragona,,
47.5,<music21.chord.Chord F4 B-3>,"[0, 5]","[5, 10]",Studies No7 F major.mid,D’Aragona,,
47.75,<music21.chord.Chord G4 B-3>,"[0, 3]","[7, 10]",Studies No7 F major.mid,D’Aragona,,
48,<music21.chord.Chord F4 F3>,[0],[5],Studies No7 F major.mid,D’Aragona,,
48.25,<music21.chord.Chord G4 F3>,"[0, 2]","[5, 7]",Studies No7 F major.mid,D’Aragona,,
48.5,<music21.chord.Chord F4 C4>,"[0, 5]","[0, 5]",Studies No7 F major.mid,D’Aragona,,
48.75,<music21.chord.Chord G4 C4>,"[0, 5]","[7, 0]",Studies No7 F major.mid,D’Aragona,,
49,<music21.chord.Chord F4 A3>,"[0, 4]","[5, 9]",Studies No7 F major.mid,D’Aragona,,
49.25,<music21.chord.Chord E4 A3>,"[0, 5]","[4, 9]",Studies No7 F major.mid,D’Aragona,,
49.5,<music21.chord.Chord F4 F3>,[0],[5],Studies No7 F major.mid,D’Aragona,,
49.75,<music21.chord.Chord G4 F3>,"[0, 2]","[5, 7]",Studies No7 F major.mid,D’Aragona,,
50,<music21.chord.Chord A4 C4>,"[0, 3]","[9, 0]",Studies No7 F major.mid,D’Aragona,,
50.25,<music21.chord.Chord B-4 C4>,"[0, 2]","[10, 0]",Studies No7 F major.mid,D’Aragona,,
50.5,<music21.chord.Chord C5 A3>,"[0, 3]","[9, 0]",Studies No7 F major.mid,D’Aragona,,
50.75,<music21.chord.Chord D5 A3>,"[0, 5]","[9, 2]",Studies No7 F major.mid,D’Aragona,,
51,<music21.chord.Chord E5 F3>,"[0, 1]","[4, 5]",Studies No7 F major.mid,D’Aragona,,
51.25,<music21.chord.Chord F5 F3>,[0],[5],Studies No7 F major.mid,D’Aragona,,
51.5,<music21.chord.Chord G5 C4>,"[0, 5]","[7, 0]",Studies No7 F major.mid,D’Aragona,,
51.75,<music21.chord.Chord F5 C4>,"[0, 5]","[0, 5]",Studies No7 F major.mid,D’Aragona,,
52,<music21.chord.Chord G5 A3>,"[0, 2]","[7, 9]",Studies No7 F major.mid,D’Aragona,,
52.25,<music21.chord.Chord F5 A3>,"[0, 4]","[5, 9]",Studies No7 F major.mid,D’Aragona,,
52.5,<music21.chord.Chord G5 F3>,"[0, 2]","[5, 7]",Studies No7 F major.mid,D’Aragona,,
52.75,<music21.chord.Chord F5 F3>,[0],[5],Studies No7 F major.mid,D’Aragona,,
53,<music21.chord.Chord G5 C4>,"[0, 5]","[7, 0]",Studies No7 F major.mid,D’Aragona,,
53.25,<music21.chord.Chord F5 C4>,"[0, 5]","[0, 5]",Studies No7 F major.mid,D’Aragona,,
53.5,<music21.chord.Chord G5 A3>,"[0, 2]","[7, 9]",Studies No7 F major.mid,D’Aragona,,
53.75,<music21.chord.Chord F5 A3>,"[0, 4]","[5, 9]",Studies No7 F major.mid,D’Aragona,,
54,<music21.chord.Chord F5 A5 F3>,"[0, 4]","[5, 9]",Studies No7 F major.mid,D’Aragona,,
54.25,<music21.chord.Chord G5 F3>,"[0, 2]","[5, 7]",Studies No7 F major.mid,D’Aragona,,
54.5,<music21.chord.Chord F5 C4>,"[0, 5]","[0, 5]",Studies No7 F major.mid,D’Aragona,,
54.75,<music21.chord.Chord G5 C4>,"[0, 5]","[7, 0]",Studies No7 F major.mid,D’Aragona,,
55,<music21.chord.Chord F5 A3>,"[0, 4]","[5, 9]",Studies No7 F major.mid,D’Aragona,,
55.25,<music21.chord.Chord G5 A3>,"[0, 2]","[7, 9]",Studies No7 F major.mid,D’Aragona,,
55.5,<music21.chord.Chord F5 F3>,[0],[5],Studies No7 F major.mid,D’Aragona,,
55.75,<music21.chord.Chord G5 F3>,"[0, 2]","[5, 7]",Studies No7 F major.mid,D’Aragona,,
56,<music21.chord.Chord F5 C4>,"[0, 5]","[0, 5]",Studies No7 F major.mid,D’Aragona,,
56.25,<music21.chord.Chord G5 C4>,"[0, 5]","[7, 0]",Studies No7 F major.mid,D’Aragona,,
56.5,<music21.chord.Chord F5 A3>,"[0, 4]","[5, 9]",Studies No7 F major.mid,D’Aragona,,
56.75,<music21.chord.Chord G5 A3>,"[0, 2]","[7, 9]",Studies No7 F major.mid,D’Aragona,,
57,<music21.chord.Chord F5 C6 F3>,"[0, 5]","[0, 5]",Studies No7 F major.mid,D’Aragona,,
57.25,<music21.chord.Chord G5 F3>,"[0, 2]","[5, 7]",Studies No7 F major.mid,D’Aragona,,
57.5,<music21.chord.Chord F5 E4>,"[0, 1]","[4, 5]",Studies No7 F major.mid,D’Aragona,,
57.75,<music21.chord.Chord G5 E4>,"[0, 3]","[4, 7]",Studies No7 F major.mid,D’Aragona,,
58,<music21.chord.Chord F5 C4>,"[0, 5]","[0, 5]",Studies No7 F major.mid,D’Aragona,,
58.25,<music21.chord.Chord G5 C4>,"[0, 5]","[7, 0]",Studies No7 F major.mid,D’Aragona,,
58.5,<music21.chord.Chord F5 F3>,[0],[5],Studies No7 F major.mid,D’Aragona,,
58.75,<music21.chord.Chord G5 F3>,"[0, 2]","[5, 7]",Studies No7 F major.mid,D’Aragona,,
59,<music21.chord.Chord F5 E4>,"[0, 1]","[4, 5]",Studies No7 F major.mid,D’Aragona,,
59.25,<music21.chord.Chord G5 E4>,"[0, 3]","[4, 7]",Studies No7 F major.mid,D’Aragona,,
59.5,<music21.chord.Chord F5 C4>,"[0, 5]","[0, 5]",Studies No7 F major.mid,D’Aragona,,
59.75,<music21.chord.Chord G5 C4>,"[0, 5]","[7, 0]",Studies No7 F major.mid,D’Aragona,,
60,<music21.chord.Chord F5 B-5 F3>,"[0, 5]","[5, 10]",Studies No7 F major.mid,D’Aragona,,
60.25,<music21.chord.Chord G5 F3>,"[0, 2]","[5, 7]",Studies No7 F major.mid,D’Aragona,,
60.5,<music21.chord.Chord F5 D4>,"[0, 3]","[2, 5]",Studies No7 F major.mid,D’Aragona,,
60.75,<music21.chord.Chord G5 D4>,"[0, 5]","[2, 7]",Studies No7 F major.mid,D’Aragona,,
61,<music21.chord.Chord F5 B-3>,"[0, 5]","[5, 10]",Studies No7 F major.mid,D’Aragona,,
61.25,<music21.chord.Chord G5 B-3>,"[0, 3]","[7, 10]",Studies No7 F major.mid,D’Aragona,,
61.5,<music21.chord.Chord F5 F3>,[0],[5],Studies No7 F major.mid,D’Aragona,,
61.75,<music21.chord.Chord G5 F3>,"[0, 2]","[5, 7]",Studies No7 F major.mid,D’Aragona,,
62,<music21.chord.Chord F5 D4>,"[0, 3]","[2, 5]",Studies No7 F major.mid,D’Aragona,,
62.25,<music21.chord.Chord G5 D4>,"[0, 5]","[2, 7]",Studies No7 F major.mid,D’Aragona,,
62.5,<music21.chord.Chord F5 B-3>,"[0, 5]","[5, 10]",Studies No7 F major.mid,D’Aragona,,
62.75,<music21.chord.Chord G5 B-3>,"[0, 3]","[7, 10]",Studies No7 F major.mid,D’Aragona,,
63,<music21.chord.Chord F5 D6 F3>,"[0, 3]","[2, 5]",Studies No7 F major.mid,D’Aragona,,
63.25,<music21.chord.Chord G5 F3>,"[0, 2]","[5, 7]",Studies No7 F major.mid,D’Aragona,,
63.5,<music21.chord.Chord F5 F4>,[0],[5],Studies No7 F major.mid,D’Aragona,,
63.75,<music21.chord.Chord G5 F4>,"[0, 2]","[5, 7]",Studies No7 F major.mid,D’Aragona,,
64,<music21.chord.Chord F5 D4>,"[0, 3]","[2, 5]",Studies No7 F major.mid,D’Aragona,,
64.25,<music21.chord.Chord G5 D4>,"[0, 5]","[2, 7]",Studies No7 F major.mid,D’Aragona,,
64.5,<music21.chord.Chord F5 F3>,[0],[5],Studies No7 F major.mid,D’Aragona,,
64.75,<music21.chord.Chord G5 F3>,"[0, 2]","[5, 7]",Studies No7 F major.mid,D’Aragona,,
65,<music21.chord.Chord F5 F4>,[0],[5],Studies No7 F major.mid,D’Aragona,,
65.25,<music21.chord.Chord G5 F4>,"[0, 2]","[5, 7]",Studies No7 F major.mid,D’Aragona,,
65.5,<music21.chord.Chord F5 D4>,"[0, 3]","[2, 5]",Studies No7 F major.mid,D’Aragona,,
65.75,<music21.chord.Chord G5 D4>,"[0, 5]","[2, 7]",Studies No7 F major.mid,D’Aragona,,
66,<music21.chord.Chord F5 C6 F3>,"[0, 5]","[0, 5]",Studies No7 F major.mid,D’Aragona,,
66.25,<music21.chord.Chord G5 F3>,"[0, 2]","[5, 7]",Studies No7 F major.mid,D’Aragona,,
66.5,<music21.chord.Chord F5 E4>,"[0, 1]","[4, 5]",Studies No7 F major.mid,D’Aragona,,
66.75,<music21.chord.Chord G5 E4>,"[0, 3]","[4, 7]",Studies No7 F major.mid,D’Aragona,,
67,<music21.chord.Chord F5 C4>,"[0, 5]","[0, 5]",Studies No7 F major.mid,D’Aragona,,
67.25,<music21.chord.Chord G5 C4>,"[0, 5]","[7, 0]",Studies No7 F major.mid,D’Aragona,,
67.5,<music21.chord.Chord F5 B-5 F3>,"[0, 5]","[5, 10]",Studies No7 F major.mid,D’Aragona,,
67.75,<music21.chord.Chord G5 F3>,"[0, 2]","[5, 7]",Studies No7 F major.mid,D’Aragona,,
68,<music21.chord.Chord F5 D4>,"[0, 3]","[2, 5]",Studies No7 F major.mid,D’Aragona,,
68.25,<music21.chord.Chord G5 D4>,"[0, 5]","[2, 7]",Studies No7 F major.mid,D’Aragona,,
68.5,<music21.chord.Chord F5 B-3>,"[0, 5]","[5, 10]",Studies No7 F major.mid,D’Aragona,,
68.75,<music21.chord.Chord G5 B-3>,"[0, 3]","[7, 10]",Studies No7 F major.mid,D’Aragona,,
69,<music21.chord.Chord F5 A5 F3>,"[0, 4]","[5, 9]",Studies No7 F major.mid,D’Aragona,,
69.25,<music21.chord.Chord G5 F3>,"[0, 2]","[5, 7]",Studies No7 F major.mid,D’Aragona,,
69.5,<music21.chord.Chord F5 C4>,"[0, 5]","[0, 5]",Studies No7 F major.mid,D’Aragona,,
69.75,<music21.chord.Chord G5 C4>,"[0, 5]","[7, 0]",Studies No7 F major.mid,D’Aragona,,
70,<music21.chord.Chord F5 A3>,"[0, 4]","[5, 9]",Studies No7 F major.mid,D’Aragona,,
70.25,<music21.chord.Chord G5 A3>,"[0, 2]","[7, 9]",Studies No7 F major.mid,D’Aragona,,
70.5,<music21.chord.Chord B-4 G5 E3>,"[0, 3, 6]","[4, 7, 10]",Studies No7 F major.mid,D’Aragona,,
70.75,<music21.chord.Chord C5 E3>,"[0, 4]","[0, 4]",Studies No7 F major.mid,D’Aragona,,
71,<music21.chord.Chord B-4 B-3>,[0],[10],Studies No7 F major.mid,D’Aragona,,
71.25,<music21.chord.Chord C5 B-3>,"[0, 2]","[10, 0]",Studies No7 F major.mid,D’Aragona,,
71.5,<music21.chord.Chord B-4 G3>,"[0, 3]","[7, 10]",Studies No7 F major.mid,D’Aragona,,
71.75,<music21.chord.Chord C5 G3>,"[0, 5]","[7, 0]",Studies No7 F major.mid,D’Aragona,,
72,<music21.chord.Chord G4 E3>,"[0, 3]","[4, 7]",Studies No7 F major.mid,D’Aragona,,
72.25,<music21.chord.Chord A4 E3>,"[0, 5]","[4, 9]",Studies No7 F major.mid,D’Aragona,,
72.5,<music21.chord.Chord G4 B-3>,"[0, 3]","[7, 10]",Studies No7 F major.mid,D’Aragona,,
72.75,<music21.chord.Chord A4 B-3>,"[0, 1]","[9, 10]",Studies No7 F major.mid,D’Aragona,,
73,<music21.chord.Chord G4 D5 G3>,"[0, 5]","[2, 7]",Studies No7 F major.mid,D’Aragona,,
73.25,<music21.chord.Chord A4 G3>,"[0, 2]","[7, 9]",Studies No7 F major.mid,D’Aragona,,
73.5,<music21.chord.Chord F4 C5 F3>,"[0, 5]","[0, 5]",Studies No7 F major.mid,D’Aragona,,
73.75,<music21.chord.Chord G4 F3>,"[0, 2]","[5, 7]",Studies No7 F major.mid,D’Aragona,,
74,<music21.chord.Chord F4 C4>,"[0, 5]","[0, 5]",Studies No7 F major.mid,D’Aragona,,
74.25,<music21.chord.Chord G4 C4>,"[0, 5]","[7, 0]",Studies No7 F major.mid,D’Aragona,,
74.5,<music21.chord.Chord F4 A3>,"[0, 4]","[5, 9]",Studies No7 F major.mid,D’Aragona,,
74.75,<music21.chord.Chord G4 A3>,"[0, 2]","[7, 9]",Studies No7 F major.mid,D’Aragona,,
75,<music21.chord.Chord F4 F3>,[0],[5],Studies No7 F major.mid,D’Aragona,,
75.25,<music21.chord.Chord G4 F3>,"[0, 2]","[5, 7]",Studies No7 F major.mid,D’Aragona,,
75.5,<music21.chord.Chord F4 C4>,"[0, 5]","[0, 5]",Studies No7 F major.mid,D’Aragona,,
75.75,<music21.chord.Chord G4 C4>,"[0, 5]","[7, 0]",Studies No7 F major.mid,D’Aragona,,
76,<music21.chord.Chord F4 A3>,"[0, 4]","[5, 9]",Studies No7 F major.mid,D’Aragona,,
76.25,<music21.chord.Chord G4 A3>,"[0, 2]","[7, 9]",Studies No7 F major.mid,D’Aragona,,
76.5,<music21.chord.Chord F4 F3>,[0],[5],Studies No7 F major.mid,D’Aragona,,
76.75,<music21.chord.Chord G4 F3>,"[0, 2]","[5, 7]",Studies No7 F major.mid,D’Aragona,,
77,<music21.chord.Chord F4 C4>,"[0, 5]","[0, 5]",Studies No7 F major.mid,D’Aragona,,
77.25,<music21.chord.Chord G4 C4>,"[0, 5]","[7, 0]",Studies No7 F major.mid,D’Aragona,,
77.5,<music21.chord.Chord F4 A3>,"[0, 4]","[5, 9]",Studies No7 F major.mid,D’Aragona,,
77.75,<music21.chord.Chord G4 A3>,"[0, 2]","[7, 9]",Studies No7 F major.mid,D’Aragona,,
78,<music21.chord.Chord F4 A4 F3>,"[0, 4]","[5, 9]",Studies No7 F major.mid,D’Aragona,,
78.25,<music21.chord.Chord F4 A4 G3>,"[0, 2, 4]","[5, 7, 9]",Studies No7 F major.mid,D’Aragona,,
78.5,<music21.chord.Chord F4 A4 F3>,"[0, 4]","[5, 9]",Studies No7 F major.mid,D’Aragona,,
78.75,<music21.chord.Chord F4 A4 G3>,"[0, 2, 4]","[5, 7, 9]",Studies No7 F major.mid,D’Aragona,,
79,<music21.chord.Chord F4 A4 F3>,"[0, 4]","[5, 9]",Studies No7 F major.mid,D’Aragona,,
79.25,<music21.chord.Chord F4 A4 G3>,"[0, 2, 4]","[5, 7, 9]",Studies No7 F major.mid,D’Aragona,,
79.5,<music21.chord.Chord F4 A4 F3>,"[0, 4]","[5, 9]",Studies No7 F major.mid,D’Aragona,,
79.75,<music21.chord.Chord F4 A4 G3>,"[0, 2, 4]","[5, 7, 9]",Studies No7 F major.mid,D’Aragona,,
79.875,<music21.chord.Chord G3>,[0],[7],Studies No7 F major.mid,D’Aragona,,
80,<music21.chord.Chord F3>,[0],[5],Studies No7 F major.mid,D’Aragona,,
80.25,<music21.chord.Chord G3>,[0],[7],Studies No7 F major.mid,D’Aragona,,
80.5,<music21.chord.Chord F3>,[0],[5],Studies No7 F major.mid,D’Aragona,,
80.75,<music21.chord.Chord G3>,[0],[7],Studies No7 F major.mid,D’Aragona,,
81,<music21.chord.Chord A4 C5 F3>,"[0, 4, 7]","[5, 9, 0]",Studies No7 F major.mid,D’Aragona,,
81.25,<music21.chord.Chord A4 C5 G3>,"[0, 2, 5]","[7, 9, 0]",Studies No7 F major.mid,D’Aragona,,
81.5,<music21.chord.Chord A4 C5 F3>,"[0, 4, 7]","[5, 9, 0]",Studies No7 F major.mid,D’Aragona,,
81.75,<music21.chord.Chord A4 C5 G3>,"[0, 2, 5]","[7, 9, 0]",Studies No7 F major.mid,D’Aragona,,
82,<music21.chord.Chord A4 C5 F3>,"[0, 4, 7]","[5, 9, 0]",Studies No7 F major.mid,D’Aragona,,
82.25,<music21.chord.Chord A4 C5 G3>,"[0, 2, 5]","[7, 9, 0]",Studies No7 F major.mid,D’Aragona,,
82.5,<music21.chord.Chord A4 C5 F3>,"[0, 4, 7]","[5, 9, 0]",Studies No7 F major.mid,D’Aragona,,
82.75,<music21.chord.Chord A4 C5 G3>,"[0, 2, 5]","[7, 9, 0]",Studies No7 F major.mid,D’Aragona,,
82.875,<music21.chord.Chord G3>,[0],[7],Studies No7 F major.mid,D’Aragona,,
83,<music21.chord.Chord F3>,[0],[5],Studies No7 F major.mid,D’Aragona,,
83.25,<music21.chord.Chord G3>,[0],[7],Studies No7 F major.mid,D’Aragona,,
83.5,<music21.chord.Chord F3>,[0],[5],Studies No7 F major.mid,D’Aragona,,
83.75,<music21.chord.Chord G3>,[0],[7],Studies No7 F major.mid,D’Aragona,,
84,<music21.chord.Chord F4 B-4 F3>,"[0, 5]","[5, 10]",Studies No7 F major.mid,D’Aragona,,
84.25,<music21.chord.Chord F4 B-4 G3>,"[0, 2, 5]","[5, 7, 10]",Studies No7 F major.mid,D’Aragona,,
84.5,<music21.chord.Chord F4 B-4 F3>,"[0, 5]","[5, 10]",Studies No7 F major.mid,D’Aragona,,
84.75,<music21.chord.Chord F4 B-4 G3>,"[0, 2, 5]","[5, 7, 10]",Studies No7 F major.mid,D’Aragona,,
85,<music21.chord.Chord F4 B-4 F3>,"[0, 5]","[5, 10]",Studies No7 F major.mid,D’Aragona,,
85.25,<music21.chord.Chord F4 B-4 G3>,"[0, 2, 5]","[5, 7, 10]",Studies No7 F major.mid,D’Aragona,,
85.5,<music21.chord.Chord F4 B-4 F3>,"[0, 5]","[5, 10]",Studies No7 F major.mid,D’Aragona,,
85.75,<music21.chord.Chord F4 B-4 G3>,"[0, 2, 5]","[5, 7, 10]",Studies No7 F major.mid,D’Aragona,,
85.875,<music21.chord.Chord G3>,[0],[7],Studies No7 F major.mid,D’Aragona,,
86,<music21.chord.Chord F3>,[0],[5],Studies No7 F major.mid,D’Aragona,,
86.25,<music21.chord.Chord G3>,[0],[7],Studies No7 F major.mid,D’Aragona,,
86.5,<music21.chord.Chord F3>,[0],[5],Studies No7 F major.mid,D’Aragona,,
86.75,<music21.chord.Chord G3>,[0],[7],Studies No7 F major.mid,D’Aragona,,
87,<music21.chord.Chord B-4 D5 F3>,"[0, 4, 7]","[10, 2, 5]",Studies No7 F major.mid,D’Aragona,,
87.25,<music21.chord.Chord B-4 D5 G3>,"[0, 3, 7]","[7, 10, 2]",Studies No7 F major.mid,D’Aragona,,
87.5,<music21.chord.Chord B-4 D5 F3>,"[0, 4, 7]","[10, 2, 5]",Studies No7 F major.mid,D’Aragona,,
87.75,<music21.chord.Chord B-4 D5 G3>,"[0, 3, 7]","[7, 10, 2]",Studies No7 F major.mid,D’Aragona,,
88,<music21.chord.Chord B-4 D5 F3>,"[0, 4, 7]","[10, 2, 5]",Studies No7 F major.mid,D’Aragona,,
88.25,<music21.chord.Chord B-4 D5 G3>,"[0, 3, 7]","[7, 10, 2]",Studies No7 F major.mid,D’Aragona,,
88.5,<music21.chord.Chord B-4 D5 F3>,"[0, 4, 7]","[10, 2, 5]",Studies No7 F major.mid,D’Aragona,,
88.75,<music21.chord.Chord B-4 D5 G3>,"[0, 3, 7]","[7, 10, 2]",Studies No7 F major.mid,D’Aragona,,
88.875,<music21.chord.Chord G3>,[0],[7],Studies No7 F major.mid,D’Aragona,,
89,<music21.chord.Chord F3>,[0],[5],Studies No7 F major.mid,D’Aragona,,
89.25,<music21.chord.Chord G3>,[0],[7],Studies No7 F major.mid,D’Aragona,,
89.5,<music21.chord.Chord F3>,[0],[5],Studies No7 F major.mid,D’Aragona,,
89.75,<music21.chord.Chord G3>,[0],[7],Studies No7 F major.mid,D’Aragona,,
90,<music21.chord.Chord A4 C5 F3>,"[0, 4, 7]","[5, 9, 0]",Studies No7 F major.mid,D’Aragona,,
90.25,<music21.chord.Chord A4 C5 G3>,"[0, 2, 5]","[7, 9, 0]",Studies No7 F major.mid,D’Aragona,,
90.5,<music21.chord.Chord A4 C5 F3>,"[0, 4, 7]","[5, 9, 0]",Studies No7 F major.mid,D’Aragona,,
90.75,<music21.chord.Chord A4 C5 G3>,"[0, 2, 5]","[7, 9, 0]",Studies No7 F major.mid,D’Aragona,,
90.875,<music21.chord.Chord G3>,[0],[7],Studies No7 F major.mid,D’Aragona,,
91,<music21.chord.Chord G4 B-4 F3>,"[0, 2, 5]","[5, 7, 10]",Studies No7 F major.mid,D’Aragona,,
91.25,<music21.chord.Chord G4 B-4 G3>,"[0, 3]","[7, 10]",Studies No7 F major.mid,D’Aragona,,
91.5,<music21.chord.Chord G4 B-4 F3>,"[0, 2, 5]","[5, 7, 10]",Studies No7 F major.mid,D’Aragona,,
91.75,<music21.chord.Chord G4 B-4 G3>,"[0, 3]","[7, 10]",Studies No7 F major.mid,D’Aragona,,
91.875,<music21.chord.Chord G3>,[0],[7],Studies No7 F major.mid,D’Aragona,,
92,<music21.chord.Chord F4 A4 F3>,"[0, 4]","[5, 9]",Studies No7 F major.mid,D’Aragona,,
92.25,<music21.chord.Chord F4 A4 G3>,"[0, 2, 4]","[5, 7, 9]",Studies No7 F major.mid,D’Aragona,,
92.5,<music21.chord.Chord F4 A4 F3>,"[0, 4]","[5, 9]",Studies No7 F major.mid,D’Aragona,,
92.75,<music21.chord.Chord F4 A4 G3>,"[0, 2, 4]","[5, 7, 9]",Studies No7 F major.mid,D’Aragona,,
92.875,<music21.chord.Chord G3>,[0],[7],Studies No7 F major.mid,D’Aragona,,
93,<music21.chord.Chord E4 G4 B-2>,"[0, 3, 6]","[4, 7, 10]",Studies No7 F major.mid,D’Aragona,,
93.25,<music21.chord.Chord E4 G4 C3>,"[0, 4, 7]","[0, 4, 7]",Studies No7 F major.mid,D’Aragona,,
93.5,<music21.chord.Chord E4 G4 B-2>,"[0, 3, 6]","[4, 7, 10]",Studies No7 F major.mid,D’Aragona,,
93.75,<music21.chord.Chord E4 G4 C3>,"[0, 4, 7]","[0, 4, 7]",Studies No7 F major.mid,D’Aragona,,
94,<music21.chord.Chord E4 G4 B-2>,"[0, 3, 6]","[4, 7, 10]",Studies No7 F major.mid,D’Aragona,,
94.25,<music21.chord.Chord E4 G4 C3>,"[0, 4, 7]","[0, 4, 7]",Studies No7 F major.mid,D’Aragona,,
94.5,<music21.chord.Chord E4 G4 B-2>,"[0, 3, 6]","[4, 7, 10]",Studies No7 F major.mid,D’Aragona,,
94.75,<music21.chord.Chord E4 G4 C3>,"[0, 4, 7]","[0, 4, 7]",Studies No7 F major.mid,D’Aragona,,
94.875,<music21.chord.Chord C3>,[0],[0],Studies No7 F major.mid,D’Aragona,,
95,<music21.chord.Chord B-2>,[0],[10],Studies No7 F major.mid,D’Aragona,,
95.25,<music21.chord.Chord C3>,[0],[0],Studies No7 F major.mid,D’Aragona,,
95.5,<music21.chord.Chord B-2>,[0],[10],Studies No7 F major.mid,D’Aragona,,
95.75,<music21.chord.Chord C3>,[0],[0],Studies No7 F major.mid,D’Aragona,,
96,<music21.chord.Chord C4 F4 F3>,"[0, 5]","[0, 5]",Studies No7 F major.mid,D’Aragona,,
96.25,<music21.chord.Chord C4 F4 G3>,"[0, 2, 7]","[5, 7, 0]",Studies No7 F major.mid,D’Aragona,,
96.5,<music21.chord.Chord C4 F4 F3>,"[0, 5]","[0, 5]",Studies No7 F major.mid,D’Aragona,,
96.75,<music21.chord.Chord C4 F4 G3>,"[0, 2, 7]","[5, 7, 0]",Studies No7 F major.mid,D’Aragona,,
97,<music21.chord.Chord C4 F4 F3>,"[0, 5]","[0, 5]",Studies No7 F major.mid,D’Aragona,,
97.25,<music21.chord.Chord C4 F4 G3>,"[0, 2, 7]","[5, 7, 0]",Studies No7 F major.mid,D’Aragona,,
97.5,<music21.chord.Chord C4 F4 F3>,"[0, 5]","[0, 5]",Studies No7 F major.mid,D’Aragona,,
97.75,<music21.chord.Chord C4 F4 G3>,"[0, 2, 7]","[5, 7, 0]",Studies No7 F major.mid,D’Aragona,,
97.875,<music21.chord.Chord G3>,[0],[7],Studies No7 F major.mid,D’Aragona,,
98,<music21.chord.Chord F3>,[0],[5],Studies No7 F major.mid,D’Aragona,,
98.25,<music21.chord.Chord G3>,[0],[7],Studies No7 F major.mid,D’Aragona,,
98.5,<music21.chord.Chord F3>,[0],[5],Studies No7 F major.mid,D’Aragona,,
98.75,<music21.chord.Chord G3>,[0],[7],Studies No7 F major.mid,D’Aragona,,
99,<music21.chord.Chord F4 F3>,[0],[5],Studies No7 F major.mid,D’Aragona,,
99.25,<music21.chord.Chord F4 F3>,[0],[5],Studies No7 F major.mid,D’Aragona,,
99.5,<music21.chord.Chord G4 G3>,[0],[7],Studies No7 F major.mid,D’Aragona,,
99.75,<music21.chord.Chord F4 F3>,[0],[5],Studies No7 F major.mid,D’Aragona,,
100,<music21.chord.Chord E4 E3>,[0],[4],Studies No7 F major.mid,D’Aragona,,
100.25,<music21.chord.Chord F4 F3>,[0],[5],Studies No7 F major.mid,D’Aragona,,
100.5,<music21.chord.Chord G4 G3>,[0],[7],Studies No7 F major.mid,D’Aragona,,
100.75,<music21.chord.Chord A4 A3>,[0],[9],Studies No7 F major.mid,D’Aragona,,
101,<music21.chord.Chord B-4 B-3>,[0],[10],Studies No7 F major.mid,D’Aragona,,
101.25,<music21.chord.Chord C5 C4>,[0],[0],Studies No7 F major.mid,D’Aragona,,
101.5,<music21.chord.Chord D5 D4>,[0],[2],Studies No7 F major.mid,D’Aragona,,
101.75,<music21.chord.Chord E5 E4>,[0],[4],Studies No7 F major.mid,D’Aragona,,
102,<music21.chord.Chord F5 F4>,[0],[5],Studies No7 F major.mid,D’Aragona,,
103,<music21.chord.Chord F5 F4>,[0],[5],Studies No7 F major.mid,D’Aragona,,
104,<music21.chord.Chord C5 F5 F3 C4 F4>,"[0, 5]","[0, 5]",Studies No7 F major.mid,D’Aragona,,