Offset,Chord,Normal Form,PCsinNormalForm,file,Phrase Boundary,Measure Number,Measure Count
0.0,<music21.chord.Chord B-5 B-4>,[0],[10],Children's Corner 113 6 Eb Major.mid,Debussy,1,1.0
0.25,<music21.chord.Chord G#5 G#4>,[0],[8],Children's Corner 113 6 Eb Major.mid,Debussy,1,1.25
0.75,<music21.chord.Chord B-5 B-4>,[0],[10],Children's Corner 113 6 Eb Major.mid,Debussy,1,1.75
1.0,<music21.chord.Chord F5 F4>,[0],[5],Children's Corner 113 6 Eb Major.mid,Debussy,1,2.0
1.5,<music21.chord.Chord B-5 B-4>,[0],[10],Children's Corner 113 6 Eb Major.mid,Debussy,1,2.5
2.0,<music21.chord.Chord G#5 G#4>,[0],[8],Children's Corner 113 6 Eb Major.mid,Debussy,2,1.0
2.25,<music21.chord.Chord F5 F4>,[0],[5],Children's Corner 113 6 Eb Major.mid,Debussy,2,1.25
2.75,<music21.chord.Chord E-5 E-4>,[0],[3],Children's Corner 113 6 Eb Major.mid,Debussy,2,1.75
3.0,<music21.chord.Chord B4 B3>,[0],[11],Children's Corner 113 6 Eb Major.mid,Debussy,2,2.0
4.25,<music21.chord.Chord G#4 G#3>,[0],[8],Children's Corner 113 6 Eb Major.mid,Debussy,3,1.25
4.5,<music21.chord.Chord F4 F3>,[0],[5],Children's Corner 113 6 Eb Major.mid,Debussy,3,1.5
4.75,<music21.chord.Chord E-4 E-3>,[0],[3],Children's Corner 113 6 Eb Major.mid,Debussy,3,1.75
5.0,<music21.chord.Chord B3 B2>,[0],[11],Children's Corner 113 6 Eb Major.mid,Debussy,3,2.0
6.25,<music21.chord.Chord G#3 G#2>,[0],[8],Children's Corner 113 6 Eb Major.mid,Debussy,4,1.25
6.5,<music21.chord.Chord F3 F2>,[0],[5],Children's Corner 113 6 Eb Major.mid,Debussy,4,1.5
6.75,<music21.chord.Chord E-3 E-2>,[0],[3],Children's Corner 113 6 Eb Major.mid,Debussy,4,1.75
7.0,<music21.chord.Chord B2 B1>,[0],[11],Children's Corner 113 6 Eb Major.mid,Debussy,4,2.0
7.5,<music21.chord.Chord D3 G3 B-1 B-2>,"[0, 3, 7]","[7, 10, 2]",Children's Corner 113 6 Eb Major.mid,Debussy,4,2.5
10.0,<music21.chord.Chord E-2 B-2>,"[0, 5]","[10, 3]",Children's Corner 113 6 Eb Major.mid,Debussy,6,1.0
10.5,<music21.chord.Chord E-3 B-3 F3 G3>,"[0, 2, 4, 7]","[3, 5, 7, 10]",Children's Corner 113 6 Eb Major.mid,Debussy,6,1.5
11.0,<music21.chord.Chord E-2 B-2>,"[0, 5]","[10, 3]",Children's Corner 113 6 Eb Major.mid,Debussy,6,2.0
11.5,<music21.chord.Chord E-3 B-3 F3 G3>,"[0, 2, 4, 7]","[3, 5, 7, 10]",Children's Corner 113 6 Eb Major.mid,Debussy,6,2.5
11.75,<music21.chord.Chord E-3 B-3>,"[0, 5]","[10, 3]",Children's Corner 113 6 Eb Major.mid,Debussy,6,2.75
12.0,<music21.chord.Chord E-2 B-2>,"[0, 5]","[10, 3]",Children's Corner 113 6 Eb Major.mid,Debussy,7,1.0
12.5,<music21.chord.Chord E-3 B-3 F3 G3>,"[0, 2, 4, 7]","[3, 5, 7, 10]",Children's Corner 113 6 Eb Major.mid,Debussy,7,1.5
13.0,<music21.chord.Chord E-2 B-2>,"[0, 5]","[10, 3]",Children's Corner 113 6 Eb Major.mid,Debussy,7,2.0
13.5,<music21.chord.Chord E-3 B-3 F3 G3>,"[0, 2, 4, 7]","[3, 5, 7, 10]",Children's Corner 113 6 Eb Major.mid,Debussy,7,2.5
14.0,<music21.chord.Chord E-2 B-2>,"[0, 5]","[10, 3]",Children's Corner 113 6 Eb Major.mid,Debussy,8,1.0
14.5,<music21.chord.Chord E-3 B-3 F3 G3>,"[0, 2, 4, 7]","[3, 5, 7, 10]",Children's Corner 113 6 Eb Major.mid,Debussy,8,1.5
14.75,<music21.chord.Chord E-3 B-3>,"[0, 5]","[10, 3]",Children's Corner 113 6 Eb Major.mid,Debussy,8,1.75
15.0,<music21.chord.Chord E-2 B-2>,"[0, 5]","[10, 3]",Children's Corner 113 6 Eb Major.mid,Debussy,8,2.0
15.5,<music21.chord.Chord E-3 B-3 F3 G3>,"[0, 2, 4, 7]","[3, 5, 7, 10]",Children's Corner 113 6 Eb Major.mid,Debussy,8,2.5
16.0,<music21.chord.Chord E-2 B-2>,"[0, 5]","[10, 3]",Children's Corner 113 6 Eb Major.mid,Debussy,9,1.0
16.5,<music21.chord.Chord E-3 B-3 F3 G3>,"[0, 2, 4, 7]","[3, 5, 7, 10]",Children's Corner 113 6 Eb Major.mid,Debussy,9,1.5
17.0,<music21.chord.Chord E-2 B-2>,"[0, 5]","[10, 3]",Children's Corner 113 6 Eb Major.mid,Debussy,9,2.0
17.5,<music21.chord.Chord E-3 B-3 F3 G3>,"[0, 2, 4, 7]","[3, 5, 7, 10]",Children's Corner 113 6 Eb Major.mid,Debussy,9,2.5
18.0,<music21.chord.Chord B-4 E-2 B-2>,"[0, 5]","[10, 3]",Children's Corner 113 6 Eb Major.mid,Debussy,10,1.0
18.125,<music21.chord.Chord B-4>,[0],[10],Children's Corner 113 6 Eb Major.mid,Debussy,10,1.125
18.25,<music21.chord.Chord G#4>,[0],[8],Children's Corner 113 6 Eb Major.mid,Debussy,10,1.25
18.5,<music21.chord.Chord B3 E-4 G#4 F3 G#3>,"[0, 2, 5, 8]","[3, 5, 8, 11]",Children's Corner 113 6 Eb Major.mid,Debussy,10,1.5
18.625,<music21.chord.Chord G#4 B3 E-4>,"[0, 3, 7]","[8, 11, 3]",Children's Corner 113 6 Eb Major.mid,Debussy,10,1.625
18.75,<music21.chord.Chord B-4 B3 E-4>,"[0, 1, 5]","[10, 11, 3]",Children's Corner 113 6 Eb Major.mid,Debussy,10,1.75
19.0,<music21.chord.Chord F4 E-2 B-2>,"[0, 2, 7]","[3, 5, 10]",Children's Corner 113 6 Eb Major.mid,Debussy,10,2.0
19.5,<music21.chord.Chord B-4 B3 E-4 F3 G#3>,"[0, 2, 5, 7, 8]","[3, 5, 8, 10, 11]",Children's Corner 113 6 Eb Major.mid,Debussy,10,2.5
19.625,<music21.chord.Chord B3 E-4>,"[0, 4]","[11, 3]",Children's Corner 113 6 Eb Major.mid,Debussy,10,2.625
20.0,<music21.chord.Chord G#4 E-2 B-2>,"[0, 2, 7]","[8, 10, 3]",Children's Corner 113 6 Eb Major.mid,Debussy,11,1.0
20.125,<music21.chord.Chord G#4>,[0],[8],Children's Corner 113 6 Eb Major.mid,Debussy,11,1.125
20.25,<music21.chord.Chord F4>,[0],[5],Children's Corner 113 6 Eb Major.mid,Debussy,11,1.25
20.5,<music21.chord.Chord B3 F4 F3 G#3>,"[0, 3, 6]","[5, 8, 11]",Children's Corner 113 6 Eb Major.mid,Debussy,11,1.5
20.625,<music21.chord.Chord F4 B3>,"[0, 6]","[5, 11]",Children's Corner 113 6 Eb Major.mid,Debussy,11,1.625
20.75,<music21.chord.Chord E-4 B3>,"[0, 4]","[11, 3]",Children's Corner 113 6 Eb Major.mid,Debussy,11,1.75
21.0,<music21.chord.Chord B3 E-2 B-2>,"[0, 1, 5]","[10, 11, 3]",Children's Corner 113 6 Eb Major.mid,Debussy,11,2.0
21.5,<music21.chord.Chord E-4 B3 F3 G#3>,"[0, 2, 5, 8]","[3, 5, 8, 11]",Children's Corner 113 6 Eb Major.mid,Debussy,11,2.5
21.625,<music21.chord.Chord B3>,[0],[11],Children's Corner 113 6 Eb Major.mid,Debussy,11,2.625
22.0,<music21.chord.Chord B-3 E-2 B-2>,"[0, 5]","[10, 3]",Children's Corner 113 6 Eb Major.mid,Debussy,12,1.0
22.125,<music21.chord.Chord B-3>,[0],[10],Children's Corner 113 6 Eb Major.mid,Debussy,12,1.125
22.25,<music21.chord.Chord B-3>,[0],[10],Children's Corner 113 6 Eb Major.mid,Debussy,12,1.25
22.5,<music21.chord.Chord F3 G3>,"[0, 2]","[5, 7]",Children's Corner 113 6 Eb Major.mid,Debussy,12,1.5
22.75,<music21.chord.Chord C4>,[0],[0],Children's Corner 113 6 Eb Major.mid,Debussy,12,1.75
23.0,<music21.chord.Chord B-3 E-2 B-2>,"[0, 5]","[10, 3]",Children's Corner 113 6 Eb Major.mid,Debussy,12,2.0
23.125,<music21.chord.Chord B-3>,[0],[10],Children's Corner 113 6 Eb Major.mid,Debussy,12,2.125
23.5,<music21.chord.Chord E-4 B-4 F3 G3>,"[0, 2, 4, 7]","[3, 5, 7, 10]",Children's Corner 113 6 Eb Major.mid,Debussy,12,2.5
24.0,<music21.chord.Chord B-3 E-2 B-2>,"[0, 5]","[10, 3]",Children's Corner 113 6 Eb Major.mid,Debussy,13,1.0
24.125,<music21.chord.Chord B-3>,[0],[10],Children's Corner 113 6 Eb Major.mid,Debussy,13,1.125
24.5,<music21.chord.Chord B-3 F3 G3>,"[0, 2, 5]","[5, 7, 10]",Children's Corner 113 6 Eb Major.mid,Debussy,13,1.5
24.625,<music21.chord.Chord B-3>,[0],[10],Children's Corner 113 6 Eb Major.mid,Debussy,13,1.625
25.0,<music21.chord.Chord B-3 E-2 B-2>,"[0, 5]","[10, 3]",Children's Corner 113 6 Eb Major.mid,Debussy,13,2.0
25.125,<music21.chord.Chord B-3>,[0],[10],Children's Corner 113 6 Eb Major.mid,Debussy,13,2.125
25.5,<music21.chord.Chord B-3 F3 G3>,"[0, 2, 5]","[5, 7, 10]",Children's Corner 113 6 Eb Major.mid,Debussy,13,2.5
25.625,<music21.chord.Chord B-3>,[0],[10],Children's Corner 113 6 Eb Major.mid,Debussy,13,2.625
26.0,<music21.chord.Chord B-3 E-2 B-2>,"[0, 5]","[10, 3]",Children's Corner 113 6 Eb Major.mid,Debussy,14,1.0
26.125,<music21.chord.Chord B-3>,[0],[10],Children's Corner 113 6 Eb Major.mid,Debussy,14,1.125
26.25,<music21.chord.Chord G#3>,[0],[8],Children's Corner 113 6 Eb Major.mid,Debussy,14,1.25
26.5,<music21.chord.Chord G#3 E-3 F3>,"[0, 2, 5]","[3, 5, 8]",Children's Corner 113 6 Eb Major.mid,Debussy,14,1.5
26.625,<music21.chord.Chord G#3>,[0],[8],Children's Corner 113 6 Eb Major.mid,Debussy,14,1.625
26.75,<music21.chord.Chord B-3>,[0],[10],Children's Corner 113 6 Eb Major.mid,Debussy,14,1.75
27.0,<music21.chord.Chord C4 E-2 B-2>,"[0, 2, 5]","[10, 0, 3]",Children's Corner 113 6 Eb Major.mid,Debussy,14,2.0
27.5,<music21.chord.Chord G#3 E-3 F3>,"[0, 2, 5]","[3, 5, 8]",Children's Corner 113 6 Eb Major.mid,Debussy,14,2.5
28.0,<music21.chord.Chord B-3 E-2 B-2>,"[0, 5]","[10, 3]",Children's Corner 113 6 Eb Major.mid,Debussy,15,1.0
28.125,<music21.chord.Chord B-3>,[0],[10],Children's Corner 113 6 Eb Major.mid,Debussy,15,1.125
28.25,<music21.chord.Chord G#3>,[0],[8],Children's Corner 113 6 Eb Major.mid,Debussy,15,1.25
28.5,<music21.chord.Chord G#3 E-3 F3>,"[0, 2, 5]","[3, 5, 8]",Children's Corner 113 6 Eb Major.mid,Debussy,15,1.5
28.625,<music21.chord.Chord G#3>,[0],[8],Children's Corner 113 6 Eb Major.mid,Debussy,15,1.625
28.75,<music21.chord.Chord B-3>,[0],[10],Children's Corner 113 6 Eb Major.mid,Debussy,15,1.75
29.0,<music21.chord.Chord B3 E-2 B-2>,"[0, 1, 5]","[10, 11, 3]",Children's Corner 113 6 Eb Major.mid,Debussy,15,2.0
29.5,<music21.chord.Chord G#3 E-3 F3>,"[0, 2, 5]","[3, 5, 8]",Children's Corner 113 6 Eb Major.mid,Debussy,15,2.5
30.0,<music21.chord.Chord B-3 B-2>,[0],[10],Children's Corner 113 6 Eb Major.mid,Debussy,16,1.0
30.25,<music21.chord.Chord G3 G2>,[0],[7],Children's Corner 113 6 Eb Major.mid,Debussy,16,1.25
30.75,<music21.chord.Chord F3 F2>,[0],[5],Children's Corner 113 6 Eb Major.mid,Debussy,16,1.75
31.0,<music21.chord.Chord E-3 E-2>,[0],[3],Children's Corner 113 6 Eb Major.mid,Debussy,16,2.0
31.5,<music21.chord.Chord D3 D2>,[0],[2],Children's Corner 113 6 Eb Major.mid,Debussy,16,2.5
32.0,<music21.chord.Chord C3 C2>,[0],[0],Children's Corner 113 6 Eb Major.mid,Debussy,17,1.0
32.5,<music21.chord.Chord G2 G1>,[0],[7],Children's Corner 113 6 Eb Major.mid,Debussy,17,1.5
33.0,<music21.chord.Chord C3 C2>,[0],[0],Children's Corner 113 6 Eb Major.mid,Debussy,17,2.0
33.5,<music21.chord.Chord D3 D2>,[0],[2],Children's Corner 113 6 Eb Major.mid,Debussy,17,2.5
34.0,<music21.chord.Chord B-4 E-2 B-2>,"[0, 5]","[10, 3]",Children's Corner 113 6 Eb Major.mid,Debussy,18,1.0
34.125,<music21.chord.Chord B-4>,[0],[10],Children's Corner 113 6 Eb Major.mid,Debussy,18,1.125
34.25,<music21.chord.Chord G#4>,[0],[8],Children's Corner 113 6 Eb Major.mid,Debussy,18,1.25
34.5,<music21.chord.Chord B3 E-4 G#4 F3 G#3>,"[0, 2, 5, 8]","[3, 5, 8, 11]",Children's Corner 113 6 Eb Major.mid,Debussy,18,1.5
34.625,<music21.chord.Chord G#4 B3 E-4>,"[0, 3, 7]","[8, 11, 3]",Children's Corner 113 6 Eb Major.mid,Debussy,18,1.625
34.75,<music21.chord.Chord B-4 B3 E-4>,"[0, 1, 5]","[10, 11, 3]",Children's Corner 113 6 Eb Major.mid,Debussy,18,1.75
35.0,<music21.chord.Chord F4 E-2 B-2>,"[0, 2, 7]","[3, 5, 10]",Children's Corner 113 6 Eb Major.mid,Debussy,18,2.0
35.5,<music21.chord.Chord B-4 B3 E-4 F3 G#3>,"[0, 2, 5, 7, 8]","[3, 5, 8, 10, 11]",Children's Corner 113 6 Eb Major.mid,Debussy,18,2.5
35.625,<music21.chord.Chord B3 E-4>,"[0, 4]","[11, 3]",Children's Corner 113 6 Eb Major.mid,Debussy,18,2.625
36.0,<music21.chord.Chord G#4 E-2 B-2>,"[0, 2, 7]","[8, 10, 3]",Children's Corner 113 6 Eb Major.mid,Debussy,19,1.0
36.125,<music21.chord.Chord G#4>,[0],[8],Children's Corner 113 6 Eb Major.mid,Debussy,19,1.125
36.25,<music21.chord.Chord F4>,[0],[5],Children's Corner 113 6 Eb Major.mid,Debussy,19,1.25
36.5,<music21.chord.Chord B3 F4 F3 G#3>,"[0, 3, 6]","[5, 8, 11]",Children's Corner 113 6 Eb Major.mid,Debussy,19,1.5
36.625,<music21.chord.Chord F4 B3>,"[0, 6]","[5, 11]",Children's Corner 113 6 Eb Major.mid,Debussy,19,1.625
36.75,<music21.chord.Chord E-4 B3>,"[0, 4]","[11, 3]",Children's Corner 113 6 Eb Major.mid,Debussy,19,1.75
37.0,<music21.chord.Chord B3 E-2 B-2>,"[0, 1, 5]","[10, 11, 3]",Children's Corner 113 6 Eb Major.mid,Debussy,19,2.0
37.5,<music21.chord.Chord E-4 B3 F3 G#3>,"[0, 2, 5, 8]","[3, 5, 8, 11]",Children's Corner 113 6 Eb Major.mid,Debussy,19,2.5
37.625,<music21.chord.Chord B3>,[0],[11],Children's Corner 113 6 Eb Major.mid,Debussy,19,2.625
38.0,<music21.chord.Chord B-3 E-2 B-2>,"[0, 5]","[10, 3]",Children's Corner 113 6 Eb Major.mid,Debussy,20,1.0
38.125,<music21.chord.Chord B-3>,[0],[10],Children's Corner 113 6 Eb Major.mid,Debussy,20,1.125
38.25,<music21.chord.Chord B-3>,[0],[10],Children's Corner 113 6 Eb Major.mid,Debussy,20,1.25
38.5,<music21.chord.Chord F3 G3>,"[0, 2]","[5, 7]",Children's Corner 113 6 Eb Major.mid,Debussy,20,1.5
38.75,<music21.chord.Chord C4>,[0],[0],Children's Corner 113 6 Eb Major.mid,Debussy,20,1.75
39.0,<music21.chord.Chord B-3 E-2 B-2>,"[0, 5]","[10, 3]",Children's Corner 113 6 Eb Major.mid,Debussy,20,2.0
39.125,<music21.chord.Chord B-3>,[0],[10],Children's Corner 113 6 Eb Major.mid,Debussy,20,2.125
39.5,<music21.chord.Chord E-4 B-4 F3 G3>,"[0, 2, 4, 7]","[3, 5, 7, 10]",Children's Corner 113 6 Eb Major.mid,Debussy,20,2.5
40.0,<music21.chord.Chord B-3 E-2 B-2>,"[0, 5]","[10, 3]",Children's Corner 113 6 Eb Major.mid,Debussy,21,1.0
40.125,<music21.chord.Chord B-3>,[0],[10],Children's Corner 113 6 Eb Major.mid,Debussy,21,1.125
40.5,<music21.chord.Chord B-3 F3 G3>,"[0, 2, 5]","[5, 7, 10]",Children's Corner 113 6 Eb Major.mid,Debussy,21,1.5
40.625,<music21.chord.Chord B-3>,[0],[10],Children's Corner 113 6 Eb Major.mid,Debussy,21,1.625
41.0,<music21.chord.Chord B-3 E-2 B-2>,"[0, 5]","[10, 3]",Children's Corner 113 6 Eb Major.mid,Debussy,21,2.0
41.125,<music21.chord.Chord B-3>,[0],[10],Children's Corner 113 6 Eb Major.mid,Debussy,21,2.125
41.5,<music21.chord.Chord B-3 F3 G3>,"[0, 2, 5]","[5, 7, 10]",Children's Corner 113 6 Eb Major.mid,Debussy,21,2.5
41.625,<music21.chord.Chord B-3>,[0],[10],Children's Corner 113 6 Eb Major.mid,Debussy,21,2.625
42.0,<music21.chord.Chord B-3 F#2 C#3>,"[0, 4, 7]","[6, 10, 1]",Children's Corner 113 6 Eb Major.mid,Debussy,22,1.0
42.125,<music21.chord.Chord B-3>,[0],[10],Children's Corner 113 6 Eb Major.mid,Debussy,22,1.125
42.25,<music21.chord.Chord B-3>,[0],[10],Children's Corner 113 6 Eb Major.mid,Debussy,22,1.25
42.5,<music21.chord.Chord C#3 F#3 G#3>,"[0, 2, 7]","[6, 8, 1]",Children's Corner 113 6 Eb Major.mid,Debussy,22,1.5
42.75,<music21.chord.Chord C4>,[0],[0],Children's Corner 113 6 Eb Major.mid,Debussy,22,1.75
43.0,<music21.chord.Chord B-3 F#2 C#3>,"[0, 4, 7]","[6, 10, 1]",Children's Corner 113 6 Eb Major.mid,Debussy,22,2.0
43.5,<music21.chord.Chord C#4 C#3 F#3 A3>,"[0, 3, 7]","[6, 9, 1]",Children's Corner 113 6 Eb Major.mid,Debussy,22,2.5
44.0,<music21.chord.Chord E-4 F#2 C#3>,"[0, 2, 5]","[1, 3, 6]",Children's Corner 113 6 Eb Major.mid,Debussy,23,1.0
44.5,<music21.chord.Chord F4 C#3 F#3 B-3>,"[0, 1, 5, 8]","[5, 6, 10, 1]",Children's Corner 113 6 Eb Major.mid,Debussy,23,1.5
45.0,<music21.chord.Chord E-4 F#2 C#3>,"[0, 2, 5]","[1, 3, 6]",Children's Corner 113 6 Eb Major.mid,Debussy,23,2.0
45.5,<music21.chord.Chord F#4 C#3 F#3 B3>,"[0, 2, 7]","[11, 1, 6]",Children's Corner 113 6 Eb Major.mid,Debussy,23,2.5
46.0,<music21.chord.Chord F4>,[0],[5],Children's Corner 113 6 Eb Major.mid,Debussy,24,1.0
46.25,<music21.chord.Chord F4>,[0],[5],Children's Corner 113 6 Eb Major.mid,Debussy,24,1.25
46.5,<music21.chord.Chord C#4 E4>,"[0, 3]","[1, 4]",Children's Corner 113 6 Eb Major.mid,Debussy,24,1.5
46.75,<music21.chord.Chord G4 C#4 E4>,"[0, 3, 6]","[1, 4, 7]",Children's Corner 113 6 Eb Major.mid,Debussy,24,1.75
47.0,<music21.chord.Chord F4 C4 E-4>,"[0, 3, 5]","[0, 3, 5]",Children's Corner 113 6 Eb Major.mid,Debussy,24,2.0
47.5,<music21.chord.Chord G4 D5 F3 A3 E-4>,"[0, 1, 3, 5, 7]","[2, 3, 5, 7, 9]",Children's Corner 113 6 Eb Major.mid,Debussy,24,2.5
48.0,<music21.chord.Chord D4 B-4 B-2 F3 B-3>,"[0, 4, 7]","[10, 2, 5]",Children's Corner 113 6 Eb Major.mid,Debussy,25,1.0
49.0,<music21.chord.Chord B-5 B-6 B-1 B-2>,[0],[10],Children's Corner 113 6 Eb Major.mid,Debussy,25,2.0
50.0,<music21.chord.Chord C4 E-4 G#3 B-3>,"[0, 2, 4, 7]","[8, 10, 0, 3]",Children's Corner 113 6 Eb Major.mid,Debussy,26,1.0
50.125,<music21.chord.Chord C4 E-4>,"[0, 3]","[0, 3]",Children's Corner 113 6 Eb Major.mid,Debussy,26,1.125
50.25,<music21.chord.Chord D4 F4>,"[0, 3]","[2, 5]",Children's Corner 113 6 Eb Major.mid,Debussy,26,1.25
50.5,<music21.chord.Chord D4 F4 G#4 B-4>,"[0, 3, 6, 8]","[2, 5, 8, 10]",Children's Corner 113 6 Eb Major.mid,Debussy,26,1.5
50.625,<music21.chord.Chord D4 F4>,"[0, 3]","[2, 5]",Children's Corner 113 6 Eb Major.mid,Debussy,26,1.625
50.75,<music21.chord.Chord E-4 G4>,"[0, 4]","[3, 7]",Children's Corner 113 6 Eb Major.mid,Debussy,26,1.75
51.0,<music21.chord.Chord D4 F4 G#3 B-3>,"[0, 3, 6, 8]","[2, 5, 8, 10]",Children's Corner 113 6 Eb Major.mid,Debussy,26,2.0
51.5,<music21.chord.Chord C4 E-4 G#4 B-4>,"[0, 2, 4, 7]","[8, 10, 0, 3]",Children's Corner 113 6 Eb Major.mid,Debussy,26,2.5
52.0,<music21.chord.Chord D4 F4 G#3 B-3>,"[0, 3, 6, 8]","[2, 5, 8, 10]",Children's Corner 113 6 Eb Major.mid,Debussy,27,1.0
52.125,<music21.chord.Chord D4 F4>,"[0, 3]","[2, 5]",Children's Corner 113 6 Eb Major.mid,Debussy,27,1.125
52.5,<music21.chord.Chord D4 F4 G#4 B-4>,"[0, 3, 6, 8]","[2, 5, 8, 10]",Children's Corner 113 6 Eb Major.mid,Debussy,27,1.5
52.625,<music21.chord.Chord D4 F4>,"[0, 3]","[2, 5]",Children's Corner 113 6 Eb Major.mid,Debussy,27,1.625
53.0,<music21.chord.Chord B-6 B-5 D4 F4 G#3 B-3>,"[0, 3, 6, 8]","[2, 5, 8, 10]",Children's Corner 113 6 Eb Major.mid,Debussy,27,2.0
53.125,<music21.chord.Chord D4 F4 B-6 B-5>,"[0, 4, 7]","[10, 2, 5]",Children's Corner 113 6 Eb Major.mid,Debussy,27,2.125
53.5,<music21.chord.Chord D4 F4 G#4 B-4>,"[0, 3, 6, 8]","[2, 5, 8, 10]",Children's Corner 113 6 Eb Major.mid,Debussy,27,2.5
53.625,<music21.chord.Chord D4 F4>,"[0, 3]","[2, 5]",Children's Corner 113 6 Eb Major.mid,Debussy,27,2.625
54.0,<music21.chord.Chord C4 E-4 G3 B-3>,"[0, 3, 5, 8]","[7, 10, 0, 3]",Children's Corner 113 6 Eb Major.mid,Debussy,28,1.0
54.125,<music21.chord.Chord C4 E-4>,"[0, 3]","[0, 3]",Children's Corner 113 6 Eb Major.mid,Debussy,28,1.125
54.25,<music21.chord.Chord D4 F4>,"[0, 3]","[2, 5]",Children's Corner 113 6 Eb Major.mid,Debussy,28,1.25
54.5,<music21.chord.Chord D4 F4 G4 B-4>,"[0, 3, 5, 8]","[2, 5, 7, 10]",Children's Corner 113 6 Eb Major.mid,Debussy,28,1.5
54.625,<music21.chord.Chord D4 F4>,"[0, 3]","[2, 5]",Children's Corner 113 6 Eb Major.mid,Debussy,28,1.625
54.75,<music21.chord.Chord E-4 G4>,"[0, 4]","[3, 7]",Children's Corner 113 6 Eb Major.mid,Debussy,28,1.75
55.0,<music21.chord.Chord D4 F4 G3 B-3>,"[0, 3, 5, 8]","[2, 5, 7, 10]",Children's Corner 113 6 Eb Major.mid,Debussy,28,2.0
55.5,<music21.chord.Chord C4 E-4 G4 B-4>,"[0, 3, 5, 8]","[7, 10, 0, 3]",Children's Corner 113 6 Eb Major.mid,Debussy,28,2.5
56.0,<music21.chord.Chord D4 F4 G3 B-3>,"[0, 3, 5, 8]","[2, 5, 7, 10]",Children's Corner 113 6 Eb Major.mid,Debussy,29,1.0
56.5,<music21.chord.Chord C4 E-4 G4 B-4>,"[0, 3, 5, 8]","[7, 10, 0, 3]",Children's Corner 113 6 Eb Major.mid,Debussy,29,1.5
56.625,<music21.chord.Chord C4 E-4>,"[0, 3]","[0, 3]",Children's Corner 113 6 Eb Major.mid,Debussy,29,1.625
57.0,<music21.chord.Chord D4 F4 G3 B-3>,"[0, 3, 5, 8]","[2, 5, 7, 10]",Children's Corner 113 6 Eb Major.mid,Debussy,29,2.0
57.5,<music21.chord.Chord G4 B-4 C5 E-4>,"[0, 3, 5, 8]","[7, 10, 0, 3]",Children's Corner 113 6 Eb Major.mid,Debussy,29,2.5
58.0,<music21.chord.Chord G#3 C4 E-4 B-2>,"[0, 2, 4, 7]","[8, 10, 0, 3]",Children's Corner 113 6 Eb Major.mid,Debussy,30,1.0
58.25,<music21.chord.Chord G#3 C4 E-4 C3>,"[0, 4, 7]","[8, 0, 3]",Children's Corner 113 6 Eb Major.mid,Debussy,30,1.25
58.75,<music21.chord.Chord G#3 C4 E-4 D3>,"[0, 4, 6, 7]","[8, 0, 2, 3]",Children's Corner 113 6 Eb Major.mid,Debussy,30,1.75
59.0,<music21.chord.Chord G#3 C4 E-4 C3>,"[0, 4, 7]","[8, 0, 3]",Children's Corner 113 6 Eb Major.mid,Debussy,30,2.0
59.125,<music21.chord.Chord G#3 C4 E-4>,"[0, 4, 7]","[8, 0, 3]",Children's Corner 113 6 Eb Major.mid,Debussy,30,2.125
59.5,<music21.chord.Chord G#3 C4 E-4 B-2>,"[0, 2, 4, 7]","[8, 10, 0, 3]",Children's Corner 113 6 Eb Major.mid,Debussy,30,2.5
59.625,<music21.chord.Chord G#3 C4 E-4>,"[0, 4, 7]","[8, 0, 3]",Children's Corner 113 6 Eb Major.mid,Debussy,30,2.625
60.0,<music21.chord.Chord G#3 C4 E-4 B-2>,"[0, 2, 4, 7]","[8, 10, 0, 3]",Children's Corner 113 6 Eb Major.mid,Debussy,31,1.0
60.25,<music21.chord.Chord G#3 C4 E-4 C3>,"[0, 4, 7]","[8, 0, 3]",Children's Corner 113 6 Eb Major.mid,Debussy,31,1.25
60.75,<music21.chord.Chord G#3 C4 E-4 D3>,"[0, 4, 6, 7]","[8, 0, 2, 3]",Children's Corner 113 6 Eb Major.mid,Debussy,31,1.75
61.0,<music21.chord.Chord G#3 C4 E-4 C3>,"[0, 4, 7]","[8, 0, 3]",Children's Corner 113 6 Eb Major.mid,Debussy,31,2.0
61.125,<music21.chord.Chord G#3 C4 E-4>,"[0, 4, 7]","[8, 0, 3]",Children's Corner 113 6 Eb Major.mid,Debussy,31,2.125
61.5,<music21.chord.Chord G#3 C4 E-4 B-2>,"[0, 2, 4, 7]","[8, 10, 0, 3]",Children's Corner 113 6 Eb Major.mid,Debussy,31,2.5
61.625,<music21.chord.Chord G#3 C4 E-4>,"[0, 4, 7]","[8, 0, 3]",Children's Corner 113 6 Eb Major.mid,Debussy,31,2.625
62.0,<music21.chord.Chord G3 C4 E-4 B-2>,"[0, 3, 5, 8]","[7, 10, 0, 3]",Children's Corner 113 6 Eb Major.mid,Debussy,32,1.0
62.25,<music21.chord.Chord G3 C4 E-4 C3>,"[0, 3, 7]","[0, 3, 7]",Children's Corner 113 6 Eb Major.mid,Debussy,32,1.25
62.75,<music21.chord.Chord G3 C4 E-4 D3>,"[0, 2, 3, 7]","[0, 2, 3, 7]",Children's Corner 113 6 Eb Major.mid,Debussy,32,1.75
63.0,<music21.chord.Chord G3 C4 E-4 C3>,"[0, 3, 7]","[0, 3, 7]",Children's Corner 113 6 Eb Major.mid,Debussy,32,2.0
63.125,<music21.chord.Chord G3 C4 E-4>,"[0, 3, 7]","[0, 3, 7]",Children's Corner 113 6 Eb Major.mid,Debussy,32,2.125
63.5,<music21.chord.Chord G3 C4 E-4 B-2>,"[0, 3, 5, 8]","[7, 10, 0, 3]",Children's Corner 113 6 Eb Major.mid,Debussy,32,2.5
63.625,<music21.chord.Chord G3 C4 E-4>,"[0, 3, 7]","[0, 3, 7]",Children's Corner 113 6 Eb Major.mid,Debussy,32,2.625
64.25,<music21.chord.Chord B-2 B-1>,[0],[10],Children's Corner 113 6 Eb Major.mid,Debussy,33,1.25
64.5,<music21.chord.Chord C3 C2>,[0],[0],Children's Corner 113 6 Eb Major.mid,Debussy,33,1.5
64.75,<music21.chord.Chord D3 D2>,[0],[2],Children's Corner 113 6 Eb Major.mid,Debussy,33,1.75
65.0,<music21.chord.Chord C3 C2>,[0],[0],Children's Corner 113 6 Eb Major.mid,Debussy,33,2.0
65.5,<music21.chord.Chord B-2 B-0 B-1>,[0],[10],Children's Corner 113 6 Eb Major.mid,Debussy,33,2.5
66.0,<music21.chord.Chord C4 E-4 G#3 B-3>,"[0, 2, 4, 7]","[8, 10, 0, 3]",Children's Corner 113 6 Eb Major.mid,Debussy,34,1.0
66.125,<music21.chord.Chord C4 E-4>,"[0, 3]","[0, 3]",Children's Corner 113 6 Eb Major.mid,Debussy,34,1.125
66.25,<music21.chord.Chord D4 F4>,"[0, 3]","[2, 5]",Children's Corner 113 6 Eb Major.mid,Debussy,34,1.25
66.5,<music21.chord.Chord D4 F4 G#4 B-4>,"[0, 3, 6, 8]","[2, 5, 8, 10]",Children's Corner 113 6 Eb Major.mid,Debussy,34,1.5
66.625,<music21.chord.Chord D4 F4>,"[0, 3]","[2, 5]",Children's Corner 113 6 Eb Major.mid,Debussy,34,1.625
66.75,<music21.chord.Chord E-4 G4>,"[0, 4]","[3, 7]",Children's Corner 113 6 Eb Major.mid,Debussy,34,1.75
67.0,<music21.chord.Chord D4 F4 G#3 B-3>,"[0, 3, 6, 8]","[2, 5, 8, 10]",Children's Corner 113 6 Eb Major.mid,Debussy,34,2.0
67.5,<music21.chord.Chord C4 E-4 G#4 B-4>,"[0, 2, 4, 7]","[8, 10, 0, 3]",Children's Corner 113 6 Eb Major.mid,Debussy,34,2.5
68.0,<music21.chord.Chord D4 F4 G#3 B-3>,"[0, 3, 6, 8]","[2, 5, 8, 10]",Children's Corner 113 6 Eb Major.mid,Debussy,35,1.0
68.125,<music21.chord.Chord D4 F4>,"[0, 3]","[2, 5]",Children's Corner 113 6 Eb Major.mid,Debussy,35,1.125
68.5,<music21.chord.Chord D4 F4 G#4 B-4>,"[0, 3, 6, 8]","[2, 5, 8, 10]",Children's Corner 113 6 Eb Major.mid,Debussy,35,1.5
68.625,<music21.chord.Chord D4 F4>,"[0, 3]","[2, 5]",Children's Corner 113 6 Eb Major.mid,Debussy,35,1.625
69.0,<music21.chord.Chord B-6 B-5 D4 F4 G#3 B-3>,"[0, 3, 6, 8]","[2, 5, 8, 10]",Children's Corner 113 6 Eb Major.mid,Debussy,35,2.0
69.125,<music21.chord.Chord D4 F4 B-6 B-5>,"[0, 4, 7]","[10, 2, 5]",Children's Corner 113 6 Eb Major.mid,Debussy,35,2.125
69.5,<music21.chord.Chord D4 F4 G#4 B-4>,"[0, 3, 6, 8]","[2, 5, 8, 10]",Children's Corner 113 6 Eb Major.mid,Debussy,35,2.5
69.625,<music21.chord.Chord D4 F4>,"[0, 3]","[2, 5]",Children's Corner 113 6 Eb Major.mid,Debussy,35,2.625
70.0,<music21.chord.Chord C4 E-4 G3 B-3>,"[0, 3, 5, 8]","[7, 10, 0, 3]",Children's Corner 113 6 Eb Major.mid,Debussy,36,1.0
70.125,<music21.chord.Chord C4 E-4>,"[0, 3]","[0, 3]",Children's Corner 113 6 Eb Major.mid,Debussy,36,1.125
70.25,<music21.chord.Chord D4 F4>,"[0, 3]","[2, 5]",Children's Corner 113 6 Eb Major.mid,Debussy,36,1.25
70.5,<music21.chord.Chord D4 F4 G4 B-4>,"[0, 3, 5, 8]","[2, 5, 7, 10]",Children's Corner 113 6 Eb Major.mid,Debussy,36,1.5
70.625,<music21.chord.Chord D4 F4>,"[0, 3]","[2, 5]",Children's Corner 113 6 Eb Major.mid,Debussy,36,1.625
70.75,<music21.chord.Chord E-4 G4>,"[0, 4]","[3, 7]",Children's Corner 113 6 Eb Major.mid,Debussy,36,1.75
71.0,<music21.chord.Chord D4 F4 G3 B-3>,"[0, 3, 5, 8]","[2, 5, 7, 10]",Children's Corner 113 6 Eb Major.mid,Debussy,36,2.0
71.5,<music21.chord.Chord C4 E-4 G4 B-4>,"[0, 3, 5, 8]","[7, 10, 0, 3]",Children's Corner 113 6 Eb Major.mid,Debussy,36,2.5
72.0,<music21.chord.Chord D4 F4 G3 B-3>,"[0, 3, 5, 8]","[2, 5, 7, 10]",Children's Corner 113 6 Eb Major.mid,Debussy,37,1.0
72.5,<music21.chord.Chord C4 E-4 G4 B-4>,"[0, 3, 5, 8]","[7, 10, 0, 3]",Children's Corner 113 6 Eb Major.mid,Debussy,37,1.5
72.625,<music21.chord.Chord C4 E-4>,"[0, 3]","[0, 3]",Children's Corner 113 6 Eb Major.mid,Debussy,37,1.625
73.0,<music21.chord.Chord D4 F4 G3 B-3>,"[0, 3, 5, 8]","[2, 5, 7, 10]",Children's Corner 113 6 Eb Major.mid,Debussy,37,2.0
73.5,<music21.chord.Chord G4 B-4 C5 E-4>,"[0, 3, 5, 8]","[7, 10, 0, 3]",Children's Corner 113 6 Eb Major.mid,Debussy,37,2.5
74.0,<music21.chord.Chord B-5 B4 E-5 B-4 B3 E-4>,"[0, 1, 5]","[10, 11, 3]",Children's Corner 113 6 Eb Major.mid,Debussy,38,1.0
74.25,<music21.chord.Chord G#5 B4 E-5 G#4 B3 E-4>,"[0, 3, 7]","[8, 11, 3]",Children's Corner 113 6 Eb Major.mid,Debussy,38,1.25
74.75,<music21.chord.Chord B-5 B4 E-5 B-4 B3 E-4>,"[0, 1, 5]","[10, 11, 3]",Children's Corner 113 6 Eb Major.mid,Debussy,38,1.75
75.0,<music21.chord.Chord F5 B4 E-5 F4 B3 E-4>,"[0, 4, 6]","[11, 3, 5]",Children's Corner 113 6 Eb Major.mid,Debussy,38,2.0
75.5,<music21.chord.Chord B-5 B4 E-5 B-4 B3 E-4>,"[0, 1, 5]","[10, 11, 3]",Children's Corner 113 6 Eb Major.mid,Debussy,38,2.5
76.0,<music21.chord.Chord G#5 B4 E-5 G#4 B3 E-4>,"[0, 3, 7]","[8, 11, 3]",Children's Corner 113 6 Eb Major.mid,Debussy,39,1.0
76.25,<music21.chord.Chord F5 B4 E-5 F4 B3 E-4>,"[0, 4, 6]","[11, 3, 5]",Children's Corner 113 6 Eb Major.mid,Debussy,39,1.25
76.75,<music21.chord.Chord E-5 B4 E-4 B3>,"[0, 4]","[11, 3]",Children's Corner 113 6 Eb Major.mid,Debussy,39,1.75
77.0,<music21.chord.Chord B4 B3>,[0],[11],Children's Corner 113 6 Eb Major.mid,Debussy,39,2.0
78.25,<music21.chord.Chord G#4 G#3>,[0],[8],Children's Corner 113 6 Eb Major.mid,Debussy,40,1.25
78.5,<music21.chord.Chord F4 F3>,[0],[5],Children's Corner 113 6 Eb Major.mid,Debussy,40,1.5
78.75,<music21.chord.Chord E-4 E-3>,[0],[3],Children's Corner 113 6 Eb Major.mid,Debussy,40,1.75
79.0,<music21.chord.Chord B3 B2>,[0],[11],Children's Corner 113 6 Eb Major.mid,Debussy,40,2.0
79.5,<music21.chord.Chord D3 G3 B-1 B-2>,"[0, 3, 7]","[7, 10, 2]",Children's Corner 113 6 Eb Major.mid,Debussy,40,2.5
80.5,<music21.chord.Chord E-3 B-3 F3 G3>,"[0, 2, 4, 7]","[3, 5, 7, 10]",Children's Corner 113 6 Eb Major.mid,Debussy,41,1.5
81.0,<music21.chord.Chord E-2 B-2>,"[0, 5]","[10, 3]",Children's Corner 113 6 Eb Major.mid,Debussy,41,2.0
81.5,<music21.chord.Chord E-3 B-3 F3 G3>,"[0, 2, 4, 7]","[3, 5, 7, 10]",Children's Corner 113 6 Eb Major.mid,Debussy,41,2.5
82.0,<music21.chord.Chord E-2 B-2>,"[0, 5]","[10, 3]",Children's Corner 113 6 Eb Major.mid,Debussy,42,1.0
84.5,<music21.chord.Chord E-3 B-3 F3 G3>,"[0, 2, 4, 7]","[3, 5, 7, 10]",Children's Corner 113 6 Eb Major.mid,Debussy,43,1.5
85.0,<music21.chord.Chord E-2 B-2>,"[0, 5]","[10, 3]",Children's Corner 113 6 Eb Major.mid,Debussy,43,2.0
85.5,<music21.chord.Chord E-3 B-3 F3 G3>,"[0, 2, 4, 7]","[3, 5, 7, 10]",Children's Corner 113 6 Eb Major.mid,Debussy,43,2.5
86.0,<music21.chord.Chord E-2 B-2>,"[0, 5]","[10, 3]",Children's Corner 113 6 Eb Major.mid,Debussy,44,1.0
88.5,<music21.chord.Chord E-3 B-3 F3 G3>,"[0, 2, 4, 7]","[3, 5, 7, 10]",Children's Corner 113 6 Eb Major.mid,Debussy,45,1.5
89.0,<music21.chord.Chord E-2 B-2>,"[0, 5]","[10, 3]",Children's Corner 113 6 Eb Major.mid,Debussy,45,2.0
89.5,<music21.chord.Chord E-3 B-3 F3 G3>,"[0, 2, 4, 7]","[3, 5, 7, 10]",Children's Corner 113 6 Eb Major.mid,Debussy,45,2.5
90.0,<music21.chord.Chord E-2>,[0],[3],Children's Corner 113 6 Eb Major.mid,Debussy,46,1.0
91.0,<music21.chord.Chord F2>,[0],[5],Children's Corner 113 6 Eb Major.mid,Debussy,46,2.0
92.0,<music21.chord.Chord C#3 F#2>,"[0, 5]","[1, 6]",Children's Corner 113 6 Eb Major.mid,Debussy,47,1.0
92.125,<music21.chord.Chord C#3>,[0],[1],Children's Corner 113 6 Eb Major.mid,Debussy,47,1.125
92.375,<music21.chord.Chord A3 C#3>,"[0, 4]","[9, 1]",Children's Corner 113 6 Eb Major.mid,Debussy,47,1.375
92.5,<music21.chord.Chord B-3 C#4 C#3>,"[0, 3]","[10, 1]",Children's Corner 113 6 Eb Major.mid,Debussy,47,1.5
92.625,<music21.chord.Chord C#3>,[0],[1],Children's Corner 113 6 Eb Major.mid,Debussy,47,1.625
93.0,<music21.chord.Chord F#2 C#3>,"[0, 5]","[1, 6]",Children's Corner 113 6 Eb Major.mid,Debussy,47,2.0
93.125,<music21.chord.Chord C#3>,[0],[1],Children's Corner 113 6 Eb Major.mid,Debussy,47,2.125
93.375,<music21.chord.Chord A3 C#3>,"[0, 4]","[9, 1]",Children's Corner 113 6 Eb Major.mid,Debussy,47,2.375
93.5,<music21.chord.Chord B-3 C#4 C#3>,"[0, 3]","[10, 1]",Children's Corner 113 6 Eb Major.mid,Debussy,47,2.5
93.625,<music21.chord.Chord C#3>,[0],[1],Children's Corner 113 6 Eb Major.mid,Debussy,47,2.625
94.0,<music21.chord.Chord F#2 C#3>,"[0, 5]","[1, 6]",Children's Corner 113 6 Eb Major.mid,Debussy,48,1.0
94.125,<music21.chord.Chord C#3>,[0],[1],Children's Corner 113 6 Eb Major.mid,Debussy,48,1.125
94.375,<music21.chord.Chord G3 C#3>,"[0, 6]","[1, 7]",Children's Corner 113 6 Eb Major.mid,Debussy,48,1.375
94.5,<music21.chord.Chord G#3 B3 C#3>,"[0, 3, 5]","[8, 11, 1]",Children's Corner 113 6 Eb Major.mid,Debussy,48,1.5
94.625,<music21.chord.Chord C#3>,[0],[1],Children's Corner 113 6 Eb Major.mid,Debussy,48,1.625
95.0,<music21.chord.Chord F#2 C#3>,"[0, 5]","[1, 6]",Children's Corner 113 6 Eb Major.mid,Debussy,48,2.0
95.125,<music21.chord.Chord C#3>,[0],[1],Children's Corner 113 6 Eb Major.mid,Debussy,48,2.125
95.375,<music21.chord.Chord G#3 C#3>,"[0, 5]","[8, 1]",Children's Corner 113 6 Eb Major.mid,Debussy,48,2.375
95.5,<music21.chord.Chord A3 C4 F4 C#3>,"[0, 4, 7, 8]","[5, 9, 0, 1]",Children's Corner 113 6 Eb Major.mid,Debussy,48,2.5
95.625,<music21.chord.Chord C#3>,[0],[1],Children's Corner 113 6 Eb Major.mid,Debussy,48,2.625
95.875,<music21.chord.Chord E-3 C#3>,"[0, 2]","[1, 3]",Children's Corner 113 6 Eb Major.mid,Debussy,48,2.875
96.0,<music21.chord.Chord C#3 F#2>,"[0, 5]","[1, 6]",Children's Corner 113 6 Eb Major.mid,Debussy,49,1.0
96.125,<music21.chord.Chord C#3>,[0],[1],Children's Corner 113 6 Eb Major.mid,Debussy,49,1.125
96.375,<music21.chord.Chord A3 C#3>,"[0, 4]","[9, 1]",Children's Corner 113 6 Eb Major.mid,Debussy,49,1.375
96.5,<music21.chord.Chord B-3 C#4 C#3>,"[0, 3]","[10, 1]",Children's Corner 113 6 Eb Major.mid,Debussy,49,1.5
96.625,<music21.chord.Chord C#3>,[0],[1],Children's Corner 113 6 Eb Major.mid,Debussy,49,1.625
97.0,<music21.chord.Chord F#2 C#3>,"[0, 5]","[1, 6]",Children's Corner 113 6 Eb Major.mid,Debussy,49,2.0
97.125,<music21.chord.Chord C#3>,[0],[1],Children's Corner 113 6 Eb Major.mid,Debussy,49,2.125
97.375,<music21.chord.Chord A3 C#3>,"[0, 4]","[9, 1]",Children's Corner 113 6 Eb Major.mid,Debussy,49,2.375
97.5,<music21.chord.Chord B-3 C#4 C#3>,"[0, 3]","[10, 1]",Children's Corner 113 6 Eb Major.mid,Debussy,49,2.5
97.625,<music21.chord.Chord C#3>,[0],[1],Children's Corner 113 6 Eb Major.mid,Debussy,49,2.625
98.0,<music21.chord.Chord F#2 C#3>,"[0, 5]","[1, 6]",Children's Corner 113 6 Eb Major.mid,Debussy,50,1.0
98.125,<music21.chord.Chord C#3>,[0],[1],Children's Corner 113 6 Eb Major.mid,Debussy,50,1.125
98.375,<music21.chord.Chord G3 C#3>,"[0, 6]","[1, 7]",Children's Corner 113 6 Eb Major.mid,Debussy,50,1.375
98.5,<music21.chord.Chord G#3 B3 C#3>,"[0, 3, 5]","[8, 11, 1]",Children's Corner 113 6 Eb Major.mid,Debussy,50,1.5
98.625,<music21.chord.Chord C#3>,[0],[1],Children's Corner 113 6 Eb Major.mid,Debussy,50,1.625
99.0,<music21.chord.Chord F#2 C#3>,"[0, 5]","[1, 6]",Children's Corner 113 6 Eb Major.mid,Debussy,50,2.0
99.125,<music21.chord.Chord C#3>,[0],[1],Children's Corner 113 6 Eb Major.mid,Debussy,50,2.125
99.375,<music21.chord.Chord G#3 C#3>,"[0, 5]","[8, 1]",Children's Corner 113 6 Eb Major.mid,Debussy,50,2.375
99.5,<music21.chord.Chord A3 C4 F4 C#3>,"[0, 4, 7, 8]","[5, 9, 0, 1]",Children's Corner 113 6 Eb Major.mid,Debussy,50,2.5
99.625,<music21.chord.Chord C#3>,[0],[1],Children's Corner 113 6 Eb Major.mid,Debussy,50,2.625
100.0,<music21.chord.Chord C#3>,[0],[1],Children's Corner 113 6 Eb Major.mid,Debussy,51,1.0
100.375,<music21.chord.Chord A3 C#3>,"[0, 4]","[9, 1]",Children's Corner 113 6 Eb Major.mid,Debussy,51,1.375
100.5,<music21.chord.Chord B-3 C#4 F#2 C#3>,"[0, 4, 7]","[6, 10, 1]",Children's Corner 113 6 Eb Major.mid,Debussy,51,1.5
100.625,<music21.chord.Chord C#3>,[0],[1],Children's Corner 113 6 Eb Major.mid,Debussy,51,1.625
101.0,<music21.chord.Chord F2 C#3>,"[0, 4]","[1, 5]",Children's Corner 113 6 Eb Major.mid,Debussy,51,2.0
101.125,<music21.chord.Chord C#3>,[0],[1],Children's Corner 113 6 Eb Major.mid,Debussy,51,2.125
101.5,<music21.chord.Chord E-2 C#3>,"[0, 2]","[1, 3]",Children's Corner 113 6 Eb Major.mid,Debussy,51,2.5
101.625,<music21.chord.Chord C#3>,[0],[1],Children's Corner 113 6 Eb Major.mid,Debussy,51,2.625
102.0,<music21.chord.Chord C#2 C#3>,[0],[1],Children's Corner 113 6 Eb Major.mid,Debussy,52,1.0
102.125,<music21.chord.Chord C#3>,[0],[1],Children's Corner 113 6 Eb Major.mid,Debussy,52,1.125
102.875,<music21.chord.Chord A3 C#3>,"[0, 4]","[9, 1]",Children's Corner 113 6 Eb Major.mid,Debussy,52,1.875
103.0,<music21.chord.Chord B-3 C#4 C#3>,"[0, 3]","[10, 1]",Children's Corner 113 6 Eb Major.mid,Debussy,52,2.0
103.125,<music21.chord.Chord C#3>,[0],[1],Children's Corner 113 6 Eb Major.mid,Debussy,52,2.125
104.5,<music21.chord.Chord F#2>,[0],[6],Children's Corner 113 6 Eb Major.mid,Debussy,53,1.5
105.0,<music21.chord.Chord F2>,[0],[5],Children's Corner 113 6 Eb Major.mid,Debussy,53,2.0
105.5,<music21.chord.Chord E-2>,[0],[3],Children's Corner 113 6 Eb Major.mid,Debussy,53,2.5
106.0,<music21.chord.Chord C#2>,[0],[1],Children's Corner 113 6 Eb Major.mid,Debussy,54,1.0
106.5,<music21.chord.Chord B1>,[0],[11],Children's Corner 113 6 Eb Major.mid,Debussy,54,1.5
106.875,<music21.chord.Chord C3>,[0],[0],Children's Corner 113 6 Eb Major.mid,Debussy,54,1.875
107.0,<music21.chord.Chord B2 C#3 B-1>,"[0, 1, 3]","[10, 11, 1]",Children's Corner 113 6 Eb Major.mid,Debussy,54,2.0
107.5,<music21.chord.Chord G#1>,[0],[8],Children's Corner 113 6 Eb Major.mid,Debussy,54,2.5
108.0,<music21.chord.Chord C#3 F#2>,"[0, 5]","[1, 6]",Children's Corner 113 6 Eb Major.mid,Debussy,55,1.0
108.125,<music21.chord.Chord C#3>,[0],[1],Children's Corner 113 6 Eb Major.mid,Debussy,55,1.125
108.375,<music21.chord.Chord A3 C#3>,"[0, 4]","[9, 1]",Children's Corner 113 6 Eb Major.mid,Debussy,55,1.375
108.5,<music21.chord.Chord B-3 C#4 C#3>,"[0, 3]","[10, 1]",Children's Corner 113 6 Eb Major.mid,Debussy,55,1.5
108.625,<music21.chord.Chord C#3>,[0],[1],Children's Corner 113 6 Eb Major.mid,Debussy,55,1.625
109.0,<music21.chord.Chord F#2 C#3>,"[0, 5]","[1, 6]",Children's Corner 113 6 Eb Major.mid,Debussy,55,2.0
109.125,<music21.chord.Chord C#3>,[0],[1],Children's Corner 113 6 Eb Major.mid,Debussy,55,2.125
109.375,<music21.chord.Chord A3 C#3>,"[0, 4]","[9, 1]",Children's Corner 113 6 Eb Major.mid,Debussy,55,2.375
109.5,<music21.chord.Chord B-3 C#4 C#3>,"[0, 3]","[10, 1]",Children's Corner 113 6 Eb Major.mid,Debussy,55,2.5
109.625,<music21.chord.Chord C#3>,[0],[1],Children's Corner 113 6 Eb Major.mid,Debussy,55,2.625
110.0,<music21.chord.Chord F#2 C#3>,"[0, 5]","[1, 6]",Children's Corner 113 6 Eb Major.mid,Debussy,56,1.0
110.125,<music21.chord.Chord C#3>,[0],[1],Children's Corner 113 6 Eb Major.mid,Debussy,56,1.125
110.375,<music21.chord.Chord G3 C#3>,"[0, 6]","[1, 7]",Children's Corner 113 6 Eb Major.mid,Debussy,56,1.375
110.5,<music21.chord.Chord G#3 B3 C#3>,"[0, 3, 5]","[8, 11, 1]",Children's Corner 113 6 Eb Major.mid,Debussy,56,1.5
110.625,<music21.chord.Chord C#3>,[0],[1],Children's Corner 113 6 Eb Major.mid,Debussy,56,1.625
111.0,<music21.chord.Chord F#2 C#3>,"[0, 5]","[1, 6]",Children's Corner 113 6 Eb Major.mid,Debussy,56,2.0
111.125,<music21.chord.Chord C#3>,[0],[1],Children's Corner 113 6 Eb Major.mid,Debussy,56,2.125
111.375,<music21.chord.Chord G#3 C#3>,"[0, 5]","[8, 1]",Children's Corner 113 6 Eb Major.mid,Debussy,56,2.375
111.5,<music21.chord.Chord A3 C4 F4 C#3>,"[0, 4, 7, 8]","[5, 9, 0, 1]",Children's Corner 113 6 Eb Major.mid,Debussy,56,2.5
111.625,<music21.chord.Chord C#3>,[0],[1],Children's Corner 113 6 Eb Major.mid,Debussy,56,2.625
111.875,<music21.chord.Chord E-3 C#3>,"[0, 2]","[1, 3]",Children's Corner 113 6 Eb Major.mid,Debussy,56,2.875
112.0,<music21.chord.Chord C#3 F#2>,"[0, 5]","[1, 6]",Children's Corner 113 6 Eb Major.mid,Debussy,57,1.0
112.125,<music21.chord.Chord C#3>,[0],[1],Children's Corner 113 6 Eb Major.mid,Debussy,57,1.125
112.375,<music21.chord.Chord A3 C#3>,"[0, 4]","[9, 1]",Children's Corner 113 6 Eb Major.mid,Debussy,57,1.375
112.5,<music21.chord.Chord B-3 C#4 C#3>,"[0, 3]","[10, 1]",Children's Corner 113 6 Eb Major.mid,Debussy,57,1.5
112.625,<music21.chord.Chord C#3>,[0],[1],Children's Corner 113 6 Eb Major.mid,Debussy,57,1.625
113.0,<music21.chord.Chord F#2 C#3>,"[0, 5]","[1, 6]",Children's Corner 113 6 Eb Major.mid,Debussy,57,2.0
113.125,<music21.chord.Chord C#3>,[0],[1],Children's Corner 113 6 Eb Major.mid,Debussy,57,2.125
113.375,<music21.chord.Chord A3 C#3>,"[0, 4]","[9, 1]",Children's Corner 113 6 Eb Major.mid,Debussy,57,2.375
113.5,<music21.chord.Chord B-3 C#4 C#3>,"[0, 3]","[10, 1]",Children's Corner 113 6 Eb Major.mid,Debussy,57,2.5
113.625,<music21.chord.Chord C#3>,[0],[1],Children's Corner 113 6 Eb Major.mid,Debussy,57,2.625
114.0,<music21.chord.Chord F#2 C#3>,"[0, 5]","[1, 6]",Children's Corner 113 6 Eb Major.mid,Debussy,58,1.0
114.125,<music21.chord.Chord C#3>,[0],[1],Children's Corner 113 6 Eb Major.mid,Debussy,58,1.125
114.375,<music21.chord.Chord G3 C#3>,"[0, 6]","[1, 7]",Children's Corner 113 6 Eb Major.mid,Debussy,58,1.375
114.5,<music21.chord.Chord G#3 B3 C#3>,"[0, 3, 5]","[8, 11, 1]",Children's Corner 113 6 Eb Major.mid,Debussy,58,1.5
114.625,<music21.chord.Chord C#3>,[0],[1],Children's Corner 113 6 Eb Major.mid,Debussy,58,1.625
115.0,<music21.chord.Chord F#2 C#3>,"[0, 5]","[1, 6]",Children's Corner 113 6 Eb Major.mid,Debussy,58,2.0
115.125,<music21.chord.Chord C#3>,[0],[1],Children's Corner 113 6 Eb Major.mid,Debussy,58,2.125
115.375,<music21.chord.Chord G#3 C#3>,"[0, 5]","[8, 1]",Children's Corner 113 6 Eb Major.mid,Debussy,58,2.375
115.5,<music21.chord.Chord A3 C4 F4 C#3>,"[0, 4, 7, 8]","[5, 9, 0, 1]",Children's Corner 113 6 Eb Major.mid,Debussy,58,2.5
115.625,<music21.chord.Chord C#3>,[0],[1],Children's Corner 113 6 Eb Major.mid,Debussy,58,2.625
116.0,<music21.chord.Chord C#3>,[0],[1],Children's Corner 113 6 Eb Major.mid,Debussy,59,1.0
116.375,<music21.chord.Chord A3 C#3>,"[0, 4]","[9, 1]",Children's Corner 113 6 Eb Major.mid,Debussy,59,1.375
116.5,<music21.chord.Chord B-3 C#4 F#2 C#3>,"[0, 4, 7]","[6, 10, 1]",Children's Corner 113 6 Eb Major.mid,Debussy,59,1.5
116.625,<music21.chord.Chord C#3>,[0],[1],Children's Corner 113 6 Eb Major.mid,Debussy,59,1.625
117.0,<music21.chord.Chord F2 C#3>,"[0, 4]","[1, 5]",Children's Corner 113 6 Eb Major.mid,Debussy,59,2.0
117.125,<music21.chord.Chord C#3>,[0],[1],Children's Corner 113 6 Eb Major.mid,Debussy,59,2.125
117.5,<music21.chord.Chord E-2 C#3>,"[0, 2]","[1, 3]",Children's Corner 113 6 Eb Major.mid,Debussy,59,2.5
117.625,<music21.chord.Chord C#3>,[0],[1],Children's Corner 113 6 Eb Major.mid,Debussy,59,2.625
118.0,<music21.chord.Chord C#2 C#3>,[0],[1],Children's Corner 113 6 Eb Major.mid,Debussy,60,1.0
118.125,<music21.chord.Chord C#3>,[0],[1],Children's Corner 113 6 Eb Major.mid,Debussy,60,1.125
120.5,<music21.chord.Chord E-2>,[0],[3],Children's Corner 113 6 Eb Major.mid,Debussy,61,1.5
121.0,<music21.chord.Chord A3 F2>,"[0, 4]","[5, 9]",Children's Corner 113 6 Eb Major.mid,Debussy,61,2.0
121.5,<music21.chord.Chord A3 F#2>,"[0, 3]","[6, 9]",Children's Corner 113 6 Eb Major.mid,Debussy,61,2.5
122.0,<music21.chord.Chord F4 A3 A2>,"[0, 4]","[5, 9]",Children's Corner 113 6 Eb Major.mid,Debussy,62,1.0
122.5,<music21.chord.Chord A3 F4 B-2>,"[0, 4, 5]","[5, 9, 10]",Children's Corner 113 6 Eb Major.mid,Debussy,62,1.5
123.0,<music21.chord.Chord A3 F4 B2>,"[0, 4, 6]","[5, 9, 11]",Children's Corner 113 6 Eb Major.mid,Debussy,62,2.0
123.5,<music21.chord.Chord B-3 E4 C3>,"[0, 2, 6]","[10, 0, 4]",Children's Corner 113 6 Eb Major.mid,Debussy,62,2.5
124.0,<music21.chord.Chord B3 E-4 G#2 C#3>,"[0, 3, 5, 7]","[8, 11, 1, 3]",Children's Corner 113 6 Eb Major.mid,Debussy,63,1.0
124.375,<music21.chord.Chord D5 B3 E-4 G#2 C#3>,"[0, 3, 5, 6, 7]","[8, 11, 1, 2, 3]",Children's Corner 113 6 Eb Major.mid,Debussy,63,1.375
124.5,<music21.chord.Chord B4 E-5 B3 E-4 G#3 F4 G#2 C#3>,"[0, 2, 4, 6, 9]","[11, 1, 3, 5, 8]",Children's Corner 113 6 Eb Major.mid,Debussy,63,1.5
124.625,<music21.chord.Chord B3 E-4 G#2 C#3>,"[0, 3, 5, 7]","[8, 11, 1, 3]",Children's Corner 113 6 Eb Major.mid,Debussy,63,1.625
124.875,<music21.chord.Chord C5 B3 E-4 G#2 C#3>,"[0, 3, 4, 5, 7]","[8, 11, 0, 1, 3]",Children's Corner 113 6 Eb Major.mid,Debussy,63,1.875
125.0,<music21.chord.Chord B4 C#5 B3 E-4 G#3 F4 G#2 C#3>,"[0, 2, 4, 6, 9]","[11, 1, 3, 5, 8]",Children's Corner 113 6 Eb Major.mid,Debussy,63,2.0
125.125,<music21.chord.Chord B3 E-4 G#2 C#3>,"[0, 3, 5, 7]","[8, 11, 1, 3]",Children's Corner 113 6 Eb Major.mid,Debussy,63,2.125
125.375,<music21.chord.Chord D5 B3 E-4 G#2 C#3>,"[0, 3, 5, 6, 7]","[8, 11, 1, 2, 3]",Children's Corner 113 6 Eb Major.mid,Debussy,63,2.375
125.5,<music21.chord.Chord B4 E-5 B3 E-4 G#3 F4 G#2 C#3>,"[0, 2, 4, 6, 9]","[11, 1, 3, 5, 8]",Children's Corner 113 6 Eb Major.mid,Debussy,63,2.5
125.625,<music21.chord.Chord B3 E-4 G#2 C#3>,"[0, 3, 5, 7]","[8, 11, 1, 3]",Children's Corner 113 6 Eb Major.mid,Debussy,63,2.625
126.375,<music21.chord.Chord D5>,[0],[2],Children's Corner 113 6 Eb Major.mid,Debussy,64,1.375
126.5,<music21.chord.Chord B4 E-5 G#3 B3 F4>,"[0, 2, 5, 8]","[3, 5, 8, 11]",Children's Corner 113 6 Eb Major.mid,Debussy,64,1.5
126.875,<music21.chord.Chord C5>,[0],[0],Children's Corner 113 6 Eb Major.mid,Debussy,64,1.875
127.0,<music21.chord.Chord B4 C#5 G#3 B3 F4>,"[0, 3, 6, 8]","[5, 8, 11, 1]",Children's Corner 113 6 Eb Major.mid,Debussy,64,2.0
127.375,<music21.chord.Chord D5>,[0],[2],Children's Corner 113 6 Eb Major.mid,Debussy,64,2.375
127.5,<music21.chord.Chord B4 E-5 G#3 B3 F4>,"[0, 2, 5, 8]","[3, 5, 8, 11]",Children's Corner 113 6 Eb Major.mid,Debussy,64,2.5
129.0,<music21.chord.Chord A3>,[0],[9],Children's Corner 113 6 Eb Major.mid,Debussy,65,2.0
130.0,<music21.chord.Chord F4 A3 C#3>,"[0, 4, 8]","[1, 5, 9]",Children's Corner 113 6 Eb Major.mid,Debussy,66,1.0
131.5,<music21.chord.Chord E4 A3 C#3>,"[0, 4, 7]","[9, 1, 4]",Children's Corner 113 6 Eb Major.mid,Debussy,66,2.5
132.0,<music21.chord.Chord B-3 E-4 F#2 C#3>,"[0, 3, 5, 8]","[10, 1, 3, 6]",Children's Corner 113 6 Eb Major.mid,Debussy,67,1.0
132.375,<music21.chord.Chord D5 B-3 E-4 C#3 F#2>,"[0, 3, 4, 5, 8]","[10, 1, 2, 3, 6]",Children's Corner 113 6 Eb Major.mid,Debussy,67,1.375
132.5,<music21.chord.Chord B-4 E-5 B-3 E-4 C#4 F#4 C#3 F#2>,"[0, 3, 5, 8]","[10, 1, 3, 6]",Children's Corner 113 6 Eb Major.mid,Debussy,67,1.5
132.625,<music21.chord.Chord B-3 E-4 C#3 F#2>,"[0, 3, 5, 8]","[10, 1, 3, 6]",Children's Corner 113 6 Eb Major.mid,Debussy,67,1.625
132.875,<music21.chord.Chord C5 B-3 E-4 C#3 F#2>,"[0, 2, 3, 5, 8]","[10, 0, 1, 3, 6]",Children's Corner 113 6 Eb Major.mid,Debussy,67,1.875
133.0,<music21.chord.Chord B-4 C#5 B-3 E-4 C#4 F#4 C#3 F#2>,"[0, 3, 5, 8]","[10, 1, 3, 6]",Children's Corner 113 6 Eb Major.mid,Debussy,67,2.0
133.125,<music21.chord.Chord B-3 E-4 C#3 F#2>,"[0, 3, 5, 8]","[10, 1, 3, 6]",Children's Corner 113 6 Eb Major.mid,Debussy,67,2.125
133.375,<music21.chord.Chord D5 B-3 E-4 C#3 F#2>,"[0, 3, 4, 5, 8]","[10, 1, 2, 3, 6]",Children's Corner 113 6 Eb Major.mid,Debussy,67,2.375
133.5,<music21.chord.Chord B-4 E-5 B-3 E-4 C#4 F#4 C#3 F#2>,"[0, 3, 5, 8]","[10, 1, 3, 6]",Children's Corner 113 6 Eb Major.mid,Debussy,67,2.5
133.625,<music21.chord.Chord B-3 E-4 C#3 F#2>,"[0, 3, 5, 8]","[10, 1, 3, 6]",Children's Corner 113 6 Eb Major.mid,Debussy,67,2.625
134.375,<music21.chord.Chord D5>,[0],[2],Children's Corner 113 6 Eb Major.mid,Debussy,68,1.375
134.5,<music21.chord.Chord B-4 E-5 B-3 C#4 F#4>,"[0, 3, 5, 8]","[10, 1, 3, 6]",Children's Corner 113 6 Eb Major.mid,Debussy,68,1.5
134.875,<music21.chord.Chord C5>,[0],[0],Children's Corner 113 6 Eb Major.mid,Debussy,68,1.875
135.0,<music21.chord.Chord B-4 C#5 B-3 C#4 F#4>,"[0, 4, 7]","[6, 10, 1]",Children's Corner 113 6 Eb Major.mid,Debussy,68,2.0
135.375,<music21.chord.Chord D5>,[0],[2],Children's Corner 113 6 Eb Major.mid,Debussy,68,2.375
135.5,<music21.chord.Chord B-4 E-5 B-3 C#4 F#4>,"[0, 3, 5, 8]","[10, 1, 3, 6]",Children's Corner 113 6 Eb Major.mid,Debussy,68,2.5
137.0,<music21.chord.Chord A4 A3>,[0],[9],Children's Corner 113 6 Eb Major.mid,Debussy,69,2.0
138.0,<music21.chord.Chord F5 F4>,[0],[5],Children's Corner 113 6 Eb Major.mid,Debussy,70,1.0
138.5,<music21.chord.Chord G#5 G#4>,[0],[8],Children's Corner 113 6 Eb Major.mid,Debussy,70,1.5
139.5,<music21.chord.Chord F#5 F#4>,[0],[6],Children's Corner 113 6 Eb Major.mid,Debussy,70,2.5
140.0,<music21.chord.Chord E-5 B-4 C#3>,"[0, 3, 5]","[10, 1, 3]",Children's Corner 113 6 Eb Major.mid,Debussy,71,1.0
140.25,<music21.chord.Chord F#5 B-4 C#3>,"[0, 4, 7]","[6, 10, 1]",Children's Corner 113 6 Eb Major.mid,Debussy,71,1.25
140.5,<music21.chord.Chord G#4 F#5 F4 G#3 B3 C#3>,"[0, 1, 3, 6, 8]","[5, 6, 8, 11, 1]",Children's Corner 113 6 Eb Major.mid,Debussy,71,1.5
140.75,<music21.chord.Chord F5 G#4 C#3 F4 G#3 B3>,"[0, 3, 6, 8]","[5, 8, 11, 1]",Children's Corner 113 6 Eb Major.mid,Debussy,71,1.75
141.0,<music21.chord.Chord C#5 F#4 E-4 C#3 G#3 B3>,"[0, 2, 4, 7, 9]","[11, 1, 3, 6, 8]",Children's Corner 113 6 Eb Major.mid,Debussy,71,2.0
141.5,<music21.chord.Chord F4 C#5 C#4 C#3 G#3 B3>,"[0, 3, 6, 8]","[5, 8, 11, 1]",Children's Corner 113 6 Eb Major.mid,Debussy,71,2.5
142.0,<music21.chord.Chord G#4 E-4 B3 F#3>,"[0, 3, 5, 8]","[3, 6, 8, 11]",Children's Corner 113 6 Eb Major.mid,Debussy,72,1.0
142.25,<music21.chord.Chord B4 E-4 B3 F#3>,"[0, 4, 7]","[11, 3, 6]",Children's Corner 113 6 Eb Major.mid,Debussy,72,1.25
142.5,<music21.chord.Chord C#4 B4 F3 B3>,"[0, 2, 6]","[11, 1, 5]",Children's Corner 113 6 Eb Major.mid,Debussy,72,1.5
142.75,<music21.chord.Chord B-4 C#4 B3 F3>,"[0, 1, 3, 7]","[10, 11, 1, 5]",Children's Corner 113 6 Eb Major.mid,Debussy,72,1.75
143.0,<music21.chord.Chord B3 C#4 E-3>,"[0, 2, 4]","[11, 1, 3]",Children's Corner 113 6 Eb Major.mid,Debussy,72,2.0
143.5,<music21.chord.Chord B-3 C#4 C#3>,"[0, 3]","[10, 1]",Children's Corner 113 6 Eb Major.mid,Debussy,72,2.5
144.0,<music21.chord.Chord B-3 C#4 F#2 C#3>,"[0, 4, 7]","[6, 10, 1]",Children's Corner 113 6 Eb Major.mid,Debussy,73,1.0
144.5,<music21.chord.Chord C#4 C#3 F#2>,"[0, 5]","[1, 6]",Children's Corner 113 6 Eb Major.mid,Debussy,73,1.5
145.0,<music21.chord.Chord A3 C#4 C#3 F#2>,"[0, 3, 7]","[6, 9, 1]",Children's Corner 113 6 Eb Major.mid,Debussy,73,2.0
145.5,<music21.chord.Chord A3 C#4 C#3 F#2>,"[0, 3, 7]","[6, 9, 1]",Children's Corner 113 6 Eb Major.mid,Debussy,73,2.5
146.0,<music21.chord.Chord F4 A3 G2 C#3>,"[0, 2, 4, 8]","[5, 7, 9, 1]",Children's Corner 113 6 Eb Major.mid,Debussy,74,1.0
146.5,<music21.chord.Chord A3 F4 C#3 G2>,"[0, 2, 4, 8]","[5, 7, 9, 1]",Children's Corner 113 6 Eb Major.mid,Debussy,74,1.5
147.0,<music21.chord.Chord B-3 F4 C#3 G2>,"[0, 2, 5, 8]","[5, 7, 10, 1]",Children's Corner 113 6 Eb Major.mid,Debussy,74,2.0
147.5,<music21.chord.Chord E4 B-3 C#3 G2>,"[0, 3, 6, 9]","[1, 4, 7, 10]",Children's Corner 113 6 Eb Major.mid,Debussy,74,2.5
148.0,<music21.chord.Chord B3 E-4 G#2 C#3>,"[0, 3, 5, 7]","[8, 11, 1, 3]",Children's Corner 113 6 Eb Major.mid,Debussy,75,1.0
148.375,<music21.chord.Chord D5 B3 E-4 G#2 C#3>,"[0, 3, 5, 6, 7]","[8, 11, 1, 2, 3]",Children's Corner 113 6 Eb Major.mid,Debussy,75,1.375
148.5,<music21.chord.Chord B4 E-5 B3 E-4 G#3 F4 G#2 C#3>,"[0, 2, 4, 6, 9]","[11, 1, 3, 5, 8]",Children's Corner 113 6 Eb Major.mid,Debussy,75,1.5
148.625,<music21.chord.Chord B3 E-4 G#2 C#3>,"[0, 3, 5, 7]","[8, 11, 1, 3]",Children's Corner 113 6 Eb Major.mid,Debussy,75,1.625
148.875,<music21.chord.Chord C5 B3 E-4 G#2 C#3>,"[0, 3, 4, 5, 7]","[8, 11, 0, 1, 3]",Children's Corner 113 6 Eb Major.mid,Debussy,75,1.875
149.0,<music21.chord.Chord B4 C#5 B3 E-4 G#3 F4 G#2 C#3>,"[0, 2, 4, 6, 9]","[11, 1, 3, 5, 8]",Children's Corner 113 6 Eb Major.mid,Debussy,75,2.0
149.125,<music21.chord.Chord B3 E-4 G#2 C#3>,"[0, 3, 5, 7]","[8, 11, 1, 3]",Children's Corner 113 6 Eb Major.mid,Debussy,75,2.125
149.375,<music21.chord.Chord D5 B3 E-4 G#2 C#3>,"[0, 3, 5, 6, 7]","[8, 11, 1, 2, 3]",Children's Corner 113 6 Eb Major.mid,Debussy,75,2.375
149.5,<music21.chord.Chord B4 E-5 B3 E-4 G#3 G#2 C#3>,"[0, 3, 5, 7]","[8, 11, 1, 3]",Children's Corner 113 6 Eb Major.mid,Debussy,75,2.5
149.625,<music21.chord.Chord B3 E-4 G#2 C#3>,"[0, 3, 5, 7]","[8, 11, 1, 3]",Children's Corner 113 6 Eb Major.mid,Debussy,75,2.625
150.5,<music21.chord.Chord F#3>,[0],[6],Children's Corner 113 6 Eb Major.mid,Debussy,76,1.5
151.0,<music21.chord.Chord A3 F3>,"[0, 4]","[5, 9]",Children's Corner 113 6 Eb Major.mid,Debussy,76,2.0
151.5,<music21.chord.Chord A3 E-3>,"[0, 6]","[3, 9]",Children's Corner 113 6 Eb Major.mid,Debussy,76,2.5
152.0,<music21.chord.Chord F4 A3 E-3>,"[0, 2, 6]","[3, 5, 9]",Children's Corner 113 6 Eb Major.mid,Debussy,77,1.0
153.0,<music21.chord.Chord A3 F4 C3>,"[0, 4, 7]","[5, 9, 0]",Children's Corner 113 6 Eb Major.mid,Debussy,77,2.0
153.5,<music21.chord.Chord E4 A3 C3>,"[0, 3, 7]","[9, 0, 4]",Children's Corner 113 6 Eb Major.mid,Debussy,77,2.5
154.0,<music21.chord.Chord B-3 E-4 F#2 C#3>,"[0, 3, 5, 8]","[10, 1, 3, 6]",Children's Corner 113 6 Eb Major.mid,Debussy,78,1.0
154.375,<music21.chord.Chord D5 B-3 E-4 F#2 C#3>,"[0, 3, 4, 5, 8]","[10, 1, 2, 3, 6]",Children's Corner 113 6 Eb Major.mid,Debussy,78,1.375
154.5,<music21.chord.Chord B-4 E-5 B-3 E-4 C#4 F#4 F#2 C#3>,"[0, 3, 5, 8]","[10, 1, 3, 6]",Children's Corner 113 6 Eb Major.mid,Debussy,78,1.5
154.625,<music21.chord.Chord B-3 E-4 F#2 C#3>,"[0, 3, 5, 8]","[10, 1, 3, 6]",Children's Corner 113 6 Eb Major.mid,Debussy,78,1.625
154.875,<music21.chord.Chord C5 B-3 E-4 F#2 C#3>,"[0, 2, 3, 5, 8]","[10, 0, 1, 3, 6]",Children's Corner 113 6 Eb Major.mid,Debussy,78,1.875
155.0,<music21.chord.Chord B-4 C#5 B-3 E-4 C#4 F4 F#2 C#3>,"[0, 3, 5, 7, 8]","[10, 1, 3, 5, 6]",Children's Corner 113 6 Eb Major.mid,Debussy,78,2.0
155.125,<music21.chord.Chord B-3 E-4 F#2 C#3>,"[0, 3, 5, 8]","[10, 1, 3, 6]",Children's Corner 113 6 Eb Major.mid,Debussy,78,2.125
155.375,<music21.chord.Chord D5 B-3 E-4 F#2 C#3>,"[0, 3, 4, 5, 8]","[10, 1, 2, 3, 6]",Children's Corner 113 6 Eb Major.mid,Debussy,78,2.375
155.5,<music21.chord.Chord B-4 E-5 B-3 E-4 C#4 F#2 C#3>,"[0, 3, 5, 8]","[10, 1, 3, 6]",Children's Corner 113 6 Eb Major.mid,Debussy,78,2.5
155.625,<music21.chord.Chord B-3 E-4 F#2 C#3>,"[0, 3, 5, 8]","[10, 1, 3, 6]",Children's Corner 113 6 Eb Major.mid,Debussy,78,2.625
157.0,<music21.chord.Chord C#5 C#4>,[0],[1],Children's Corner 113 6 Eb Major.mid,Debussy,79,2.0
158.0,<music21.chord.Chord A5 A4>,[0],[9],Children's Corner 113 6 Eb Major.mid,Debussy,80,1.0
158.5,<music21.chord.Chord B5 B4>,[0],[11],Children's Corner 113 6 Eb Major.mid,Debussy,80,1.5
159.5,<music21.chord.Chord B-5 B-4>,[0],[10],Children's Corner 113 6 Eb Major.mid,Debussy,80,2.5
160.0,<music21.chord.Chord F5 B-4 B2>,"[0, 5, 6]","[5, 10, 11]",Children's Corner 113 6 Eb Major.mid,Debussy,81,1.0
160.25,<music21.chord.Chord G#5 B-4 B2>,"[0, 2, 3]","[8, 10, 11]",Children's Corner 113 6 Eb Major.mid,Debussy,81,1.25
160.5,<music21.chord.Chord G#4 G#5 F#3 G#3 B3 E-4 B2>,"[0, 3, 5, 8]","[3, 6, 8, 11]",Children's Corner 113 6 Eb Major.mid,Debussy,81,1.5
160.75,<music21.chord.Chord F#5 G#4 B2 F#3 G#3 B3 E-4>,"[0, 3, 5, 8]","[3, 6, 8, 11]",Children's Corner 113 6 Eb Major.mid,Debussy,81,1.75
161.0,<music21.chord.Chord E-5 F#4 B2 F#3 G#3 B3 E-4>,"[0, 3, 5, 8]","[3, 6, 8, 11]",Children's Corner 113 6 Eb Major.mid,Debussy,81,2.0
161.5,<music21.chord.Chord F4 E-5 B2 F#3 G#3 B3 E-4>,"[0, 2, 3, 5, 8]","[3, 5, 6, 8, 11]",Children's Corner 113 6 Eb Major.mid,Debussy,81,2.5
162.0,<music21.chord.Chord B-4 E-4>,"[0, 5]","[10, 3]",Children's Corner 113 6 Eb Major.mid,Debussy,82,1.0
162.25,<music21.chord.Chord C#5 E-4>,"[0, 2]","[1, 3]",Children's Corner 113 6 Eb Major.mid,Debussy,82,1.25
162.5,<music21.chord.Chord C#5 C#4>,[0],[1],Children's Corner 113 6 Eb Major.mid,Debussy,82,1.5
162.75,<music21.chord.Chord B4 C#4>,"[0, 2]","[11, 1]",Children's Corner 113 6 Eb Major.mid,Debussy,82,1.75
163.0,<music21.chord.Chord F4 B3>,"[0, 6]","[5, 11]",Children's Corner 113 6 Eb Major.mid,Debussy,82,2.0
163.375,<music21.chord.Chord F4 B-3>,"[0, 5]","[5, 10]",Children's Corner 113 6 Eb Major.mid,Debussy,82,2.375
163.625,<music21.chord.Chord F4 G#3 B-3>,"[0, 3, 5]","[5, 8, 10]",Children's Corner 113 6 Eb Major.mid,Debussy,82,2.625
163.75,<music21.chord.Chord F#4 G#3>,"[0, 2]","[6, 8]",Children's Corner 113 6 Eb Major.mid,Debussy,82,2.75
164.0,<music21.chord.Chord F#3 B3 E-4 B-2>,"[0, 1, 5, 8]","[10, 11, 3, 6]",Children's Corner 113 6 Eb Major.mid,Debussy,83,1.0
164.25,<music21.chord.Chord F#3 B3 E-4 C#3>,"[0, 2, 4, 7]","[11, 1, 3, 6]",Children's Corner 113 6 Eb Major.mid,Debussy,83,1.25
164.75,<music21.chord.Chord F#3 B3 E-4 B2>,"[0, 4, 7]","[11, 3, 6]",Children's Corner 113 6 Eb Major.mid,Debussy,83,1.75
165.0,<music21.chord.Chord F#3 B3 E-4 C#2>,"[0, 2, 4, 7]","[11, 1, 3, 6]",Children's Corner 113 6 Eb Major.mid,Debussy,83,2.0
166.25,<music21.chord.Chord F#3 B3 E-4 E-2>,"[0, 4, 7]","[11, 3, 6]",Children's Corner 113 6 Eb Major.mid,Debussy,84,1.25
166.75,<music21.chord.Chord F#3 B3 E-4 F2>,"[0, 4, 6, 7]","[11, 3, 5, 6]",Children's Corner 113 6 Eb Major.mid,Debussy,84,1.75
167.0,<music21.chord.Chord F#3 B3 E-4 E-2>,"[0, 4, 7]","[11, 3, 6]",Children's Corner 113 6 Eb Major.mid,Debussy,84,2.0
167.5,<music21.chord.Chord F#3 B3 E-4 C#2>,"[0, 2, 4, 7]","[11, 1, 3, 6]",Children's Corner 113 6 Eb Major.mid,Debussy,84,2.5
168.75,<music21.chord.Chord B-4 F#3 B3 E-4 C#2>,"[0, 1, 3, 5, 8]","[10, 11, 1, 3, 6]",Children's Corner 113 6 Eb Major.mid,Debussy,85,1.75
169.0,<music21.chord.Chord G#4 F#3 B3 E-4 C#2>,"[0, 2, 4, 7, 9]","[11, 1, 3, 6, 8]",Children's Corner 113 6 Eb Major.mid,Debussy,85,2.0
169.125,<music21.chord.Chord F#3 B3 E-4 C#2>,"[0, 2, 4, 7]","[11, 1, 3, 6]",Children's Corner 113 6 Eb Major.mid,Debussy,85,2.125
169.5,<music21.chord.Chord B-4 F#3 B3 E-4 C#2>,"[0, 1, 3, 5, 8]","[10, 11, 1, 3, 6]",Children's Corner 113 6 Eb Major.mid,Debussy,85,2.5
169.625,<music21.chord.Chord F#3 B3 E-4 C#2>,"[0, 2, 4, 7]","[11, 1, 3, 6]",Children's Corner 113 6 Eb Major.mid,Debussy,85,2.625
170.75,<music21.chord.Chord B-4 F#3 B3 E-4 C#2>,"[0, 1, 3, 5, 8]","[10, 11, 1, 3, 6]",Children's Corner 113 6 Eb Major.mid,Debussy,86,1.75
171.0,<music21.chord.Chord G#4 F#3 B3 E-4 C#2>,"[0, 2, 4, 7, 9]","[11, 1, 3, 6, 8]",Children's Corner 113 6 Eb Major.mid,Debussy,86,2.0
171.125,<music21.chord.Chord F#3 B3 E-4 C#2>,"[0, 2, 4, 7]","[11, 1, 3, 6]",Children's Corner 113 6 Eb Major.mid,Debussy,86,2.125
171.5,<music21.chord.Chord B-4 F#3 B3 E-4 C#2>,"[0, 1, 3, 5, 8]","[10, 11, 1, 3, 6]",Children's Corner 113 6 Eb Major.mid,Debussy,86,2.5
171.625,<music21.chord.Chord F#3 B3 E-4 C#2>,"[0, 2, 4, 7]","[11, 1, 3, 6]",Children's Corner 113 6 Eb Major.mid,Debussy,86,2.625
172.0,<music21.chord.Chord B3 C#4 F#3 B-2>,"[0, 4, 5, 7]","[6, 10, 11, 1]",Children's Corner 113 6 Eb Major.mid,Debussy,87,1.0
172.25,<music21.chord.Chord B3 C#4 F#3 C#3>,"[0, 2, 7]","[11, 1, 6]",Children's Corner 113 6 Eb Major.mid,Debussy,87,1.25
172.75,<music21.chord.Chord B3 C#4 F#3 B-2>,"[0, 4, 5, 7]","[6, 10, 11, 1]",Children's Corner 113 6 Eb Major.mid,Debussy,87,1.75
173.0,<music21.chord.Chord B3 C#4 F#3 C#2>,"[0, 2, 7]","[11, 1, 6]",Children's Corner 113 6 Eb Major.mid,Debussy,87,2.0
173.25,<music21.chord.Chord B3 C#4 F#3 E-2>,"[0, 2, 4, 7]","[11, 1, 3, 6]",Children's Corner 113 6 Eb Major.mid,Debussy,87,2.25
173.75,<music21.chord.Chord B3 C#4 F#3 F2>,"[0, 2, 6, 7]","[11, 1, 5, 6]",Children's Corner 113 6 Eb Major.mid,Debussy,87,2.75
174.0,<music21.chord.Chord F3 B3 C#4 E-2>,"[0, 2, 4, 6]","[11, 1, 3, 5]",Children's Corner 113 6 Eb Major.mid,Debussy,88,1.0
174.5,<music21.chord.Chord B3 C#4 F3 C#2>,"[0, 2, 6]","[11, 1, 5]",Children's Corner 113 6 Eb Major.mid,Debussy,88,1.5
174.75,<music21.chord.Chord B-4 B3 C#4 F3 C#2>,"[0, 1, 3, 7]","[10, 11, 1, 5]",Children's Corner 113 6 Eb Major.mid,Debussy,88,1.75
175.0,<music21.chord.Chord G#4 B3 C#4 F3 C#2>,"[0, 3, 6, 8]","[5, 8, 11, 1]",Children's Corner 113 6 Eb Major.mid,Debussy,88,2.0
175.5,<music21.chord.Chord B-4 B3 C#4 F3 C#2>,"[0, 1, 3, 7]","[10, 11, 1, 5]",Children's Corner 113 6 Eb Major.mid,Debussy,88,2.5
176.0,<music21.chord.Chord B3 C#4 F3 C#2>,"[0, 2, 6]","[11, 1, 5]",Children's Corner 113 6 Eb Major.mid,Debussy,89,1.0
176.75,<music21.chord.Chord B-4 B3 C#4 F3 C#2>,"[0, 1, 3, 7]","[10, 11, 1, 5]",Children's Corner 113 6 Eb Major.mid,Debussy,89,1.75
177.0,<music21.chord.Chord G#4 B3 C#4 F3 C#2>,"[0, 3, 6, 8]","[5, 8, 11, 1]",Children's Corner 113 6 Eb Major.mid,Debussy,89,2.0
177.5,<music21.chord.Chord B-4 B3 C#4 F3 C#2>,"[0, 1, 3, 7]","[10, 11, 1, 5]",Children's Corner 113 6 Eb Major.mid,Debussy,89,2.5
178.0,<music21.chord.Chord B-4>,[0],[10],Children's Corner 113 6 Eb Major.mid,Debussy,90,1.0
178.25,<music21.chord.Chord G#4>,[0],[8],Children's Corner 113 6 Eb Major.mid,Debussy,90,1.25
178.75,<music21.chord.Chord B-4>,[0],[10],Children's Corner 113 6 Eb Major.mid,Debussy,90,1.75
179.0,<music21.chord.Chord F4>,[0],[5],Children's Corner 113 6 Eb Major.mid,Debussy,90,2.0
179.5,<music21.chord.Chord B-4>,[0],[10],Children's Corner 113 6 Eb Major.mid,Debussy,90,2.5
180.0,<music21.chord.Chord G#4>,[0],[8],Children's Corner 113 6 Eb Major.mid,Debussy,91,1.0
180.25,<music21.chord.Chord F4>,[0],[5],Children's Corner 113 6 Eb Major.mid,Debussy,91,1.25
180.75,<music21.chord.Chord E-4>,[0],[3],Children's Corner 113 6 Eb Major.mid,Debussy,91,1.75
181.0,<music21.chord.Chord B3>,[0],[11],Children's Corner 113 6 Eb Major.mid,Debussy,91,2.0
181.5,<music21.chord.Chord E-4>,[0],[3],Children's Corner 113 6 Eb Major.mid,Debussy,91,2.5
182.0,<music21.chord.Chord B-3 E-2 B-2>,"[0, 5]","[10, 3]",Children's Corner 113 6 Eb Major.mid,Debussy,92,1.0
182.125,<music21.chord.Chord B-3>,[0],[10],Children's Corner 113 6 Eb Major.mid,Debussy,92,1.125
182.25,<music21.chord.Chord B-3>,[0],[10],Children's Corner 113 6 Eb Major.mid,Debussy,92,1.25
182.5,<music21.chord.Chord F3 G3>,"[0, 2]","[5, 7]",Children's Corner 113 6 Eb Major.mid,Debussy,92,1.5
182.75,<music21.chord.Chord C4>,[0],[0],Children's Corner 113 6 Eb Major.mid,Debussy,92,1.75
183.0,<music21.chord.Chord B-3 E-2 B-2>,"[0, 5]","[10, 3]",Children's Corner 113 6 Eb Major.mid,Debussy,92,2.0
183.125,<music21.chord.Chord B-3>,[0],[10],Children's Corner 113 6 Eb Major.mid,Debussy,92,2.125
183.5,<music21.chord.Chord E-4 B-4 F3 G3>,"[0, 2, 4, 7]","[3, 5, 7, 10]",Children's Corner 113 6 Eb Major.mid,Debussy,92,2.5
184.0,<music21.chord.Chord B-3 E-2 B-2>,"[0, 5]","[10, 3]",Children's Corner 113 6 Eb Major.mid,Debussy,93,1.0
184.125,<music21.chord.Chord B-3>,[0],[10],Children's Corner 113 6 Eb Major.mid,Debussy,93,1.125
184.5,<music21.chord.Chord B-3 F3 G3>,"[0, 2, 5]","[5, 7, 10]",Children's Corner 113 6 Eb Major.mid,Debussy,93,1.5
184.625,<music21.chord.Chord B-3>,[0],[10],Children's Corner 113 6 Eb Major.mid,Debussy,93,1.625
185.0,<music21.chord.Chord B-3 E-2 B-2>,"[0, 5]","[10, 3]",Children's Corner 113 6 Eb Major.mid,Debussy,93,2.0
185.125,<music21.chord.Chord B-3>,[0],[10],Children's Corner 113 6 Eb Major.mid,Debussy,93,2.125
185.5,<music21.chord.Chord B-3 F3 G3>,"[0, 2, 5]","[5, 7, 10]",Children's Corner 113 6 Eb Major.mid,Debussy,93,2.5
185.625,<music21.chord.Chord B-3>,[0],[10],Children's Corner 113 6 Eb Major.mid,Debussy,93,2.625
186.0,<music21.chord.Chord B-3 E-2 B-2>,"[0, 5]","[10, 3]",Children's Corner 113 6 Eb Major.mid,Debussy,94,1.0
186.125,<music21.chord.Chord B-3>,[0],[10],Children's Corner 113 6 Eb Major.mid,Debussy,94,1.125
186.25,<music21.chord.Chord G#3>,[0],[8],Children's Corner 113 6 Eb Major.mid,Debussy,94,1.25
186.5,<music21.chord.Chord G#3 E-3 F3>,"[0, 2, 5]","[3, 5, 8]",Children's Corner 113 6 Eb Major.mid,Debussy,94,1.5
186.625,<music21.chord.Chord G#3>,[0],[8],Children's Corner 113 6 Eb Major.mid,Debussy,94,1.625
186.75,<music21.chord.Chord B-3>,[0],[10],Children's Corner 113 6 Eb Major.mid,Debussy,94,1.75
187.0,<music21.chord.Chord C4 E-2 B-2>,"[0, 2, 5]","[10, 0, 3]",Children's Corner 113 6 Eb Major.mid,Debussy,94,2.0
187.5,<music21.chord.Chord G#3 E-3 F3>,"[0, 2, 5]","[3, 5, 8]",Children's Corner 113 6 Eb Major.mid,Debussy,94,2.5
188.0,<music21.chord.Chord B-3 E-2 B-2>,"[0, 5]","[10, 3]",Children's Corner 113 6 Eb Major.mid,Debussy,95,1.0
188.125,<music21.chord.Chord B-3>,[0],[10],Children's Corner 113 6 Eb Major.mid,Debussy,95,1.125
188.25,<music21.chord.Chord G#3>,[0],[8],Children's Corner 113 6 Eb Major.mid,Debussy,95,1.25
188.5,<music21.chord.Chord G#3 E-3 F3>,"[0, 2, 5]","[3, 5, 8]",Children's Corner 113 6 Eb Major.mid,Debussy,95,1.5
188.625,<music21.chord.Chord G#3>,[0],[8],Children's Corner 113 6 Eb Major.mid,Debussy,95,1.625
188.75,<music21.chord.Chord B-3>,[0],[10],Children's Corner 113 6 Eb Major.mid,Debussy,95,1.75
189.0,<music21.chord.Chord B3 E-2 B-2>,"[0, 1, 5]","[10, 11, 3]",Children's Corner 113 6 Eb Major.mid,Debussy,95,2.0
189.5,<music21.chord.Chord G#3 E-3 F3>,"[0, 2, 5]","[3, 5, 8]",Children's Corner 113 6 Eb Major.mid,Debussy,95,2.5
190.0,<music21.chord.Chord B-3 B-2>,[0],[10],Children's Corner 113 6 Eb Major.mid,Debussy,96,1.0
190.25,<music21.chord.Chord G3 G2>,[0],[7],Children's Corner 113 6 Eb Major.mid,Debussy,96,1.25
190.75,<music21.chord.Chord F3 F2>,[0],[5],Children's Corner 113 6 Eb Major.mid,Debussy,96,1.75
191.0,<music21.chord.Chord E-3 E-2>,[0],[3],Children's Corner 113 6 Eb Major.mid,Debussy,96,2.0
191.5,<music21.chord.Chord D3 D2>,[0],[2],Children's Corner 113 6 Eb Major.mid,Debussy,96,2.5
192.0,<music21.chord.Chord C3 C2>,[0],[0],Children's Corner 113 6 Eb Major.mid,Debussy,97,1.0
192.5,<music21.chord.Chord G2 G1>,[0],[7],Children's Corner 113 6 Eb Major.mid,Debussy,97,1.5
193.0,<music21.chord.Chord C3 C2>,[0],[0],Children's Corner 113 6 Eb Major.mid,Debussy,97,2.0
193.5,<music21.chord.Chord D3 D2>,[0],[2],Children's Corner 113 6 Eb Major.mid,Debussy,97,2.5
194.0,<music21.chord.Chord B-4 E-2 B-2>,"[0, 5]","[10, 3]",Children's Corner 113 6 Eb Major.mid,Debussy,98,1.0
194.125,<music21.chord.Chord B-4>,[0],[10],Children's Corner 113 6 Eb Major.mid,Debussy,98,1.125
194.25,<music21.chord.Chord G#4>,[0],[8],Children's Corner 113 6 Eb Major.mid,Debussy,98,1.25
194.5,<music21.chord.Chord B3 E-4 G#4 F3 G#3>,"[0, 2, 5, 8]","[3, 5, 8, 11]",Children's Corner 113 6 Eb Major.mid,Debussy,98,1.5
194.625,<music21.chord.Chord G#4 B3 E-4>,"[0, 3, 7]","[8, 11, 3]",Children's Corner 113 6 Eb Major.mid,Debussy,98,1.625
194.75,<music21.chord.Chord B-4 B3 E-4>,"[0, 1, 5]","[10, 11, 3]",Children's Corner 113 6 Eb Major.mid,Debussy,98,1.75
195.0,<music21.chord.Chord F4 E-2 B-2>,"[0, 2, 7]","[3, 5, 10]",Children's Corner 113 6 Eb Major.mid,Debussy,98,2.0
195.5,<music21.chord.Chord B-4 B3 E-4 F3 G#3>,"[0, 2, 5, 7, 8]","[3, 5, 8, 10, 11]",Children's Corner 113 6 Eb Major.mid,Debussy,98,2.5
195.625,<music21.chord.Chord B3 E-4>,"[0, 4]","[11, 3]",Children's Corner 113 6 Eb Major.mid,Debussy,98,2.625
196.0,<music21.chord.Chord G#4 E-2 B-2>,"[0, 2, 7]","[8, 10, 3]",Children's Corner 113 6 Eb Major.mid,Debussy,99,1.0
196.125,<music21.chord.Chord G#4>,[0],[8],Children's Corner 113 6 Eb Major.mid,Debussy,99,1.125
196.25,<music21.chord.Chord F4>,[0],[5],Children's Corner 113 6 Eb Major.mid,Debussy,99,1.25
196.5,<music21.chord.Chord B3 F4 F3 G#3>,"[0, 3, 6]","[5, 8, 11]",Children's Corner 113 6 Eb Major.mid,Debussy,99,1.5
196.625,<music21.chord.Chord F4 B3>,"[0, 6]","[5, 11]",Children's Corner 113 6 Eb Major.mid,Debussy,99,1.625
196.75,<music21.chord.Chord E-4 B3>,"[0, 4]","[11, 3]",Children's Corner 113 6 Eb Major.mid,Debussy,99,1.75
197.0,<music21.chord.Chord B3 E-2 B-2>,"[0, 1, 5]","[10, 11, 3]",Children's Corner 113 6 Eb Major.mid,Debussy,99,2.0
197.5,<music21.chord.Chord E-4 B3 F3 G#3>,"[0, 2, 5, 8]","[3, 5, 8, 11]",Children's Corner 113 6 Eb Major.mid,Debussy,99,2.5
197.625,<music21.chord.Chord B3>,[0],[11],Children's Corner 113 6 Eb Major.mid,Debussy,99,2.625
198.0,<music21.chord.Chord B-3 E-2 B-2>,"[0, 5]","[10, 3]",Children's Corner 113 6 Eb Major.mid,Debussy,100,1.0
198.125,<music21.chord.Chord B-3>,[0],[10],Children's Corner 113 6 Eb Major.mid,Debussy,100,1.125
198.25,<music21.chord.Chord B-3>,[0],[10],Children's Corner 113 6 Eb Major.mid,Debussy,100,1.25
198.5,<music21.chord.Chord F3 G3>,"[0, 2]","[5, 7]",Children's Corner 113 6 Eb Major.mid,Debussy,100,1.5
198.75,<music21.chord.Chord C4>,[0],[0],Children's Corner 113 6 Eb Major.mid,Debussy,100,1.75
199.0,<music21.chord.Chord B-3 E-2 B-2>,"[0, 5]","[10, 3]",Children's Corner 113 6 Eb Major.mid,Debussy,100,2.0
199.125,<music21.chord.Chord B-3>,[0],[10],Children's Corner 113 6 Eb Major.mid,Debussy,100,2.125
199.5,<music21.chord.Chord E-4 B-4 F3 G3>,"[0, 2, 4, 7]","[3, 5, 7, 10]",Children's Corner 113 6 Eb Major.mid,Debussy,100,2.5
200.0,<music21.chord.Chord B-3 E-2 B-2>,"[0, 5]","[10, 3]",Children's Corner 113 6 Eb Major.mid,Debussy,101,1.0
200.125,<music21.chord.Chord B-3>,[0],[10],Children's Corner 113 6 Eb Major.mid,Debussy,101,1.125
200.5,<music21.chord.Chord B-3 F3 G3>,"[0, 2, 5]","[5, 7, 10]",Children's Corner 113 6 Eb Major.mid,Debussy,101,1.5
200.625,<music21.chord.Chord B-3>,[0],[10],Children's Corner 113 6 Eb Major.mid,Debussy,101,1.625
201.0,<music21.chord.Chord B-3 E-2 B-2>,"[0, 5]","[10, 3]",Children's Corner 113 6 Eb Major.mid,Debussy,101,2.0
201.125,<music21.chord.Chord B-3>,[0],[10],Children's Corner 113 6 Eb Major.mid,Debussy,101,2.125
201.5,<music21.chord.Chord B-3 F3 G3>,"[0, 2, 5]","[5, 7, 10]",Children's Corner 113 6 Eb Major.mid,Debussy,101,2.5
201.625,<music21.chord.Chord B-3>,[0],[10],Children's Corner 113 6 Eb Major.mid,Debussy,101,2.625
202.0,<music21.chord.Chord B-3 F#2 C#3>,"[0, 4, 7]","[6, 10, 1]",Children's Corner 113 6 Eb Major.mid,Debussy,102,1.0
202.125,<music21.chord.Chord B-3>,[0],[10],Children's Corner 113 6 Eb Major.mid,Debussy,102,1.125
202.25,<music21.chord.Chord B-3>,[0],[10],Children's Corner 113 6 Eb Major.mid,Debussy,102,1.25
202.5,<music21.chord.Chord C#3 F#3 G#3>,"[0, 2, 7]","[6, 8, 1]",Children's Corner 113 6 Eb Major.mid,Debussy,102,1.5
202.75,<music21.chord.Chord C4>,[0],[0],Children's Corner 113 6 Eb Major.mid,Debussy,102,1.75
203.0,<music21.chord.Chord B-3 F#2 C#3>,"[0, 4, 7]","[6, 10, 1]",Children's Corner 113 6 Eb Major.mid,Debussy,102,2.0
203.5,<music21.chord.Chord C#4 C#3 F#3 A3>,"[0, 3, 7]","[6, 9, 1]",Children's Corner 113 6 Eb Major.mid,Debussy,102,2.5
204.0,<music21.chord.Chord E-4 F#2 C#3>,"[0, 2, 5]","[1, 3, 6]",Children's Corner 113 6 Eb Major.mid,Debussy,103,1.0
204.5,<music21.chord.Chord F4 C#3 F#3 B-3>,"[0, 1, 5, 8]","[5, 6, 10, 1]",Children's Corner 113 6 Eb Major.mid,Debussy,103,1.5
205.0,<music21.chord.Chord E-4 F#2 C#3>,"[0, 2, 5]","[1, 3, 6]",Children's Corner 113 6 Eb Major.mid,Debussy,103,2.0
205.5,<music21.chord.Chord F#4 C#3 F#3 B3>,"[0, 2, 7]","[11, 1, 6]",Children's Corner 113 6 Eb Major.mid,Debussy,103,2.5
206.0,<music21.chord.Chord F4>,[0],[5],Children's Corner 113 6 Eb Major.mid,Debussy,104,1.0
206.25,<music21.chord.Chord F4>,[0],[5],Children's Corner 113 6 Eb Major.mid,Debussy,104,1.25
206.5,<music21.chord.Chord C#4 E4>,"[0, 3]","[1, 4]",Children's Corner 113 6 Eb Major.mid,Debussy,104,1.5
206.75,<music21.chord.Chord G4 C#4 E4>,"[0, 3, 6]","[1, 4, 7]",Children's Corner 113 6 Eb Major.mid,Debussy,104,1.75
207.0,<music21.chord.Chord F4 C4 E-4>,"[0, 3, 5]","[0, 3, 5]",Children's Corner 113 6 Eb Major.mid,Debussy,104,2.0
207.5,<music21.chord.Chord G4 D5 F3 A3 E-4>,"[0, 1, 3, 5, 7]","[2, 3, 5, 7, 9]",Children's Corner 113 6 Eb Major.mid,Debussy,104,2.5
208.0,<music21.chord.Chord D4 B-4 B-2 F3 B-3>,"[0, 4, 7]","[10, 2, 5]",Children's Corner 113 6 Eb Major.mid,Debussy,105,1.0
209.0,<music21.chord.Chord B-5 B-6 B-1 B-2>,[0],[10],Children's Corner 113 6 Eb Major.mid,Debussy,105,2.0
210.0,<music21.chord.Chord C4 E-4 G#3 B-3>,"[0, 2, 4, 7]","[8, 10, 0, 3]",Children's Corner 113 6 Eb Major.mid,Debussy,106,1.0
210.125,<music21.chord.Chord C4 E-4>,"[0, 3]","[0, 3]",Children's Corner 113 6 Eb Major.mid,Debussy,106,1.125
210.25,<music21.chord.Chord D4 F4>,"[0, 3]","[2, 5]",Children's Corner 113 6 Eb Major.mid,Debussy,106,1.25
210.5,<music21.chord.Chord D4 F4 G#4 B-4>,"[0, 3, 6, 8]","[2, 5, 8, 10]",Children's Corner 113 6 Eb Major.mid,Debussy,106,1.5
210.625,<music21.chord.Chord D4 F4>,"[0, 3]","[2, 5]",Children's Corner 113 6 Eb Major.mid,Debussy,106,1.625
210.75,<music21.chord.Chord E-4 G4>,"[0, 4]","[3, 7]",Children's Corner 113 6 Eb Major.mid,Debussy,106,1.75
211.0,<music21.chord.Chord D4 F4 G#3 B-3>,"[0, 3, 6, 8]","[2, 5, 8, 10]",Children's Corner 113 6 Eb Major.mid,Debussy,106,2.0
211.5,<music21.chord.Chord C4 E-4 G#4 B-4>,"[0, 2, 4, 7]","[8, 10, 0, 3]",Children's Corner 113 6 Eb Major.mid,Debussy,106,2.5
212.0,<music21.chord.Chord D4 F4 G#3 B-3>,"[0, 3, 6, 8]","[2, 5, 8, 10]",Children's Corner 113 6 Eb Major.mid,Debussy,107,1.0
212.125,<music21.chord.Chord D4 F4>,"[0, 3]","[2, 5]",Children's Corner 113 6 Eb Major.mid,Debussy,107,1.125
212.5,<music21.chord.Chord D4 F4 G#4 B-4>,"[0, 3, 6, 8]","[2, 5, 8, 10]",Children's Corner 113 6 Eb Major.mid,Debussy,107,1.5
212.625,<music21.chord.Chord D4 F4>,"[0, 3]","[2, 5]",Children's Corner 113 6 Eb Major.mid,Debussy,107,1.625
213.0,<music21.chord.Chord B-6 B-5 D4 F4 G#3 B-3>,"[0, 3, 6, 8]","[2, 5, 8, 10]",Children's Corner 113 6 Eb Major.mid,Debussy,107,2.0
213.125,<music21.chord.Chord D4 F4 B-6 B-5>,"[0, 4, 7]","[10, 2, 5]",Children's Corner 113 6 Eb Major.mid,Debussy,107,2.125
213.5,<music21.chord.Chord D4 F4 G#4 B-4>,"[0, 3, 6, 8]","[2, 5, 8, 10]",Children's Corner 113 6 Eb Major.mid,Debussy,107,2.5
213.625,<music21.chord.Chord D4 F4>,"[0, 3]","[2, 5]",Children's Corner 113 6 Eb Major.mid,Debussy,107,2.625
214.0,<music21.chord.Chord C4 E-4 G3 B-3>,"[0, 3, 5, 8]","[7, 10, 0, 3]",Children's Corner 113 6 Eb Major.mid,Debussy,108,1.0
214.125,<music21.chord.Chord C4 E-4>,"[0, 3]","[0, 3]",Children's Corner 113 6 Eb Major.mid,Debussy,108,1.125
214.25,<music21.chord.Chord D4 F4>,"[0, 3]","[2, 5]",Children's Corner 113 6 Eb Major.mid,Debussy,108,1.25
214.5,<music21.chord.Chord D4 F4 G4 B-4>,"[0, 3, 5, 8]","[2, 5, 7, 10]",Children's Corner 113 6 Eb Major.mid,Debussy,108,1.5
214.625,<music21.chord.Chord D4 F4>,"[0, 3]","[2, 5]",Children's Corner 113 6 Eb Major.mid,Debussy,108,1.625
214.75,<music21.chord.Chord E-4 G4>,"[0, 4]","[3, 7]",Children's Corner 113 6 Eb Major.mid,Debussy,108,1.75
215.0,<music21.chord.Chord D4 F4 G3 B-3>,"[0, 3, 5, 8]","[2, 5, 7, 10]",Children's Corner 113 6 Eb Major.mid,Debussy,108,2.0
215.5,<music21.chord.Chord C4 E-4 G4 B-4>,"[0, 3, 5, 8]","[7, 10, 0, 3]",Children's Corner 113 6 Eb Major.mid,Debussy,108,2.5
216.0,<music21.chord.Chord D4 F4 G3 B-3>,"[0, 3, 5, 8]","[2, 5, 7, 10]",Children's Corner 113 6 Eb Major.mid,Debussy,109,1.0
216.5,<music21.chord.Chord C4 E-4 G4 B-4>,"[0, 3, 5, 8]","[7, 10, 0, 3]",Children's Corner 113 6 Eb Major.mid,Debussy,109,1.5
216.625,<music21.chord.Chord C4 E-4>,"[0, 3]","[0, 3]",Children's Corner 113 6 Eb Major.mid,Debussy,109,1.625
217.0,<music21.chord.Chord D4 F4 G3 B-3>,"[0, 3, 5, 8]","[2, 5, 7, 10]",Children's Corner 113 6 Eb Major.mid,Debussy,109,2.0
217.5,<music21.chord.Chord G4 B-4 C5 E-4>,"[0, 3, 5, 8]","[7, 10, 0, 3]",Children's Corner 113 6 Eb Major.mid,Debussy,109,2.5
218.0,<music21.chord.Chord A3 C#4 E4 B2>,"[0, 2, 4, 7]","[9, 11, 1, 4]",Children's Corner 113 6 Eb Major.mid,Debussy,110,1.0
218.25,<music21.chord.Chord A3 C#4 E4 C#3>,"[0, 4, 7]","[9, 1, 4]",Children's Corner 113 6 Eb Major.mid,Debussy,110,1.25
218.75,<music21.chord.Chord A3 C#4 E4 E-3>,"[0, 4, 6, 7]","[9, 1, 3, 4]",Children's Corner 113 6 Eb Major.mid,Debussy,110,1.75
219.0,<music21.chord.Chord A3 C#4 E4 C#3>,"[0, 4, 7]","[9, 1, 4]",Children's Corner 113 6 Eb Major.mid,Debussy,110,2.0
219.125,<music21.chord.Chord A3 C#4 E4>,"[0, 4, 7]","[9, 1, 4]",Children's Corner 113 6 Eb Major.mid,Debussy,110,2.125
219.5,<music21.chord.Chord A3 C#4 E4 B2>,"[0, 2, 4, 7]","[9, 11, 1, 4]",Children's Corner 113 6 Eb Major.mid,Debussy,110,2.5
219.625,<music21.chord.Chord A3 C#4 E4>,"[0, 4, 7]","[9, 1, 4]",Children's Corner 113 6 Eb Major.mid,Debussy,110,2.625
220.0,<music21.chord.Chord G#3 C4 F4 B-2>,"[0, 3, 5, 7]","[5, 8, 10, 0]",Children's Corner 113 6 Eb Major.mid,Debussy,111,1.0
220.25,<music21.chord.Chord G#3 C4 F4 C3>,"[0, 3, 7]","[5, 8, 0]",Children's Corner 113 6 Eb Major.mid,Debussy,111,1.25
220.75,<music21.chord.Chord G#3 C4 F4 D3>,"[0, 2, 5, 8]","[0, 2, 5, 8]",Children's Corner 113 6 Eb Major.mid,Debussy,111,1.75
221.0,<music21.chord.Chord G#3 C4 F4 C3>,"[0, 3, 7]","[5, 8, 0]",Children's Corner 113 6 Eb Major.mid,Debussy,111,2.0
221.125,<music21.chord.Chord G#3 C4 F4>,"[0, 3, 7]","[5, 8, 0]",Children's Corner 113 6 Eb Major.mid,Debussy,111,2.125
221.5,<music21.chord.Chord G#3 C4 F4 B-2>,"[0, 3, 5, 7]","[5, 8, 10, 0]",Children's Corner 113 6 Eb Major.mid,Debussy,111,2.5
221.625,<music21.chord.Chord G#3 C4 F4>,"[0, 3, 7]","[5, 8, 0]",Children's Corner 113 6 Eb Major.mid,Debussy,111,2.625
222.0,<music21.chord.Chord G3 B-3 F3 B-2>,"[0, 2, 5]","[5, 7, 10]",Children's Corner 113 6 Eb Major.mid,Debussy,112,1.0
222.25,<music21.chord.Chord G3 B-3 F3 C3>,"[0, 2, 5, 7]","[5, 7, 10, 0]",Children's Corner 113 6 Eb Major.mid,Debussy,112,1.25
222.75,<music21.chord.Chord G3 B-3 F3 D3>,"[0, 3, 5, 8]","[2, 5, 7, 10]",Children's Corner 113 6 Eb Major.mid,Debussy,112,1.75
223.0,<music21.chord.Chord G3 B-3 F3 C3>,"[0, 2, 5, 7]","[5, 7, 10, 0]",Children's Corner 113 6 Eb Major.mid,Debussy,112,2.0
223.125,<music21.chord.Chord G3 B-3 F3>,"[0, 2, 5]","[5, 7, 10]",Children's Corner 113 6 Eb Major.mid,Debussy,112,2.125
223.5,<music21.chord.Chord G3 B-3 F3 B-2>,"[0, 2, 5]","[5, 7, 10]",Children's Corner 113 6 Eb Major.mid,Debussy,112,2.5
223.625,<music21.chord.Chord G3 B-3 F3>,"[0, 2, 5]","[5, 7, 10]",Children's Corner 113 6 Eb Major.mid,Debussy,112,2.625
224.0,<music21.chord.Chord E-3 G3 B-3>,"[0, 4, 7]","[3, 7, 10]",Children's Corner 113 6 Eb Major.mid,Debussy,113,1.0
224.25,<music21.chord.Chord G3 B-3 E-3 B-1 B-2>,"[0, 4, 7]","[3, 7, 10]",Children's Corner 113 6 Eb Major.mid,Debussy,113,1.25
224.5,<music21.chord.Chord C3 G3 B-3 E-3 C2>,"[0, 3, 5, 8]","[7, 10, 0, 3]",Children's Corner 113 6 Eb Major.mid,Debussy,113,1.5
224.75,<music21.chord.Chord D3 G3 B-3 E-3 D2>,"[0, 1, 5, 8]","[2, 3, 7, 10]",Children's Corner 113 6 Eb Major.mid,Debussy,113,1.75
225.0,<music21.chord.Chord C3 G3 B-3 E-3 C2>,"[0, 3, 5, 8]","[7, 10, 0, 3]",Children's Corner 113 6 Eb Major.mid,Debussy,113,2.0
225.125,<music21.chord.Chord G3 B-3 E-3>,"[0, 4, 7]","[3, 7, 10]",Children's Corner 113 6 Eb Major.mid,Debussy,113,2.125
225.5,<music21.chord.Chord G3 B-3 E-3 B-0 B-1>,"[0, 4, 7]","[3, 7, 10]",Children's Corner 113 6 Eb Major.mid,Debussy,113,2.5
225.625,<music21.chord.Chord G3 B-3 E-3>,"[0, 4, 7]","[3, 7, 10]",Children's Corner 113 6 Eb Major.mid,Debussy,113,2.625
226.0,<music21.chord.Chord C4 E-4 G#3 B-3>,"[0, 2, 4, 7]","[8, 10, 0, 3]",Children's Corner 113 6 Eb Major.mid,Debussy,114,1.0
226.125,<music21.chord.Chord C4 E-4>,"[0, 3]","[0, 3]",Children's Corner 113 6 Eb Major.mid,Debussy,114,1.125
226.25,<music21.chord.Chord D4 F4>,"[0, 3]","[2, 5]",Children's Corner 113 6 Eb Major.mid,Debussy,114,1.25
226.5,<music21.chord.Chord D4 F4 G#4 B-4>,"[0, 3, 6, 8]","[2, 5, 8, 10]",Children's Corner 113 6 Eb Major.mid,Debussy,114,1.5
226.625,<music21.chord.Chord D4 F4>,"[0, 3]","[2, 5]",Children's Corner 113 6 Eb Major.mid,Debussy,114,1.625
226.75,<music21.chord.Chord E-4 G4>,"[0, 4]","[3, 7]",Children's Corner 113 6 Eb Major.mid,Debussy,114,1.75
227.0,<music21.chord.Chord D4 F4 G#3 B-3>,"[0, 3, 6, 8]","[2, 5, 8, 10]",Children's Corner 113 6 Eb Major.mid,Debussy,114,2.0
227.5,<music21.chord.Chord C4 E-4 G#4 B-4>,"[0, 2, 4, 7]","[8, 10, 0, 3]",Children's Corner 113 6 Eb Major.mid,Debussy,114,2.5
228.0,<music21.chord.Chord D4 F4 G#3 B-3>,"[0, 3, 6, 8]","[2, 5, 8, 10]",Children's Corner 113 6 Eb Major.mid,Debussy,115,1.0
228.125,<music21.chord.Chord D4 F4>,"[0, 3]","[2, 5]",Children's Corner 113 6 Eb Major.mid,Debussy,115,1.125
228.5,<music21.chord.Chord D4 F4 G#4 B-4>,"[0, 3, 6, 8]","[2, 5, 8, 10]",Children's Corner 113 6 Eb Major.mid,Debussy,115,1.5
228.625,<music21.chord.Chord D4 F4>,"[0, 3]","[2, 5]",Children's Corner 113 6 Eb Major.mid,Debussy,115,1.625
229.0,<music21.chord.Chord B-6 B-5 D4 F4 G#3 B-3>,"[0, 3, 6, 8]","[2, 5, 8, 10]",Children's Corner 113 6 Eb Major.mid,Debussy,115,2.0
229.125,<music21.chord.Chord D4 F4 B-6 B-5>,"[0, 4, 7]","[10, 2, 5]",Children's Corner 113 6 Eb Major.mid,Debussy,115,2.125
229.5,<music21.chord.Chord D4 F4 G#4 B-4>,"[0, 3, 6, 8]","[2, 5, 8, 10]",Children's Corner 113 6 Eb Major.mid,Debussy,115,2.5
229.625,<music21.chord.Chord D4 F4>,"[0, 3]","[2, 5]",Children's Corner 113 6 Eb Major.mid,Debussy,115,2.625
230.0,<music21.chord.Chord C4 E-4 G3 B-3>,"[0, 3, 5, 8]","[7, 10, 0, 3]",Children's Corner 113 6 Eb Major.mid,Debussy,116,1.0
230.125,<music21.chord.Chord C4 E-4>,"[0, 3]","[0, 3]",Children's Corner 113 6 Eb Major.mid,Debussy,116,1.125
230.25,<music21.chord.Chord D4 F4>,"[0, 3]","[2, 5]",Children's Corner 113 6 Eb Major.mid,Debussy,116,1.25
230.5,<music21.chord.Chord D4 F4 G4 B-4>,"[0, 3, 5, 8]","[2, 5, 7, 10]",Children's Corner 113 6 Eb Major.mid,Debussy,116,1.5
230.625,<music21.chord.Chord D4 F4>,"[0, 3]","[2, 5]",Children's Corner 113 6 Eb Major.mid,Debussy,116,1.625
230.75,<music21.chord.Chord E-4 G4>,"[0, 4]","[3, 7]",Children's Corner 113 6 Eb Major.mid,Debussy,116,1.75
231.0,<music21.chord.Chord D4 F4 G3 B-3>,"[0, 3, 5, 8]","[2, 5, 7, 10]",Children's Corner 113 6 Eb Major.mid,Debussy,116,2.0
231.5,<music21.chord.Chord C4 E-4 G4 B-4>,"[0, 3, 5, 8]","[7, 10, 0, 3]",Children's Corner 113 6 Eb Major.mid,Debussy,116,2.5
232.0,<music21.chord.Chord D4 F4 G3 B-3>,"[0, 3, 5, 8]","[2, 5, 7, 10]",Children's Corner 113 6 Eb Major.mid,Debussy,117,1.0
232.5,<music21.chord.Chord C4 E-4 G4 B-4>,"[0, 3, 5, 8]","[7, 10, 0, 3]",Children's Corner 113 6 Eb Major.mid,Debussy,117,1.5
232.625,<music21.chord.Chord C4 E-4>,"[0, 3]","[0, 3]",Children's Corner 113 6 Eb Major.mid,Debussy,117,1.625
233.0,<music21.chord.Chord D4 F4 G3 B-3>,"[0, 3, 5, 8]","[2, 5, 7, 10]",Children's Corner 113 6 Eb Major.mid,Debussy,117,2.0
233.5,<music21.chord.Chord G4 B-4 C5 E-4>,"[0, 3, 5, 8]","[7, 10, 0, 3]",Children's Corner 113 6 Eb Major.mid,Debussy,117,2.5
234.0,<music21.chord.Chord B-5 B4 E-5 B-4 B3 E-4>,"[0, 1, 5]","[10, 11, 3]",Children's Corner 113 6 Eb Major.mid,Debussy,118,1.0
234.25,<music21.chord.Chord G#5 B4 E-5 G#4 B3 E-4>,"[0, 3, 7]","[8, 11, 3]",Children's Corner 113 6 Eb Major.mid,Debussy,118,1.25
234.75,<music21.chord.Chord B-5 B4 E-5 B-4 B3 E-4>,"[0, 1, 5]","[10, 11, 3]",Children's Corner 113 6 Eb Major.mid,Debussy,118,1.75
235.0,<music21.chord.Chord F5 B4 E-5 F4 B3 E-4>,"[0, 4, 6]","[11, 3, 5]",Children's Corner 113 6 Eb Major.mid,Debussy,118,2.0
235.5,<music21.chord.Chord B-5 B4 E-5 B-4 B3 E-4>,"[0, 1, 5]","[10, 11, 3]",Children's Corner 113 6 Eb Major.mid,Debussy,118,2.5
236.0,<music21.chord.Chord G#5 B4 E-5 G#4 B3 E-4>,"[0, 3, 7]","[8, 11, 3]",Children's Corner 113 6 Eb Major.mid,Debussy,119,1.0
236.25,<music21.chord.Chord F5 B4 E-5 F4 B3 E-4>,"[0, 4, 6]","[11, 3, 5]",Children's Corner 113 6 Eb Major.mid,Debussy,119,1.25
236.75,<music21.chord.Chord E-5 B4 E-4 B3>,"[0, 4]","[11, 3]",Children's Corner 113 6 Eb Major.mid,Debussy,119,1.75
237.0,<music21.chord.Chord B4 B3>,[0],[11],Children's Corner 113 6 Eb Major.mid,Debussy,119,2.0
238.25,<music21.chord.Chord G#4 G#3>,[0],[8],Children's Corner 113 6 Eb Major.mid,Debussy,120,1.25
238.5,<music21.chord.Chord F4 F3>,[0],[5],Children's Corner 113 6 Eb Major.mid,Debussy,120,1.5
238.75,<music21.chord.Chord E-4 E-3>,[0],[3],Children's Corner 113 6 Eb Major.mid,Debussy,120,1.75
239.0,<music21.chord.Chord B3 B2>,[0],[11],Children's Corner 113 6 Eb Major.mid,Debussy,120,2.0
239.5,<music21.chord.Chord D3 G3 B-1 B-2>,"[0, 3, 7]","[7, 10, 2]",Children's Corner 113 6 Eb Major.mid,Debussy,120,2.5
240.5,<music21.chord.Chord E-3 B-3 F3 G3>,"[0, 2, 4, 7]","[3, 5, 7, 10]",Children's Corner 113 6 Eb Major.mid,Debussy,121,1.5
241.0,<music21.chord.Chord E-2 B-2>,"[0, 5]","[10, 3]",Children's Corner 113 6 Eb Major.mid,Debussy,121,2.0
241.5,<music21.chord.Chord E-3 B-3 F3 G3>,"[0, 2, 4, 7]","[3, 5, 7, 10]",Children's Corner 113 6 Eb Major.mid,Debussy,121,2.5
242.0,<music21.chord.Chord E-2 B-2>,"[0, 5]","[10, 3]",Children's Corner 113 6 Eb Major.mid,Debussy,122,1.0
244.5,<music21.chord.Chord E-3 B-3 F3 G3>,"[0, 2, 4, 7]","[3, 5, 7, 10]",Children's Corner 113 6 Eb Major.mid,Debussy,123,1.5
245.0,<music21.chord.Chord E-2 B-2>,"[0, 5]","[10, 3]",Children's Corner 113 6 Eb Major.mid,Debussy,123,2.0
245.5,<music21.chord.Chord E-3 B-3 F3 G3>,"[0, 2, 4, 7]","[3, 5, 7, 10]",Children's Corner 113 6 Eb Major.mid,Debussy,123,2.5
246.0,<music21.chord.Chord E-2 B-2>,"[0, 5]","[10, 3]",Children's Corner 113 6 Eb Major.mid,Debussy,124,1.0
248.5,<music21.chord.Chord E-3 B-3 F3 G3>,"[0, 2, 4, 7]","[3, 5, 7, 10]",Children's Corner 113 6 Eb Major.mid,Debussy,125,1.5
249.0,<music21.chord.Chord E-2 B-2>,"[0, 5]","[10, 3]",Children's Corner 113 6 Eb Major.mid,Debussy,125,2.0
249.5,<music21.chord.Chord E-3 B-3 F3 G3>,"[0, 2, 4, 7]","[3, 5, 7, 10]",Children's Corner 113 6 Eb Major.mid,Debussy,125,2.5
251.0,<music21.chord.Chord B2 B1>,[0],[11],Children's Corner 113 6 Eb Major.mid,Debussy,126,2.0
251.5,<music21.chord.Chord B-2 B-1>,[0],[10],Children's Corner 113 6 Eb Major.mid,Debussy,126,2.5
251.625,<music21.chord.Chord G#2 G#1>,[0],[8],Children's Corner 113 6 Eb Major.mid,Debussy,126,2.625
251.75,<music21.chord.Chord G2 G1>,[0],[7],Children's Corner 113 6 Eb Major.mid,Debussy,126,2.75
251.875,<music21.chord.Chord F2 F1>,[0],[5],Children's Corner 113 6 Eb Major.mid,Debussy,126,2.875
252.0,<music21.chord.Chord E-3 E-1 E-2>,[0],[3],Children's Corner 113 6 Eb Major.mid,Debussy,127,1.0
254.0,<music21.chord.Chord E-3 E-1 E-2>,[0],[3],Children's Corner 113 6 Eb Major.mid,Debussy,128,1.0