offset,Chord,NormalForm,PCsinNormalForm,file,Composer,Measure Number,Measure Count
0.0,<music21.chord.Chord E-5 F#4 B2 F#3>,"[0, 4, 7]","[11, 3, 6]",Humoresque in B Op101No2 B major.mid,Dvorak,1,1.0
0.5,<music21.chord.Chord F#5 E-4 B2 F#3>,"[0, 4, 7]","[11, 3, 6]",Humoresque in B Op101No2 B major.mid,Dvorak,1,1.5
1.0,<music21.chord.Chord B4 E4 B2 F#3>,"[0, 2, 7]","[4, 6, 11]",Humoresque in B Op101No2 B major.mid,Dvorak,1,2.0
1.5,<music21.chord.Chord F#4 B2 F#3>,"[0, 5]","[6, 11]",Humoresque in B Op101No2 B major.mid,Dvorak,1,2.5
2.0,<music21.chord.Chord C#5 G4 B2 F#3>,"[0, 1, 5, 7]","[6, 7, 11, 1]",Humoresque in B Op101No2 B major.mid,Dvorak,2,1.0
2.25,<music21.chord.Chord E-5 G4 B2 F#3>,"[0, 4, 7, 8]","[11, 3, 6, 7]",Humoresque in B Op101No2 B major.mid,Dvorak,2,1.25
2.5,<music21.chord.Chord E5 G#4 B2 F#3>,"[0, 2, 4, 7]","[4, 6, 8, 11]",Humoresque in B Op101No2 B major.mid,Dvorak,2,1.5
2.75,<music21.chord.Chord E-5 G#4 B2 F#3>,"[0, 3, 5, 8]","[3, 6, 8, 11]",Humoresque in B Op101No2 B major.mid,Dvorak,2,1.75
3.0,<music21.chord.Chord E-5 G4 B2 F#3>,"[0, 4, 7, 8]","[11, 3, 6, 7]",Humoresque in B Op101No2 B major.mid,Dvorak,2,2.0
3.5,<music21.chord.Chord E-5 F#4 B2 F#3>,"[0, 4, 7]","[11, 3, 6]",Humoresque in B Op101No2 B major.mid,Dvorak,2,2.5
4.0,<music21.chord.Chord E-5 F#4 B2 F#3>,"[0, 4, 7]","[11, 3, 6]",Humoresque in B Op101No2 B major.mid,Dvorak,3,1.0
4.5,<music21.chord.Chord F#5 E-4 B2 F#3>,"[0, 4, 7]","[11, 3, 6]",Humoresque in B Op101No2 B major.mid,Dvorak,3,1.5
5.0,<music21.chord.Chord B4 E4 B2 F#3>,"[0, 2, 7]","[4, 6, 11]",Humoresque in B Op101No2 B major.mid,Dvorak,3,2.0
5.5,<music21.chord.Chord F#4 B2 F#3>,"[0, 5]","[6, 11]",Humoresque in B Op101No2 B major.mid,Dvorak,3,2.5
6.0,<music21.chord.Chord C#5 G#4 E3 B2>,"[0, 3, 5, 8]","[8, 11, 1, 4]",Humoresque in B Op101No2 B major.mid,Dvorak,4,1.0
6.25,<music21.chord.Chord E-5 G#4 E3 B2>,"[0, 1, 5, 8]","[3, 4, 8, 11]",Humoresque in B Op101No2 B major.mid,Dvorak,4,1.25
6.5,<music21.chord.Chord E5 B-4 G3 B2>,"[0, 3, 6, 7]","[4, 7, 10, 11]",Humoresque in B Op101No2 B major.mid,Dvorak,4,1.5
6.75,<music21.chord.Chord E-5 B-4 G3 B2>,"[0, 4, 7, 8]","[3, 7, 10, 11]",Humoresque in B Op101No2 B major.mid,Dvorak,4,1.75
7.0,<music21.chord.Chord E-5 B4 F#3 B2>,"[0, 4, 7]","[11, 3, 6]",Humoresque in B Op101No2 B major.mid,Dvorak,4,2.0
8.0,<music21.chord.Chord E-5 F#4 B2 F#3>,"[0, 4, 7]","[11, 3, 6]",Humoresque in B Op101No2 B major.mid,Dvorak,5,1.0
8.5,<music21.chord.Chord F#5 E-4 B2 F#3>,"[0, 4, 7]","[11, 3, 6]",Humoresque in B Op101No2 B major.mid,Dvorak,5,1.5
9.0,<music21.chord.Chord B4 E4 B2 F#3>,"[0, 2, 7]","[4, 6, 11]",Humoresque in B Op101No2 B major.mid,Dvorak,5,2.0
9.5,<music21.chord.Chord F#4 B2 F#3>,"[0, 5]","[6, 11]",Humoresque in B Op101No2 B major.mid,Dvorak,5,2.5
10.0,<music21.chord.Chord C#5 G4 B2 F#3>,"[0, 1, 5, 7]","[6, 7, 11, 1]",Humoresque in B Op101No2 B major.mid,Dvorak,6,1.0
10.25,<music21.chord.Chord E-5 G4 B2 F#3>,"[0, 4, 7, 8]","[11, 3, 6, 7]",Humoresque in B Op101No2 B major.mid,Dvorak,6,1.25
10.5,<music21.chord.Chord E5 G#4 B2 F#3>,"[0, 2, 4, 7]","[4, 6, 8, 11]",Humoresque in B Op101No2 B major.mid,Dvorak,6,1.5
10.75,<music21.chord.Chord E-5 G#4 B2 F#3>,"[0, 3, 5, 8]","[3, 6, 8, 11]",Humoresque in B Op101No2 B major.mid,Dvorak,6,1.75
11.0,<music21.chord.Chord E-5 G4 B2 F#3>,"[0, 4, 7, 8]","[11, 3, 6, 7]",Humoresque in B Op101No2 B major.mid,Dvorak,6,2.0
11.5,<music21.chord.Chord E-5 F#4 B2 F#3>,"[0, 4, 7]","[11, 3, 6]",Humoresque in B Op101No2 B major.mid,Dvorak,6,2.5
12.0,<music21.chord.Chord E-5 F#4 B2 F#3>,"[0, 4, 7]","[11, 3, 6]",Humoresque in B Op101No2 B major.mid,Dvorak,7,1.0
12.5,<music21.chord.Chord F#5 E-4 B2 F#3>,"[0, 4, 7]","[11, 3, 6]",Humoresque in B Op101No2 B major.mid,Dvorak,7,1.5
13.0,<music21.chord.Chord B4 E4 B2 F#3>,"[0, 2, 7]","[4, 6, 11]",Humoresque in B Op101No2 B major.mid,Dvorak,7,2.0
13.5,<music21.chord.Chord F#4 B2 F#3>,"[0, 5]","[6, 11]",Humoresque in B Op101No2 B major.mid,Dvorak,7,2.5
14.0,<music21.chord.Chord C#5 G#4 E3 B2>,"[0, 3, 5, 8]","[8, 11, 1, 4]",Humoresque in B Op101No2 B major.mid,Dvorak,8,1.0
14.25,<music21.chord.Chord E-5 G#4 E3 B2>,"[0, 1, 5, 8]","[3, 4, 8, 11]",Humoresque in B Op101No2 B major.mid,Dvorak,8,1.25
14.5,<music21.chord.Chord E5 B-4 G3 B2>,"[0, 3, 6, 7]","[4, 7, 10, 11]",Humoresque in B Op101No2 B major.mid,Dvorak,8,1.5
14.75,<music21.chord.Chord E-5 B-4 G3 B2>,"[0, 4, 7, 8]","[3, 7, 10, 11]",Humoresque in B Op101No2 B major.mid,Dvorak,8,1.75
15.0,<music21.chord.Chord E-5 B4 F#3 B2>,"[0, 4, 7]","[11, 3, 6]",Humoresque in B Op101No2 B major.mid,Dvorak,8,2.0
16.0,<music21.chord.Chord B4 G#3>,"[0, 3]","[8, 11]",Humoresque in B Op101No2 B major.mid,Dvorak,9,1.0
16.25,<music21.chord.Chord B4 E-4 G#3>,"[0, 3, 7]","[8, 11, 3]",Humoresque in B Op101No2 B major.mid,Dvorak,9,1.25
16.5,<music21.chord.Chord E-5 B3 G#3>,"[0, 3, 7]","[8, 11, 3]",Humoresque in B Op101No2 B major.mid,Dvorak,9,1.5
16.625,<music21.chord.Chord G#3>,[0],[8],Humoresque in B Op101No2 B major.mid,Dvorak,9,1.625
16.666666666666700,<music21.chord.Chord C#5 G#3>,"[0, 5]","[8, 1]",Humoresque in B Op101No2 B major.mid,Dvorak,9,1.666666666666700
16.75,<music21.chord.Chord C#5 G#4 G#3>,"[0, 5]","[8, 1]",Humoresque in B Op101No2 B major.mid,Dvorak,9,1.75
16.791666666666700,<music21.chord.Chord G#3>,[0],[8],Humoresque in B Op101No2 B major.mid,Dvorak,9,1.791666666666700
16.875,<music21.chord.Chord B4 G#3>,"[0, 3]","[8, 11]",Humoresque in B Op101No2 B major.mid,Dvorak,9,1.875
17.0,<music21.chord.Chord B-4 B-3>,[0],[10],Humoresque in B Op101No2 B major.mid,Dvorak,9,2.0
17.25,<music21.chord.Chord B-4 F#4 B-3>,"[0, 4]","[6, 10]",Humoresque in B Op101No2 B major.mid,Dvorak,9,2.25
17.5,<music21.chord.Chord C#5 C#4 B-3>,"[0, 3]","[10, 1]",Humoresque in B Op101No2 B major.mid,Dvorak,9,2.5
17.625,<music21.chord.Chord B-3>,[0],[10],Humoresque in B Op101No2 B major.mid,Dvorak,9,2.625
17.666666666666700,<music21.chord.Chord B4 B-3>,"[0, 1]","[10, 11]",Humoresque in B Op101No2 B major.mid,Dvorak,9,2.666666666666700
17.75,<music21.chord.Chord B4 F#4 B-3>,"[0, 4, 5]","[6, 10, 11]",Humoresque in B Op101No2 B major.mid,Dvorak,9,2.75
17.791666666666700,<music21.chord.Chord B-3>,[0],[10],Humoresque in B Op101No2 B major.mid,Dvorak,9,2.791666666666700
17.875,<music21.chord.Chord B-4 B-3>,[0],[10],Humoresque in B Op101No2 B major.mid,Dvorak,9,2.875
18.0,<music21.chord.Chord G#4 E3>,"[0, 4]","[4, 8]",Humoresque in B Op101No2 B major.mid,Dvorak,10,1.0
18.25,<music21.chord.Chord G#4 B3 E3>,"[0, 4, 7]","[4, 8, 11]",Humoresque in B Op101No2 B major.mid,Dvorak,10,1.25
18.5,<music21.chord.Chord B4 G#3 E3>,"[0, 4, 7]","[4, 8, 11]",Humoresque in B Op101No2 B major.mid,Dvorak,10,1.5
18.625,<music21.chord.Chord E3>,[0],[4],Humoresque in B Op101No2 B major.mid,Dvorak,10,1.625
18.666666666666700,<music21.chord.Chord B-4 E3>,"[0, 6]","[4, 10]",Humoresque in B Op101No2 B major.mid,Dvorak,10,1.666666666666700
18.75,<music21.chord.Chord B-4 E4 E3>,"[0, 6]","[4, 10]",Humoresque in B Op101No2 B major.mid,Dvorak,10,1.75
18.791666666666700,<music21.chord.Chord E3>,[0],[4],Humoresque in B Op101No2 B major.mid,Dvorak,10,1.791666666666700
18.875,<music21.chord.Chord G#4 E3>,"[0, 4]","[4, 8]",Humoresque in B Op101No2 B major.mid,Dvorak,10,1.875
19.0,<music21.chord.Chord B-4 F#3>,"[0, 4]","[6, 10]",Humoresque in B Op101No2 B major.mid,Dvorak,10,2.0
19.25,<music21.chord.Chord E-4 F#3>,"[0, 3]","[3, 6]",Humoresque in B Op101No2 B major.mid,Dvorak,10,2.25
19.5,<music21.chord.Chord E-4 B-3 F#3>,"[0, 3, 7]","[3, 6, 10]",Humoresque in B Op101No2 B major.mid,Dvorak,10,2.5
19.75,<music21.chord.Chord E-4 F#4 F#3>,"[0, 3]","[3, 6]",Humoresque in B Op101No2 B major.mid,Dvorak,10,2.75
20.0,<music21.chord.Chord B4 G#3>,"[0, 3]","[8, 11]",Humoresque in B Op101No2 B major.mid,Dvorak,11,1.0
20.25,<music21.chord.Chord B4 E-4 G#3>,"[0, 3, 7]","[8, 11, 3]",Humoresque in B Op101No2 B major.mid,Dvorak,11,1.25
20.5,<music21.chord.Chord E-5 B3 G#3>,"[0, 3, 7]","[8, 11, 3]",Humoresque in B Op101No2 B major.mid,Dvorak,11,1.5
20.625,<music21.chord.Chord G#3>,[0],[8],Humoresque in B Op101No2 B major.mid,Dvorak,11,1.625
20.666666666666700,<music21.chord.Chord C#5 G#3>,"[0, 5]","[8, 1]",Humoresque in B Op101No2 B major.mid,Dvorak,11,1.666666666666700
20.75,<music21.chord.Chord C#5 G#4 G#3>,"[0, 5]","[8, 1]",Humoresque in B Op101No2 B major.mid,Dvorak,11,1.75
20.791666666666700,<music21.chord.Chord G#3>,[0],[8],Humoresque in B Op101No2 B major.mid,Dvorak,11,1.791666666666700
20.875,<music21.chord.Chord B4 G#3>,"[0, 3]","[8, 11]",Humoresque in B Op101No2 B major.mid,Dvorak,11,1.875
21.0,<music21.chord.Chord B-4 B-3>,[0],[10],Humoresque in B Op101No2 B major.mid,Dvorak,11,2.0
21.25,<music21.chord.Chord B-4 F#4 B-3>,"[0, 4]","[6, 10]",Humoresque in B Op101No2 B major.mid,Dvorak,11,2.25
21.5,<music21.chord.Chord C#5 C#4 B-3>,"[0, 3]","[10, 1]",Humoresque in B Op101No2 B major.mid,Dvorak,11,2.5
21.625,<music21.chord.Chord B-3>,[0],[10],Humoresque in B Op101No2 B major.mid,Dvorak,11,2.625
21.666666666666700,<music21.chord.Chord B4 B-3>,"[0, 1]","[10, 11]",Humoresque in B Op101No2 B major.mid,Dvorak,11,2.666666666666700
21.75,<music21.chord.Chord B4 F#4 B-3>,"[0, 4, 5]","[6, 10, 11]",Humoresque in B Op101No2 B major.mid,Dvorak,11,2.75
21.791666666666700,<music21.chord.Chord B-3>,[0],[10],Humoresque in B Op101No2 B major.mid,Dvorak,11,2.791666666666700
21.875,<music21.chord.Chord B-4 B-3>,[0],[10],Humoresque in B Op101No2 B major.mid,Dvorak,11,2.875
22.0,<music21.chord.Chord G#4 E3>,"[0, 4]","[4, 8]",Humoresque in B Op101No2 B major.mid,Dvorak,12,1.0
22.25,<music21.chord.Chord G#4 B3 E3>,"[0, 4, 7]","[4, 8, 11]",Humoresque in B Op101No2 B major.mid,Dvorak,12,1.25
22.5,<music21.chord.Chord B4 G#3 E3>,"[0, 4, 7]","[4, 8, 11]",Humoresque in B Op101No2 B major.mid,Dvorak,12,1.5
22.625,<music21.chord.Chord E3>,[0],[4],Humoresque in B Op101No2 B major.mid,Dvorak,12,1.625
22.666666666666700,<music21.chord.Chord B-4 E3>,"[0, 6]","[4, 10]",Humoresque in B Op101No2 B major.mid,Dvorak,12,1.666666666666700
22.75,<music21.chord.Chord B-4 E4 E3>,"[0, 6]","[4, 10]",Humoresque in B Op101No2 B major.mid,Dvorak,12,1.75
22.791666666666700,<music21.chord.Chord E3>,[0],[4],Humoresque in B Op101No2 B major.mid,Dvorak,12,1.791666666666700
22.875,<music21.chord.Chord G#4 E3>,"[0, 4]","[4, 8]",Humoresque in B Op101No2 B major.mid,Dvorak,12,1.875
23.0,<music21.chord.Chord B-4 F#3>,"[0, 4]","[6, 10]",Humoresque in B Op101No2 B major.mid,Dvorak,12,2.0
23.25,<music21.chord.Chord B-4 B-3>,[0],[10],Humoresque in B Op101No2 B major.mid,Dvorak,12,2.25
23.5,<music21.chord.Chord B-4 E-4>,"[0, 5]","[10, 3]",Humoresque in B Op101No2 B major.mid,Dvorak,12,2.5
23.75,<music21.chord.Chord B-4 F#4>,"[0, 4]","[6, 10]",Humoresque in B Op101No2 B major.mid,Dvorak,12,2.75
24.0,<music21.chord.Chord B5 C#6 G#3>,"[0, 3, 5]","[8, 11, 1]",Humoresque in B Op101No2 B major.mid,Dvorak,13,1.0
24.125,<music21.chord.Chord B5 B3>,[0],[11],Humoresque in B Op101No2 B major.mid,Dvorak,13,1.125
24.25,<music21.chord.Chord B5>,[0],[11],Humoresque in B Op101No2 B major.mid,Dvorak,13,1.25
24.333333333333300,<music21.chord.Chord B5 E-4>,"[0, 4]","[11, 3]",Humoresque in B Op101No2 B major.mid,Dvorak,13,1.333333333333300
24.458333333333300,<music21.chord.Chord B5>,[0],[11],Humoresque in B Op101No2 B major.mid,Dvorak,13,1.458333333333300
24.5,<music21.chord.Chord E-6 G#4>,"[0, 5]","[3, 8]",Humoresque in B Op101No2 B major.mid,Dvorak,13,1.5
24.666666666666700,<music21.chord.Chord C#6 E-4>,"[0, 2]","[1, 3]",Humoresque in B Op101No2 B major.mid,Dvorak,13,1.666666666666700
24.875,<music21.chord.Chord B5 G#4>,"[0, 3]","[8, 11]",Humoresque in B Op101No2 B major.mid,Dvorak,13,1.875
25.0,<music21.chord.Chord B-5 B5 B-3>,"[0, 1]","[10, 11]",Humoresque in B Op101No2 B major.mid,Dvorak,13,2.0
25.125,<music21.chord.Chord B-5 C#4>,"[0, 3]","[10, 1]",Humoresque in B Op101No2 B major.mid,Dvorak,13,2.125
25.25,<music21.chord.Chord B-5>,[0],[10],Humoresque in B Op101No2 B major.mid,Dvorak,13,2.25
25.333333333333300,<music21.chord.Chord B-5 F#4>,"[0, 4]","[6, 10]",Humoresque in B Op101No2 B major.mid,Dvorak,13,2.333333333333300
25.458333333333300,<music21.chord.Chord B-5>,[0],[10],Humoresque in B Op101No2 B major.mid,Dvorak,13,2.458333333333300
25.5,<music21.chord.Chord C#6 B-4>,"[0, 3]","[10, 1]",Humoresque in B Op101No2 B major.mid,Dvorak,13,2.5
25.666666666666700,<music21.chord.Chord B5 F#4>,"[0, 5]","[6, 11]",Humoresque in B Op101No2 B major.mid,Dvorak,13,2.666666666666700
25.875,<music21.chord.Chord B-5 B-4>,[0],[10],Humoresque in B Op101No2 B major.mid,Dvorak,13,2.875
26.0,<music21.chord.Chord G#5 B-5 E3>,"[0, 4, 6]","[4, 8, 10]",Humoresque in B Op101No2 B major.mid,Dvorak,14,1.0
26.125,<music21.chord.Chord G#5 G#3>,[0],[8],Humoresque in B Op101No2 B major.mid,Dvorak,14,1.125
26.25,<music21.chord.Chord G#5>,[0],[8],Humoresque in B Op101No2 B major.mid,Dvorak,14,1.25
26.333333333333300,<music21.chord.Chord G#5 B3>,"[0, 3]","[8, 11]",Humoresque in B Op101No2 B major.mid,Dvorak,14,1.333333333333300
26.458333333333300,<music21.chord.Chord G#5>,[0],[8],Humoresque in B Op101No2 B major.mid,Dvorak,14,1.458333333333300
26.5,<music21.chord.Chord B5 E4>,"[0, 5]","[11, 4]",Humoresque in B Op101No2 B major.mid,Dvorak,14,1.5
26.666666666666700,<music21.chord.Chord B-5 B3>,"[0, 1]","[10, 11]",Humoresque in B Op101No2 B major.mid,Dvorak,14,1.666666666666700
26.875,<music21.chord.Chord G#5 E4>,"[0, 4]","[4, 8]",Humoresque in B Op101No2 B major.mid,Dvorak,14,1.875
27.0,<music21.chord.Chord B-5 F#5 F#3>,"[0, 4]","[6, 10]",Humoresque in B Op101No2 B major.mid,Dvorak,14,2.0
27.125,<music21.chord.Chord E-5 B-3>,"[0, 5]","[10, 3]",Humoresque in B Op101No2 B major.mid,Dvorak,14,2.125
27.25,<music21.chord.Chord E-5>,[0],[3],Humoresque in B Op101No2 B major.mid,Dvorak,14,2.25
27.333333333333300,<music21.chord.Chord E-5 E-4>,[0],[3],Humoresque in B Op101No2 B major.mid,Dvorak,14,2.333333333333300
27.458333333333300,<music21.chord.Chord E-5>,[0],[3],Humoresque in B Op101No2 B major.mid,Dvorak,14,2.458333333333300
27.5,<music21.chord.Chord E-5 F#4>,"[0, 3]","[3, 6]",Humoresque in B Op101No2 B major.mid,Dvorak,14,2.5
27.625,<music21.chord.Chord E-5>,[0],[3],Humoresque in B Op101No2 B major.mid,Dvorak,14,2.625
27.666666666666700,<music21.chord.Chord E-4 E-5>,[0],[3],Humoresque in B Op101No2 B major.mid,Dvorak,14,2.666666666666700
27.791666666666700,<music21.chord.Chord E-5>,[0],[3],Humoresque in B Op101No2 B major.mid,Dvorak,14,2.791666666666700
27.875,<music21.chord.Chord E-5 F#4>,"[0, 3]","[3, 6]",Humoresque in B Op101No2 B major.mid,Dvorak,14,2.875
28.0,<music21.chord.Chord B5 C#6 G#3>,"[0, 3, 5]","[8, 11, 1]",Humoresque in B Op101No2 B major.mid,Dvorak,15,1.0
28.125,<music21.chord.Chord B5 B3>,[0],[11],Humoresque in B Op101No2 B major.mid,Dvorak,15,1.125
28.25,<music21.chord.Chord B5>,[0],[11],Humoresque in B Op101No2 B major.mid,Dvorak,15,1.25
28.333333333333300,<music21.chord.Chord B5 E-4>,"[0, 4]","[11, 3]",Humoresque in B Op101No2 B major.mid,Dvorak,15,1.333333333333300
28.458333333333300,<music21.chord.Chord B5>,[0],[11],Humoresque in B Op101No2 B major.mid,Dvorak,15,1.458333333333300
28.5,<music21.chord.Chord E-6 G#4>,"[0, 5]","[3, 8]",Humoresque in B Op101No2 B major.mid,Dvorak,15,1.5
28.666666666666700,<music21.chord.Chord C#6 E-4>,"[0, 2]","[1, 3]",Humoresque in B Op101No2 B major.mid,Dvorak,15,1.666666666666700
28.875,<music21.chord.Chord B5 G#4>,"[0, 3]","[8, 11]",Humoresque in B Op101No2 B major.mid,Dvorak,15,1.875
29.0,<music21.chord.Chord B-5 B5 B-3>,"[0, 1]","[10, 11]",Humoresque in B Op101No2 B major.mid,Dvorak,15,2.0
29.125,<music21.chord.Chord B-5 C#4>,"[0, 3]","[10, 1]",Humoresque in B Op101No2 B major.mid,Dvorak,15,2.125
29.25,<music21.chord.Chord B-5>,[0],[10],Humoresque in B Op101No2 B major.mid,Dvorak,15,2.25
29.333333333333300,<music21.chord.Chord B-5 F#4>,"[0, 4]","[6, 10]",Humoresque in B Op101No2 B major.mid,Dvorak,15,2.333333333333300
29.458333333333300,<music21.chord.Chord B-5>,[0],[10],Humoresque in B Op101No2 B major.mid,Dvorak,15,2.458333333333300
29.5,<music21.chord.Chord C#6 B-4>,"[0, 3]","[10, 1]",Humoresque in B Op101No2 B major.mid,Dvorak,15,2.5
29.666666666666700,<music21.chord.Chord B5 F#4>,"[0, 5]","[6, 11]",Humoresque in B Op101No2 B major.mid,Dvorak,15,2.666666666666700
29.875,<music21.chord.Chord B-5 B-4>,[0],[10],Humoresque in B Op101No2 B major.mid,Dvorak,15,2.875
30.0,<music21.chord.Chord G#5 B-5 E3>,"[0, 4, 6]","[4, 8, 10]",Humoresque in B Op101No2 B major.mid,Dvorak,16,1.0
30.125,<music21.chord.Chord G#5 G#3>,[0],[8],Humoresque in B Op101No2 B major.mid,Dvorak,16,1.125
30.25,<music21.chord.Chord G#5>,[0],[8],Humoresque in B Op101No2 B major.mid,Dvorak,16,1.25
30.333333333333300,<music21.chord.Chord G#5 B3>,"[0, 3]","[8, 11]",Humoresque in B Op101No2 B major.mid,Dvorak,16,1.333333333333300
30.458333333333300,<music21.chord.Chord G#5>,[0],[8],Humoresque in B Op101No2 B major.mid,Dvorak,16,1.458333333333300
30.5,<music21.chord.Chord B5 E4>,"[0, 5]","[11, 4]",Humoresque in B Op101No2 B major.mid,Dvorak,16,1.5
30.666666666666700,<music21.chord.Chord B-5 B3>,"[0, 1]","[10, 11]",Humoresque in B Op101No2 B major.mid,Dvorak,16,1.666666666666700
30.875,<music21.chord.Chord G#5 E4>,"[0, 4]","[4, 8]",Humoresque in B Op101No2 B major.mid,Dvorak,16,1.875
31.0,<music21.chord.Chord B-5 E-5 F#3>,"[0, 3, 7]","[3, 6, 10]",Humoresque in B Op101No2 B major.mid,Dvorak,16,2.0
31.125,<music21.chord.Chord E-5 B-3>,"[0, 5]","[10, 3]",Humoresque in B Op101No2 B major.mid,Dvorak,16,2.125
31.25,<music21.chord.Chord E-5>,[0],[3],Humoresque in B Op101No2 B major.mid,Dvorak,16,2.25
31.333333333333300,<music21.chord.Chord E-5 E-4>,[0],[3],Humoresque in B Op101No2 B major.mid,Dvorak,16,2.333333333333300
31.458333333333300,<music21.chord.Chord E-5>,[0],[3],Humoresque in B Op101No2 B major.mid,Dvorak,16,2.458333333333300
31.5,<music21.chord.Chord E-5 F#4>,"[0, 3]","[3, 6]",Humoresque in B Op101No2 B major.mid,Dvorak,16,2.5
31.625,<music21.chord.Chord E-5>,[0],[3],Humoresque in B Op101No2 B major.mid,Dvorak,16,2.625
31.666666666666700,<music21.chord.Chord E-4 E-5>,[0],[3],Humoresque in B Op101No2 B major.mid,Dvorak,16,2.666666666666700
31.791666666666700,<music21.chord.Chord E-5>,[0],[3],Humoresque in B Op101No2 B major.mid,Dvorak,16,2.791666666666700
31.875,<music21.chord.Chord F#4>,[0],[6],Humoresque in B Op101No2 B major.mid,Dvorak,16,2.875
32.0,<music21.chord.Chord E-6 F#5 B2 F#3>,"[0, 4, 7]","[11, 3, 6]",Humoresque in B Op101No2 B major.mid,Dvorak,17,1.0
32.5,<music21.chord.Chord F#6 E-5 B2 F#3>,"[0, 4, 7]","[11, 3, 6]",Humoresque in B Op101No2 B major.mid,Dvorak,17,1.5
33.0,<music21.chord.Chord B5 E5 B3 F#4>,"[0, 2, 7]","[4, 6, 11]",Humoresque in B Op101No2 B major.mid,Dvorak,17,2.0
33.5,<music21.chord.Chord F#5 B3 F#4>,"[0, 5]","[6, 11]",Humoresque in B Op101No2 B major.mid,Dvorak,17,2.5
34.0,<music21.chord.Chord C#6 G5 B2 F#3>,"[0, 1, 5, 7]","[6, 7, 11, 1]",Humoresque in B Op101No2 B major.mid,Dvorak,18,1.0
34.25,<music21.chord.Chord E-6 G5 B2 F#3>,"[0, 4, 7, 8]","[11, 3, 6, 7]",Humoresque in B Op101No2 B major.mid,Dvorak,18,1.25
34.5,<music21.chord.Chord E6 G#5 B2 F#3>,"[0, 2, 4, 7]","[4, 6, 8, 11]",Humoresque in B Op101No2 B major.mid,Dvorak,18,1.5
34.75,<music21.chord.Chord E-6 G#5 B2 F#3>,"[0, 3, 5, 8]","[3, 6, 8, 11]",Humoresque in B Op101No2 B major.mid,Dvorak,18,1.75
35.0,<music21.chord.Chord E-6 G5 B3 F#4>,"[0, 4, 7, 8]","[11, 3, 6, 7]",Humoresque in B Op101No2 B major.mid,Dvorak,18,2.0
35.5,<music21.chord.Chord E-6 F#5 B3 F#4>,"[0, 4, 7]","[11, 3, 6]",Humoresque in B Op101No2 B major.mid,Dvorak,18,2.5
36.0,<music21.chord.Chord E-6 F#5 B2 F#3>,"[0, 4, 7]","[11, 3, 6]",Humoresque in B Op101No2 B major.mid,Dvorak,19,1.0
36.5,<music21.chord.Chord F#6 E-5 B2 F#3>,"[0, 4, 7]","[11, 3, 6]",Humoresque in B Op101No2 B major.mid,Dvorak,19,1.5
37.0,<music21.chord.Chord B5 E5 B3 F#4>,"[0, 2, 7]","[4, 6, 11]",Humoresque in B Op101No2 B major.mid,Dvorak,19,2.0
37.5,<music21.chord.Chord F#5 B3 F#4>,"[0, 5]","[6, 11]",Humoresque in B Op101No2 B major.mid,Dvorak,19,2.5
38.0,<music21.chord.Chord C#6 G5 B2 F#3>,"[0, 1, 5, 7]","[6, 7, 11, 1]",Humoresque in B Op101No2 B major.mid,Dvorak,20,1.0
38.25,<music21.chord.Chord E-6 G5 B2 F#3>,"[0, 4, 7, 8]","[11, 3, 6, 7]",Humoresque in B Op101No2 B major.mid,Dvorak,20,1.25
38.5,<music21.chord.Chord E6 G#5 B2 F#3>,"[0, 2, 4, 7]","[4, 6, 8, 11]",Humoresque in B Op101No2 B major.mid,Dvorak,20,1.5
38.75,<music21.chord.Chord E-6 G#5 B2 F#3>,"[0, 3, 5, 8]","[3, 6, 8, 11]",Humoresque in B Op101No2 B major.mid,Dvorak,20,1.75
39.0,<music21.chord.Chord G#5 E-6 E-5 B2>,"[0, 3, 7]","[8, 11, 3]",Humoresque in B Op101No2 B major.mid,Dvorak,20,2.0
39.25,<music21.chord.Chord G#5 E-6 E-5 E3>,"[0, 1, 5]","[3, 4, 8]",Humoresque in B Op101No2 B major.mid,Dvorak,20,2.25
39.375,<music21.chord.Chord G#5 E-6 E-5 G3 E3>,"[0, 1, 4, 5]","[3, 4, 7, 8]",Humoresque in B Op101No2 B major.mid,Dvorak,20,2.375
39.5,<music21.chord.Chord G#5 E-6 E-5 G3>,"[0, 4, 5]","[3, 7, 8]",Humoresque in B Op101No2 B major.mid,Dvorak,20,2.5
39.625,<music21.chord.Chord G#5 E-6 E-5 E4>,"[0, 1, 5]","[3, 4, 8]",Humoresque in B Op101No2 B major.mid,Dvorak,20,2.625
39.75,<music21.chord.Chord G#5 E-6 E-5 G4 E4>,"[0, 1, 4, 5]","[3, 4, 7, 8]",Humoresque in B Op101No2 B major.mid,Dvorak,20,2.75
39.875,<music21.chord.Chord G#5 E-6 E-5 G4>,"[0, 4, 5]","[3, 7, 8]",Humoresque in B Op101No2 B major.mid,Dvorak,20,2.875
41.0,<music21.chord.Chord E-6 F#5 B2 F#3>,"[0, 4, 7]","[11, 3, 6]",Humoresque in B Op101No2 B major.mid,Dvorak,21,2.0
41.5,<music21.chord.Chord F#6 E-5 B2 F#3>,"[0, 4, 7]","[11, 3, 6]",Humoresque in B Op101No2 B major.mid,Dvorak,21,2.5
41.75,<music21.chord.Chord F#4 B4>,"[0, 5]","[6, 11]",Humoresque in B Op101No2 B major.mid,Dvorak,21,2.75
41.875,<music21.chord.Chord B3 F#4>,"[0, 5]","[6, 11]",Humoresque in B Op101No2 B major.mid,Dvorak,21,2.875
42.0,<music21.chord.Chord B5 E5 B3 F#4>,"[0, 2, 7]","[4, 6, 11]",Humoresque in B Op101No2 B major.mid,Dvorak,22,1.0
42.5,<music21.chord.Chord F#5 B3 F#4>,"[0, 5]","[6, 11]",Humoresque in B Op101No2 B major.mid,Dvorak,22,1.5
43.0,<music21.chord.Chord C#6 G5 B2 F#3>,"[0, 1, 5, 7]","[6, 7, 11, 1]",Humoresque in B Op101No2 B major.mid,Dvorak,22,2.0
43.25,<music21.chord.Chord E-6 G5 B2 F#3>,"[0, 4, 7, 8]","[11, 3, 6, 7]",Humoresque in B Op101No2 B major.mid,Dvorak,22,2.25
43.5,<music21.chord.Chord E6 G#5 B2 F#3>,"[0, 2, 4, 7]","[4, 6, 8, 11]",Humoresque in B Op101No2 B major.mid,Dvorak,22,2.5
43.75,<music21.chord.Chord E-6 G#5 F#4 B4>,"[0, 3, 5, 8]","[3, 6, 8, 11]",Humoresque in B Op101No2 B major.mid,Dvorak,22,2.75
43.875,<music21.chord.Chord E-6 G#5 B3 F#4>,"[0, 3, 5, 8]","[3, 6, 8, 11]",Humoresque in B Op101No2 B major.mid,Dvorak,22,2.875
44.0,<music21.chord.Chord E-6 G5 B3 F#4>,"[0, 4, 7, 8]","[11, 3, 6, 7]",Humoresque in B Op101No2 B major.mid,Dvorak,23,1.0
44.5,<music21.chord.Chord E-6 F#5 B3 F#4>,"[0, 4, 7]","[11, 3, 6]",Humoresque in B Op101No2 B major.mid,Dvorak,23,1.5
44.875,<music21.chord.Chord E-6 F#5>,"[0, 3]","[3, 6]",Humoresque in B Op101No2 B major.mid,Dvorak,23,1.875
45.0,<music21.chord.Chord E-6 F#5 B2 F#3>,"[0, 4, 7]","[11, 3, 6]",Humoresque in B Op101No2 B major.mid,Dvorak,23,2.0
45.5,<music21.chord.Chord F#6 E-5 B2 F#3>,"[0, 4, 7]","[11, 3, 6]",Humoresque in B Op101No2 B major.mid,Dvorak,23,2.5
45.75,<music21.chord.Chord F#4 B4>,"[0, 5]","[6, 11]",Humoresque in B Op101No2 B major.mid,Dvorak,23,2.75
45.875,<music21.chord.Chord B3 F#4>,"[0, 5]","[6, 11]",Humoresque in B Op101No2 B major.mid,Dvorak,23,2.875
46.0,<music21.chord.Chord B5 E5 B3 F#4>,"[0, 2, 7]","[4, 6, 11]",Humoresque in B Op101No2 B major.mid,Dvorak,24,1.0
46.5,<music21.chord.Chord F#5 B3 F#4>,"[0, 5]","[6, 11]",Humoresque in B Op101No2 B major.mid,Dvorak,24,1.5
47.0,<music21.chord.Chord C#6 C#5 G#5 E3 B2>,"[0, 3, 5, 8]","[8, 11, 1, 4]",Humoresque in B Op101No2 B major.mid,Dvorak,24,2.0
47.25,<music21.chord.Chord E-6 E-5 E3 B2>,"[0, 4, 5]","[11, 3, 4]",Humoresque in B Op101No2 B major.mid,Dvorak,24,2.25
47.5,<music21.chord.Chord E6 E5 B-5 G3 B2>,"[0, 3, 6, 7]","[4, 7, 10, 11]",Humoresque in B Op101No2 B major.mid,Dvorak,24,2.5
47.75,<music21.chord.Chord E-6 E-5 G3 B2>,"[0, 4, 8]","[3, 7, 11]",Humoresque in B Op101No2 B major.mid,Dvorak,24,2.75
48.0,<music21.chord.Chord B5 E-5 F#3 B2>,"[0, 4, 7]","[11, 3, 6]",Humoresque in B Op101No2 B major.mid,Dvorak,25,1.0
49.0,<music21.chord.Chord B5 E-5 F#3>,"[0, 4, 7]","[11, 3, 6]",Humoresque in B Op101No2 B major.mid,Dvorak,25,2.0
50.0,<music21.chord.Chord F#5 F#4>,[0],[6],Humoresque in B Op101No2 B major.mid,Dvorak,26,1.0
50.125,<music21.chord.Chord E-5 E-4>,[0],[3],Humoresque in B Op101No2 B major.mid,Dvorak,26,1.125
50.5,<music21.chord.Chord F#5 F#4>,[0],[6],Humoresque in B Op101No2 B major.mid,Dvorak,26,1.5
50.625,<music21.chord.Chord E-5 E-4>,[0],[3],Humoresque in B Op101No2 B major.mid,Dvorak,26,1.625
51.0,<music21.chord.Chord C#5 C#4>,[0],[1],Humoresque in B Op101No2 B major.mid,Dvorak,26,2.0
51.125,<music21.chord.Chord E-5 E-4>,[0],[3],Humoresque in B Op101No2 B major.mid,Dvorak,26,2.125
51.5,<music21.chord.Chord B4 B3>,[0],[11],Humoresque in B Op101No2 B major.mid,Dvorak,26,2.5
52.0,<music21.chord.Chord B3 E-4 F#4 F#3 B2>,"[0, 4, 7]","[11, 3, 6]",Humoresque in B Op101No2 B major.mid,Dvorak,27,1.0
52.75,<music21.chord.Chord B-3 C#4 F#4 F#3 F#2>,"[0, 4, 7]","[6, 10, 1]",Humoresque in B Op101No2 B major.mid,Dvorak,27,1.75
53.0,<music21.chord.Chord B3 E-4 F#4 F#3 B2>,"[0, 4, 7]","[11, 3, 6]",Humoresque in B Op101No2 B major.mid,Dvorak,27,2.0
54.0,<music21.chord.Chord F#5 F#4>,[0],[6],Humoresque in B Op101No2 B major.mid,Dvorak,28,1.0
54.125,<music21.chord.Chord E-5 E-4>,[0],[3],Humoresque in B Op101No2 B major.mid,Dvorak,28,1.125
54.5,<music21.chord.Chord F#5 F#4>,[0],[6],Humoresque in B Op101No2 B major.mid,Dvorak,28,1.5
54.625,<music21.chord.Chord E-5 E-4>,[0],[3],Humoresque in B Op101No2 B major.mid,Dvorak,28,1.625
55.0,<music21.chord.Chord C#5 C#4>,[0],[1],Humoresque in B Op101No2 B major.mid,Dvorak,28,2.0
55.125,<music21.chord.Chord E-5 E-4>,[0],[3],Humoresque in B Op101No2 B major.mid,Dvorak,28,2.125
55.5,<music21.chord.Chord B4 B3>,[0],[11],Humoresque in B Op101No2 B major.mid,Dvorak,28,2.5
56.0,<music21.chord.Chord B3 E-4 F#4 B4 B1 B2>,"[0, 4, 7]","[11, 3, 6]",Humoresque in B Op101No2 B major.mid,Dvorak,29,1.0
56.75,<music21.chord.Chord B3 E4 G#4 B4 F#2>,"[0, 2, 4, 7]","[4, 6, 8, 11]",Humoresque in B Op101No2 B major.mid,Dvorak,29,1.75
57.0,<music21.chord.Chord B3 E-4 F#4 B4 B1 B2>,"[0, 4, 7]","[11, 3, 6]",Humoresque in B Op101No2 B major.mid,Dvorak,29,2.0
58.0,<music21.chord.Chord F#5 F#4>,[0],[6],Humoresque in B Op101No2 B major.mid,Dvorak,30,1.0
58.125,<music21.chord.Chord D5 D4>,[0],[2],Humoresque in B Op101No2 B major.mid,Dvorak,30,1.125
58.5,<music21.chord.Chord F#5 F#4>,[0],[6],Humoresque in B Op101No2 B major.mid,Dvorak,30,1.5
58.625,<music21.chord.Chord D5 D4>,[0],[2],Humoresque in B Op101No2 B major.mid,Dvorak,30,1.625
59.0,<music21.chord.Chord C#5 C#4>,[0],[1],Humoresque in B Op101No2 B major.mid,Dvorak,30,2.0
59.125,<music21.chord.Chord D5 D4>,[0],[2],Humoresque in B Op101No2 B major.mid,Dvorak,30,2.125
59.5,<music21.chord.Chord B4 B3>,[0],[11],Humoresque in B Op101No2 B major.mid,Dvorak,30,2.5
60.0,<music21.chord.Chord B3 D4 F#4 F#3 B2>,"[0, 3, 7]","[11, 2, 6]",Humoresque in B Op101No2 B major.mid,Dvorak,31,1.0
60.5,<music21.chord.Chord C#4 E4 A4 F#3 B2>,"[0, 2, 4, 7, 9]","[9, 11, 1, 4, 6]",Humoresque in B Op101No2 B major.mid,Dvorak,31,1.5
60.625,<music21.chord.Chord G#4 F#3 B2>,"[0, 2, 5]","[6, 8, 11]",Humoresque in B Op101No2 B major.mid,Dvorak,31,1.625
60.75,<music21.chord.Chord F#4 F#3 F#2>,[0],[6],Humoresque in B Op101No2 B major.mid,Dvorak,31,1.75
61.0,<music21.chord.Chord B3 D4 F#4 F#3 B2>,"[0, 3, 7]","[11, 2, 6]",Humoresque in B Op101No2 B major.mid,Dvorak,31,2.0
62.0,<music21.chord.Chord F#5 F#4>,[0],[6],Humoresque in B Op101No2 B major.mid,Dvorak,32,1.0
62.125,<music21.chord.Chord D5 D4>,[0],[2],Humoresque in B Op101No2 B major.mid,Dvorak,32,1.125
62.5,<music21.chord.Chord F#5 F#4>,[0],[6],Humoresque in B Op101No2 B major.mid,Dvorak,32,1.5
62.625,<music21.chord.Chord D5 D4>,[0],[2],Humoresque in B Op101No2 B major.mid,Dvorak,32,1.625
63.0,<music21.chord.Chord C#5 C#4>,[0],[1],Humoresque in B Op101No2 B major.mid,Dvorak,32,2.0
63.125,<music21.chord.Chord D5 D4>,[0],[2],Humoresque in B Op101No2 B major.mid,Dvorak,32,2.125
63.5,<music21.chord.Chord B4 B3>,[0],[11],Humoresque in B Op101No2 B major.mid,Dvorak,32,2.5
64.0,<music21.chord.Chord D4 F#4 B4 F#3 B2>,"[0, 3, 7]","[11, 2, 6]",Humoresque in B Op101No2 B major.mid,Dvorak,33,1.0
64.5,<music21.chord.Chord E4 G4 D5 F#3 B2>,"[0, 3, 5, 7, 8]","[11, 2, 4, 6, 7]",Humoresque in B Op101No2 B major.mid,Dvorak,33,1.5
64.625,<music21.chord.Chord C#5 F#3 B2>,"[0, 2, 7]","[11, 1, 6]",Humoresque in B Op101No2 B major.mid,Dvorak,33,1.625
64.75,<music21.chord.Chord B4 F#3 F#2>,"[0, 5]","[6, 11]",Humoresque in B Op101No2 B major.mid,Dvorak,33,1.75
65.0,<music21.chord.Chord D4 F#4 B4 F#3 B2>,"[0, 3, 7]","[11, 2, 6]",Humoresque in B Op101No2 B major.mid,Dvorak,33,2.0
66.0,<music21.chord.Chord A5 A4>,[0],[9],Humoresque in B Op101No2 B major.mid,Dvorak,34,1.0
66.125,<music21.chord.Chord F#5 F#4>,[0],[6],Humoresque in B Op101No2 B major.mid,Dvorak,34,1.125
66.5,<music21.chord.Chord A5 A4>,[0],[9],Humoresque in B Op101No2 B major.mid,Dvorak,34,1.5
66.625,<music21.chord.Chord F#5 F#4>,[0],[6],Humoresque in B Op101No2 B major.mid,Dvorak,34,1.625
67.0,<music21.chord.Chord E5 E4>,[0],[4],Humoresque in B Op101No2 B major.mid,Dvorak,34,2.0
67.125,<music21.chord.Chord F#5 F#4>,[0],[6],Humoresque in B Op101No2 B major.mid,Dvorak,34,2.125
67.5,<music21.chord.Chord D5 D4>,[0],[2],Humoresque in B Op101No2 B major.mid,Dvorak,34,2.5
68.0,<music21.chord.Chord D4 F#4 A4 A3 D3>,"[0, 4, 7]","[2, 6, 9]",Humoresque in B Op101No2 B major.mid,Dvorak,35,1.0
68.75,<music21.chord.Chord C#4 E4 A4 A3 A2>,"[0, 4, 7]","[9, 1, 4]",Humoresque in B Op101No2 B major.mid,Dvorak,35,1.75
69.0,<music21.chord.Chord D4 F#4 A4 A3 D3>,"[0, 4, 7]","[2, 6, 9]",Humoresque in B Op101No2 B major.mid,Dvorak,35,2.0
70.0,<music21.chord.Chord A5 A4>,[0],[9],Humoresque in B Op101No2 B major.mid,Dvorak,36,1.0
70.125,<music21.chord.Chord F#5 F#4>,[0],[6],Humoresque in B Op101No2 B major.mid,Dvorak,36,1.125
70.5,<music21.chord.Chord A5 A4>,[0],[9],Humoresque in B Op101No2 B major.mid,Dvorak,36,1.5
70.625,<music21.chord.Chord F#5 F#4>,[0],[6],Humoresque in B Op101No2 B major.mid,Dvorak,36,1.625
71.0,<music21.chord.Chord E5 E4>,[0],[4],Humoresque in B Op101No2 B major.mid,Dvorak,36,2.0
71.125,<music21.chord.Chord F#5 F#4>,[0],[6],Humoresque in B Op101No2 B major.mid,Dvorak,36,2.125
71.5,<music21.chord.Chord D5 D4>,[0],[2],Humoresque in B Op101No2 B major.mid,Dvorak,36,2.5
72.0,<music21.chord.Chord C#4 F#4 A4 C#5 F#3 A3>,"[0, 3, 7]","[6, 9, 1]",Humoresque in B Op101No2 B major.mid,Dvorak,37,1.0
72.75,<music21.chord.Chord C#4 F4 G#4 C#5 C#3 G#3>,"[0, 4, 7]","[1, 5, 8]",Humoresque in B Op101No2 B major.mid,Dvorak,37,1.75
73.0,<music21.chord.Chord C#4 F#4 A4 C#5 F#3 A3>,"[0, 3, 7]","[6, 9, 1]",Humoresque in B Op101No2 B major.mid,Dvorak,37,2.0
74.0,<music21.chord.Chord A5 A4>,[0],[9],Humoresque in B Op101No2 B major.mid,Dvorak,38,1.0
74.125,<music21.chord.Chord F#5 F#4>,[0],[6],Humoresque in B Op101No2 B major.mid,Dvorak,38,1.125
74.5,<music21.chord.Chord A5 A4>,[0],[9],Humoresque in B Op101No2 B major.mid,Dvorak,38,1.5
74.625,<music21.chord.Chord F#5 F#4>,[0],[6],Humoresque in B Op101No2 B major.mid,Dvorak,38,1.625
75.0,<music21.chord.Chord E5 E4>,[0],[4],Humoresque in B Op101No2 B major.mid,Dvorak,38,2.0
75.125,<music21.chord.Chord F#5 F#4>,[0],[6],Humoresque in B Op101No2 B major.mid,Dvorak,38,2.125
75.5,<music21.chord.Chord D5 D4>,[0],[2],Humoresque in B Op101No2 B major.mid,Dvorak,38,2.5
76.0,<music21.chord.Chord D4 F#4 A4 A3 D3>,"[0, 4, 7]","[2, 6, 9]",Humoresque in B Op101No2 B major.mid,Dvorak,39,1.0
76.5,<music21.chord.Chord C#5 A3 D3>,"[0, 4, 5]","[9, 1, 2]",Humoresque in B Op101No2 B major.mid,Dvorak,39,1.5
76.625,<music21.chord.Chord B4 A3 D3>,"[0, 2, 5]","[9, 11, 2]",Humoresque in B Op101No2 B major.mid,Dvorak,39,1.625
76.75,<music21.chord.Chord C#4 E4 A4 A3 A2>,"[0, 4, 7]","[9, 1, 4]",Humoresque in B Op101No2 B major.mid,Dvorak,39,1.75
77.0,<music21.chord.Chord D4 F#4 A4 A3 D3>,"[0, 4, 7]","[2, 6, 9]",Humoresque in B Op101No2 B major.mid,Dvorak,39,2.0
78.0,<music21.chord.Chord A5 A4>,[0],[9],Humoresque in B Op101No2 B major.mid,Dvorak,40,1.0
78.125,<music21.chord.Chord F#5 F#4>,[0],[6],Humoresque in B Op101No2 B major.mid,Dvorak,40,1.125
78.5,<music21.chord.Chord A5 A4>,[0],[9],Humoresque in B Op101No2 B major.mid,Dvorak,40,1.5
78.625,<music21.chord.Chord F#5 F#4>,[0],[6],Humoresque in B Op101No2 B major.mid,Dvorak,40,1.625
79.0,<music21.chord.Chord E5 E4>,[0],[4],Humoresque in B Op101No2 B major.mid,Dvorak,40,2.0
79.125,<music21.chord.Chord F#5 F#4>,[0],[6],Humoresque in B Op101No2 B major.mid,Dvorak,40,2.125
79.5,<music21.chord.Chord D5 D4>,[0],[2],Humoresque in B Op101No2 B major.mid,Dvorak,40,2.5
80.0,<music21.chord.Chord C#4 F#4 B-4 C#5 F#3 B-3>,"[0, 4, 7]","[6, 10, 1]",Humoresque in B Op101No2 B major.mid,Dvorak,41,1.0
80.75,<music21.chord.Chord C#4 F4 G#4 C#5 C#3 G#3>,"[0, 4, 7]","[1, 5, 8]",Humoresque in B Op101No2 B major.mid,Dvorak,41,1.75
81.0,<music21.chord.Chord C#4 F#4 B-4 C#5 F#3 B-3>,"[0, 4, 7]","[6, 10, 1]",Humoresque in B Op101No2 B major.mid,Dvorak,41,2.0
82.0,<music21.chord.Chord F#5 F#6 F#4>,[0],[6],Humoresque in B Op101No2 B major.mid,Dvorak,42,1.0
82.125,<music21.chord.Chord E-6 E-4>,[0],[3],Humoresque in B Op101No2 B major.mid,Dvorak,42,1.125
82.5,<music21.chord.Chord F#5 F#6 F#4>,[0],[6],Humoresque in B Op101No2 B major.mid,Dvorak,42,1.5
82.625,<music21.chord.Chord E-6 E-4>,[0],[3],Humoresque in B Op101No2 B major.mid,Dvorak,42,1.625
83.0,<music21.chord.Chord F#5 C#6 C#4 F#4>,"[0, 5]","[1, 6]",Humoresque in B Op101No2 B major.mid,Dvorak,42,2.0
83.125,<music21.chord.Chord E-6 E-4>,[0],[3],Humoresque in B Op101No2 B major.mid,Dvorak,42,2.125
83.5,<music21.chord.Chord F#5 B5 B3 F#4>,"[0, 5]","[6, 11]",Humoresque in B Op101No2 B major.mid,Dvorak,42,2.5
84.0,<music21.chord.Chord F#4 B4 E-5 F#5 B1 B2>,"[0, 4, 7]","[11, 3, 6]",Humoresque in B Op101No2 B major.mid,Dvorak,43,1.0
84.5,<music21.chord.Chord F#4 B4 E-5 F#5 F#1 F#2>,"[0, 4, 7]","[11, 3, 6]",Humoresque in B Op101No2 B major.mid,Dvorak,43,1.5
84.75,<music21.chord.Chord F#4 B-4 C#5 F#5 F#1 F#2>,"[0, 4, 7]","[6, 10, 1]",Humoresque in B Op101No2 B major.mid,Dvorak,43,1.75
85.0,<music21.chord.Chord F#4 B4 E-5 F#5 B1 B2>,"[0, 4, 7]","[11, 3, 6]",Humoresque in B Op101No2 B major.mid,Dvorak,43,2.0
85.25,<music21.chord.Chord F#4 B4 E-5 F#5 E-3>,"[0, 4, 7]","[11, 3, 6]",Humoresque in B Op101No2 B major.mid,Dvorak,43,2.25
85.5,<music21.chord.Chord F#4 B4 E-5 F#5 F#3>,"[0, 4, 7]","[11, 3, 6]",Humoresque in B Op101No2 B major.mid,Dvorak,43,2.5
85.75,<music21.chord.Chord F#4 B4 E-5 F#5 B3>,"[0, 4, 7]","[11, 3, 6]",Humoresque in B Op101No2 B major.mid,Dvorak,43,2.75
86.0,<music21.chord.Chord F#5 F#6 F#4>,[0],[6],Humoresque in B Op101No2 B major.mid,Dvorak,44,1.0
86.125,<music21.chord.Chord E-6 E-4>,[0],[3],Humoresque in B Op101No2 B major.mid,Dvorak,44,1.125
86.5,<music21.chord.Chord F#5 F#6 F#4>,[0],[6],Humoresque in B Op101No2 B major.mid,Dvorak,44,1.5
86.625,<music21.chord.Chord E-6 E-4>,[0],[3],Humoresque in B Op101No2 B major.mid,Dvorak,44,1.625
87.0,<music21.chord.Chord F#5 C#6 C#4 F#4>,"[0, 5]","[1, 6]",Humoresque in B Op101No2 B major.mid,Dvorak,44,2.0
87.125,<music21.chord.Chord E-6 E-4>,[0],[3],Humoresque in B Op101No2 B major.mid,Dvorak,44,2.125
87.5,<music21.chord.Chord F#5 B5 B3 F#4>,"[0, 5]","[6, 11]",Humoresque in B Op101No2 B major.mid,Dvorak,44,2.5
88.0,<music21.chord.Chord B4 E-5 F#5 B5 B1 B2>,"[0, 4, 7]","[11, 3, 6]",Humoresque in B Op101No2 B major.mid,Dvorak,45,1.0
88.5,<music21.chord.Chord B4 E-5 F#5 B5 F#1 F#2>,"[0, 4, 7]","[11, 3, 6]",Humoresque in B Op101No2 B major.mid,Dvorak,45,1.5
88.75,<music21.chord.Chord B4 E5 G#5 F#1 F#2>,"[0, 2, 4, 7]","[4, 6, 8, 11]",Humoresque in B Op101No2 B major.mid,Dvorak,45,1.75
89.0,<music21.chord.Chord B4 E-5 F#5 B5 B1 B2>,"[0, 4, 7]","[11, 3, 6]",Humoresque in B Op101No2 B major.mid,Dvorak,45,2.0
89.25,<music21.chord.Chord B4 E-5 F#5 B5 E-3>,"[0, 4, 7]","[11, 3, 6]",Humoresque in B Op101No2 B major.mid,Dvorak,45,2.25
89.5,<music21.chord.Chord B4 E-5 F#5 B5 F#3>,"[0, 4, 7]","[11, 3, 6]",Humoresque in B Op101No2 B major.mid,Dvorak,45,2.5
89.75,<music21.chord.Chord B4 E-5 F#5 B5 B3>,"[0, 4, 7]","[11, 3, 6]",Humoresque in B Op101No2 B major.mid,Dvorak,45,2.75
90.0,<music21.chord.Chord F#5 F#6 F#4>,[0],[6],Humoresque in B Op101No2 B major.mid,Dvorak,46,1.0
90.125,<music21.chord.Chord E-6 E-4>,[0],[3],Humoresque in B Op101No2 B major.mid,Dvorak,46,1.125
90.5,<music21.chord.Chord F#5 F#6 F#4>,[0],[6],Humoresque in B Op101No2 B major.mid,Dvorak,46,1.5
90.625,<music21.chord.Chord E-6 E-4>,[0],[3],Humoresque in B Op101No2 B major.mid,Dvorak,46,1.625
91.0,<music21.chord.Chord F#5 C#6 C#4 F#4>,"[0, 5]","[1, 6]",Humoresque in B Op101No2 B major.mid,Dvorak,46,2.0
91.125,<music21.chord.Chord E-6 E-4>,[0],[3],Humoresque in B Op101No2 B major.mid,Dvorak,46,2.125
91.5,<music21.chord.Chord F#5 B5 B3 F#4>,"[0, 5]","[6, 11]",Humoresque in B Op101No2 B major.mid,Dvorak,46,2.5
92.0,<music21.chord.Chord F#4 B4 E-5 F#5 B1 B2>,"[0, 4, 7]","[11, 3, 6]",Humoresque in B Op101No2 B major.mid,Dvorak,47,1.0
92.5,<music21.chord.Chord C#5 E5 B-5 F#1 F#2>,"[0, 3, 6, 8]","[10, 1, 4, 6]",Humoresque in B Op101No2 B major.mid,Dvorak,47,1.5
92.625,<music21.chord.Chord G#5 F#1 F#2>,"[0, 2]","[6, 8]",Humoresque in B Op101No2 B major.mid,Dvorak,47,1.625
92.75,<music21.chord.Chord F#1 F#2>,[0],[6],Humoresque in B Op101No2 B major.mid,Dvorak,47,1.75
92.875,<music21.chord.Chord F#5 F#1 F#2>,[0],[6],Humoresque in B Op101No2 B major.mid,Dvorak,47,1.875
93.0,<music21.chord.Chord B4 E-5 B1 B2>,"[0, 4]","[11, 3]",Humoresque in B Op101No2 B major.mid,Dvorak,47,2.0
93.25,<music21.chord.Chord B4 E-5 E-3>,"[0, 4]","[11, 3]",Humoresque in B Op101No2 B major.mid,Dvorak,47,2.25
93.5,<music21.chord.Chord B4 E-5 F#3>,"[0, 4, 7]","[11, 3, 6]",Humoresque in B Op101No2 B major.mid,Dvorak,47,2.5
93.75,<music21.chord.Chord B4 E-5 B3>,"[0, 4]","[11, 3]",Humoresque in B Op101No2 B major.mid,Dvorak,47,2.75
94.0,<music21.chord.Chord F#5 F#6 F#4>,[0],[6],Humoresque in B Op101No2 B major.mid,Dvorak,48,1.0
94.125,<music21.chord.Chord E-6 E-4>,[0],[3],Humoresque in B Op101No2 B major.mid,Dvorak,48,1.125
94.5,<music21.chord.Chord F#5 F#6 F#4>,[0],[6],Humoresque in B Op101No2 B major.mid,Dvorak,48,1.5
94.625,<music21.chord.Chord E-6 E-4>,[0],[3],Humoresque in B Op101No2 B major.mid,Dvorak,48,1.625
95.0,<music21.chord.Chord F#5 C#6 C#4 F#4>,"[0, 5]","[1, 6]",Humoresque in B Op101No2 B major.mid,Dvorak,48,2.0
95.125,<music21.chord.Chord E-6 E-4>,[0],[3],Humoresque in B Op101No2 B major.mid,Dvorak,48,2.125
95.5,<music21.chord.Chord F#5 B5 B3 F#4>,"[0, 5]","[6, 11]",Humoresque in B Op101No2 B major.mid,Dvorak,48,2.5
96.0,<music21.chord.Chord E-5 F#5 B5 B1 B2>,"[0, 4, 7]","[11, 3, 6]",Humoresque in B Op101No2 B major.mid,Dvorak,49,1.0
96.5,<music21.chord.Chord E5 G#5 E-6 F#1 F#2>,"[0, 1, 3, 5]","[3, 4, 6, 8]",Humoresque in B Op101No2 B major.mid,Dvorak,49,1.5
96.625,<music21.chord.Chord C#6 F#1 F#2>,"[0, 5]","[1, 6]",Humoresque in B Op101No2 B major.mid,Dvorak,49,1.625
96.75,<music21.chord.Chord F#1 F#2>,[0],[6],Humoresque in B Op101No2 B major.mid,Dvorak,49,1.75
96.875,<music21.chord.Chord E5 G#5 B5 F#1 F#2>,"[0, 2, 4, 7]","[4, 6, 8, 11]",Humoresque in B Op101No2 B major.mid,Dvorak,49,1.875
97.0,<music21.chord.Chord B4 E-5 F#5 B1 B2>,"[0, 4, 7]","[11, 3, 6]",Humoresque in B Op101No2 B major.mid,Dvorak,49,2.0
99.0,<music21.chord.Chord E-5 F#4 B2 F#3>,"[0, 4, 7]","[11, 3, 6]",Humoresque in B Op101No2 B major.mid,Dvorak,50,2.0
99.5,<music21.chord.Chord F#5 E-4 B2 F#3>,"[0, 4, 7]","[11, 3, 6]",Humoresque in B Op101No2 B major.mid,Dvorak,50,2.5
100.0,<music21.chord.Chord B4 E4 B2 F#3>,"[0, 2, 7]","[4, 6, 11]",Humoresque in B Op101No2 B major.mid,Dvorak,51,1.0
100.5,<music21.chord.Chord F#4 B2 F#3>,"[0, 5]","[6, 11]",Humoresque in B Op101No2 B major.mid,Dvorak,51,1.5
101.0,<music21.chord.Chord C#5 G4 B2 F#3>,"[0, 1, 5, 7]","[6, 7, 11, 1]",Humoresque in B Op101No2 B major.mid,Dvorak,51,2.0
101.25,<music21.chord.Chord E-5 G4 B2 F#3>,"[0, 4, 7, 8]","[11, 3, 6, 7]",Humoresque in B Op101No2 B major.mid,Dvorak,51,2.25
101.5,<music21.chord.Chord E5 G#4 B2 F#3>,"[0, 2, 4, 7]","[4, 6, 8, 11]",Humoresque in B Op101No2 B major.mid,Dvorak,51,2.5
101.75,<music21.chord.Chord E-5 G#4 B2 F#3>,"[0, 3, 5, 8]","[3, 6, 8, 11]",Humoresque in B Op101No2 B major.mid,Dvorak,51,2.75
102.0,<music21.chord.Chord E-5 G4 B2 F#3>,"[0, 4, 7, 8]","[11, 3, 6, 7]",Humoresque in B Op101No2 B major.mid,Dvorak,52,1.0
102.5,<music21.chord.Chord E-5 F#4 B2 F#3>,"[0, 4, 7]","[11, 3, 6]",Humoresque in B Op101No2 B major.mid,Dvorak,52,1.5
103.0,<music21.chord.Chord E-5 F#4 B2 F#3>,"[0, 4, 7]","[11, 3, 6]",Humoresque in B Op101No2 B major.mid,Dvorak,52,2.0
103.5,<music21.chord.Chord F#5 E-4 B2 F#3>,"[0, 4, 7]","[11, 3, 6]",Humoresque in B Op101No2 B major.mid,Dvorak,52,2.5
104.0,<music21.chord.Chord B4 E4 B2 F#3>,"[0, 2, 7]","[4, 6, 11]",Humoresque in B Op101No2 B major.mid,Dvorak,53,1.0
104.5,<music21.chord.Chord F#4 B2 F#3>,"[0, 5]","[6, 11]",Humoresque in B Op101No2 B major.mid,Dvorak,53,1.5
105.0,<music21.chord.Chord C#5 G4 F#3 B2>,"[0, 1, 5, 7]","[6, 7, 11, 1]",Humoresque in B Op101No2 B major.mid,Dvorak,53,2.0
105.25,<music21.chord.Chord E-5 G4 F#3 B2>,"[0, 4, 7, 8]","[11, 3, 6, 7]",Humoresque in B Op101No2 B major.mid,Dvorak,53,2.25
105.5,<music21.chord.Chord E5 G#4 E3 B2>,"[0, 4, 7]","[4, 8, 11]",Humoresque in B Op101No2 B major.mid,Dvorak,53,2.5
105.75,<music21.chord.Chord E-5 G#4 E3 B2>,"[0, 1, 5, 8]","[3, 4, 8, 11]",Humoresque in B Op101No2 B major.mid,Dvorak,53,2.75
106.0,<music21.chord.Chord E-5 B-4 B2>,"[0, 1, 5]","[10, 11, 3]",Humoresque in B Op101No2 B major.mid,Dvorak,54,1.0
106.25,<music21.chord.Chord E-5 B-4 E3 B2>,"[0, 1, 5, 6]","[10, 11, 3, 4]",Humoresque in B Op101No2 B major.mid,Dvorak,54,1.25
106.5,<music21.chord.Chord E-5 B-4 G3 B2>,"[0, 4, 7, 8]","[3, 7, 10, 11]",Humoresque in B Op101No2 B major.mid,Dvorak,54,1.5
106.75,<music21.chord.Chord E-5 B-4 E4 B2>,"[0, 1, 5, 6]","[10, 11, 3, 4]",Humoresque in B Op101No2 B major.mid,Dvorak,54,1.75
107.0,<music21.chord.Chord E-5 B-4 E4>,"[0, 5, 6]","[10, 3, 4]",Humoresque in B Op101No2 B major.mid,Dvorak,54,2.0
108.0,<music21.chord.Chord E-5 F#4 B2 F#3>,"[0, 4, 7]","[11, 3, 6]",Humoresque in B Op101No2 B major.mid,Dvorak,55,1.0
108.5,<music21.chord.Chord F#5 E-4 B2 F#3>,"[0, 4, 7]","[11, 3, 6]",Humoresque in B Op101No2 B major.mid,Dvorak,55,1.5
109.0,<music21.chord.Chord B4 E4 B2 F#3>,"[0, 2, 7]","[4, 6, 11]",Humoresque in B Op101No2 B major.mid,Dvorak,55,2.0
109.5,<music21.chord.Chord F#4 B2 F#3>,"[0, 5]","[6, 11]",Humoresque in B Op101No2 B major.mid,Dvorak,55,2.5
110.0,<music21.chord.Chord C#5 G4 B2 F#3>,"[0, 1, 5, 7]","[6, 7, 11, 1]",Humoresque in B Op101No2 B major.mid,Dvorak,56,1.0
110.25,<music21.chord.Chord E-5 G4 B2 F#3>,"[0, 4, 7, 8]","[11, 3, 6, 7]",Humoresque in B Op101No2 B major.mid,Dvorak,56,1.25
110.5,<music21.chord.Chord E5 G#4 B2 F#3>,"[0, 2, 4, 7]","[4, 6, 8, 11]",Humoresque in B Op101No2 B major.mid,Dvorak,56,1.5
110.75,<music21.chord.Chord E-5 G#4 B2 F#3>,"[0, 3, 5, 8]","[3, 6, 8, 11]",Humoresque in B Op101No2 B major.mid,Dvorak,56,1.75
111.0,<music21.chord.Chord E-5 G4 B2 F#3>,"[0, 4, 7, 8]","[11, 3, 6, 7]",Humoresque in B Op101No2 B major.mid,Dvorak,56,2.0
111.5,<music21.chord.Chord E-5 F#4 B2 F#3>,"[0, 4, 7]","[11, 3, 6]",Humoresque in B Op101No2 B major.mid,Dvorak,56,2.5
112.0,<music21.chord.Chord E-5 F#4 B2 F#3>,"[0, 4, 7]","[11, 3, 6]",Humoresque in B Op101No2 B major.mid,Dvorak,57,1.0
112.5,<music21.chord.Chord F#5 E-4 B2 F#3>,"[0, 4, 7]","[11, 3, 6]",Humoresque in B Op101No2 B major.mid,Dvorak,57,1.5
113.0,<music21.chord.Chord B4 E4 B2 F#3>,"[0, 2, 7]","[4, 6, 11]",Humoresque in B Op101No2 B major.mid,Dvorak,57,2.0
113.5,<music21.chord.Chord F#4 B2 F#3>,"[0, 5]","[6, 11]",Humoresque in B Op101No2 B major.mid,Dvorak,57,2.5
114.0,<music21.chord.Chord C#5 G4 F#3 B2>,"[0, 1, 5, 7]","[6, 7, 11, 1]",Humoresque in B Op101No2 B major.mid,Dvorak,58,1.0
114.25,<music21.chord.Chord E-5 G4 F#3 B2>,"[0, 4, 7, 8]","[11, 3, 6, 7]",Humoresque in B Op101No2 B major.mid,Dvorak,58,1.25
114.5,<music21.chord.Chord E5 G#4 E3 B2>,"[0, 4, 7]","[4, 8, 11]",Humoresque in B Op101No2 B major.mid,Dvorak,58,1.5
114.75,<music21.chord.Chord E-5 G#4 E3 B2>,"[0, 1, 5, 8]","[3, 4, 8, 11]",Humoresque in B Op101No2 B major.mid,Dvorak,58,1.75
115.0,<music21.chord.Chord E-5 B-4 B2>,"[0, 1, 5]","[10, 11, 3]",Humoresque in B Op101No2 B major.mid,Dvorak,58,2.0
115.25,<music21.chord.Chord E-5 B-4 E3 B2>,"[0, 1, 5, 6]","[10, 11, 3, 4]",Humoresque in B Op101No2 B major.mid,Dvorak,58,2.25
115.5,<music21.chord.Chord E-5 B-4 G3 B2>,"[0, 4, 7, 8]","[3, 7, 10, 11]",Humoresque in B Op101No2 B major.mid,Dvorak,58,2.5
115.75,<music21.chord.Chord E-5 B-4 E4 B2>,"[0, 1, 5, 6]","[10, 11, 3, 4]",Humoresque in B Op101No2 B major.mid,Dvorak,58,2.75
116.0,<music21.chord.Chord E-5 B-4 E4>,"[0, 5, 6]","[10, 3, 4]",Humoresque in B Op101No2 B major.mid,Dvorak,59,1.0
117.0,<music21.chord.Chord D5 F#5 D6 B2 F#3 B3>,"[0, 3, 7]","[11, 2, 6]",Humoresque in B Op101No2 B major.mid,Dvorak,59,2.0
117.25,<music21.chord.Chord E-5 F#5 E-6 B2 F#3 B3>,"[0, 4, 7]","[11, 3, 6]",Humoresque in B Op101No2 B major.mid,Dvorak,59,2.25
117.5,<music21.chord.Chord E5 F#5 E6 F#4 B3>,"[0, 2, 7]","[4, 6, 11]",Humoresque in B Op101No2 B major.mid,Dvorak,59,2.5
117.75,<music21.chord.Chord E-5 F#5 E-6 F#4 B3>,"[0, 4, 7]","[11, 3, 6]",Humoresque in B Op101No2 B major.mid,Dvorak,59,2.75
117.875,<music21.chord.Chord E-5 F#5 E-6 B3 E4>,"[0, 4, 5, 7]","[11, 3, 4, 6]",Humoresque in B Op101No2 B major.mid,Dvorak,59,2.875
118.0,<music21.chord.Chord E-5 B-5 E-6 B3 G4 E4>,"[0, 1, 4, 7, 8]","[3, 4, 7, 10, 11]",Humoresque in B Op101No2 B major.mid,Dvorak,60,1.0
119.0,<music21.chord.Chord E-5 B-5 E-6>,"[0, 5]","[10, 3]",Humoresque in B Op101No2 B major.mid,Dvorak,60,2.0
120.0,<music21.chord.Chord D5 F#5 D6 B2 B3>,"[0, 3, 7]","[11, 2, 6]",Humoresque in B Op101No2 B major.mid,Dvorak,61,1.0
120.25,<music21.chord.Chord E-5 F#5 E-6 B2 B3>,"[0, 4, 7]","[11, 3, 6]",Humoresque in B Op101No2 B major.mid,Dvorak,61,1.25
120.5,<music21.chord.Chord E5 F#5 E6 B3 F#4>,"[0, 2, 7]","[4, 6, 11]",Humoresque in B Op101No2 B major.mid,Dvorak,61,1.5
120.75,<music21.chord.Chord E-5 F#5 E-6 B3 F#4>,"[0, 4, 7]","[11, 3, 6]",Humoresque in B Op101No2 B major.mid,Dvorak,61,1.75
121.0,<music21.chord.Chord D5 B5 D6 G#2 G#3>,"[0, 3, 6]","[8, 11, 2]",Humoresque in B Op101No2 B major.mid,Dvorak,61,2.0
121.25,<music21.chord.Chord E-5 B5 E-6 G#2 G#3>,"[0, 3, 7]","[8, 11, 3]",Humoresque in B Op101No2 B major.mid,Dvorak,61,2.25
121.5,<music21.chord.Chord E5 B5 E6 G#3 B3>,"[0, 4, 7]","[4, 8, 11]",Humoresque in B Op101No2 B major.mid,Dvorak,61,2.5
121.75,<music21.chord.Chord E-5 B5 E-6 G#3 B3>,"[0, 3, 7]","[8, 11, 3]",Humoresque in B Op101No2 B major.mid,Dvorak,61,2.75
122.0,<music21.chord.Chord B-4 F#5 B-5 E-2 E-3>,"[0, 3, 7]","[3, 6, 10]",Humoresque in B Op101No2 B major.mid,Dvorak,62,1.0
122.25,<music21.chord.Chord B4 F#5 B5 E-2 E-3>,"[0, 4, 7]","[11, 3, 6]",Humoresque in B Op101No2 B major.mid,Dvorak,62,1.25
122.5,<music21.chord.Chord C#5 F#5 C#6 E-3 F#3>,"[0, 2, 5]","[1, 3, 6]",Humoresque in B Op101No2 B major.mid,Dvorak,62,1.5
122.75,<music21.chord.Chord B4 F#5 B5 E-3 F#3>,"[0, 4, 7]","[11, 3, 6]",Humoresque in B Op101No2 B major.mid,Dvorak,62,1.75
123.0,<music21.chord.Chord G4 E5 G5 C#2 C#3>,"[0, 3, 6]","[1, 4, 7]",Humoresque in B Op101No2 B major.mid,Dvorak,62,2.0
123.25,<music21.chord.Chord G#4 E5 G#5 C#2 C#3>,"[0, 3, 7]","[1, 4, 8]",Humoresque in B Op101No2 B major.mid,Dvorak,62,2.25
123.5,<music21.chord.Chord B-4 E5 B-5 C#3 E3 B3>,"[0, 1, 3, 6]","[10, 11, 1, 4]",Humoresque in B Op101No2 B major.mid,Dvorak,62,2.5
123.75,<music21.chord.Chord G#4 E5 G#5 C#3 E3 B3>,"[0, 3, 5, 8]","[8, 11, 1, 4]",Humoresque in B Op101No2 B major.mid,Dvorak,62,2.75
124.0,<music21.chord.Chord C4 C5 F#1 F#2>,"[0, 6]","[0, 6]",Humoresque in B Op101No2 B major.mid,Dvorak,63,1.0
124.25,<music21.chord.Chord C#4 C#5 F#1 F#2>,"[0, 5]","[1, 6]",Humoresque in B Op101No2 B major.mid,Dvorak,63,1.25
124.5,<music21.chord.Chord E-4 E-5 E3 B-3>,"[0, 5, 6]","[10, 3, 4]",Humoresque in B Op101No2 B major.mid,Dvorak,63,1.5
124.75,<music21.chord.Chord E4 E5 E3 B-3>,"[0, 6]","[4, 10]",Humoresque in B Op101No2 B major.mid,Dvorak,63,1.75
125.0,<music21.chord.Chord F#4 F#5 E3 B-3>,"[0, 2, 6]","[4, 6, 10]",Humoresque in B Op101No2 B major.mid,Dvorak,63,2.0
125.25,<music21.chord.Chord B-4 B-5 E3 B-3>,"[0, 6]","[4, 10]",Humoresque in B Op101No2 B major.mid,Dvorak,63,2.25
125.5,<music21.chord.Chord E-5 F#5 E-6 F#2 F#3>,"[0, 3]","[3, 6]",Humoresque in B Op101No2 B major.mid,Dvorak,63,2.5
125.75,<music21.chord.Chord C#5 F#5 C#6 E3 B-3>,"[0, 3, 6, 8]","[10, 1, 4, 6]",Humoresque in B Op101No2 B major.mid,Dvorak,63,2.75
125.875,<music21.chord.Chord E-5 F#5 C#6 E3 B-3>,"[0, 3, 5, 6, 8]","[10, 1, 3, 4, 6]",Humoresque in B Op101No2 B major.mid,Dvorak,63,2.875
126.0,<music21.chord.Chord C#6 E-5 B1 F#2>,"[0, 2, 4, 7]","[11, 1, 3, 6]",Humoresque in B Op101No2 B major.mid,Dvorak,64,1.0
126.25,<music21.chord.Chord E-5 C#6 B2>,"[0, 2, 4]","[11, 1, 3]",Humoresque in B Op101No2 B major.mid,Dvorak,64,1.25
126.375,<music21.chord.Chord E-5 C#6 E-3 B2>,"[0, 2, 4]","[11, 1, 3]",Humoresque in B Op101No2 B major.mid,Dvorak,64,1.375
126.5,<music21.chord.Chord E-5 C#6 E-3>,"[0, 2]","[1, 3]",Humoresque in B Op101No2 B major.mid,Dvorak,64,1.5
126.625,<music21.chord.Chord E-5 C#6 F#3>,"[0, 2, 5]","[1, 3, 6]",Humoresque in B Op101No2 B major.mid,Dvorak,64,1.625
126.75,<music21.chord.Chord B4 E-5 C#6 B3 F#3>,"[0, 2, 4, 7]","[11, 1, 3, 6]",Humoresque in B Op101No2 B major.mid,Dvorak,64,1.75
126.875,<music21.chord.Chord E-5 F#5 C#6 B4 B3>,"[0, 2, 4, 7]","[11, 1, 3, 6]",Humoresque in B Op101No2 B major.mid,Dvorak,64,1.875
127.0,<music21.chord.Chord B5 B4 E-4 F#4>,"[0, 4, 7]","[11, 3, 6]",Humoresque in B Op101No2 B major.mid,Dvorak,64,2.0
127.25,<music21.chord.Chord B5 B4>,[0],[11],Humoresque in B Op101No2 B major.mid,Dvorak,64,2.25
127.5,<music21.chord.Chord B5 B4 E-5>,"[0, 4]","[11, 3]",Humoresque in B Op101No2 B major.mid,Dvorak,64,2.5
127.75,<music21.chord.Chord B5 B4 C#5>,"[0, 2]","[11, 1]",Humoresque in B Op101No2 B major.mid,Dvorak,64,2.75
128.0,<music21.chord.Chord B5 B6 C#5 F#4>,"[0, 2, 7]","[11, 1, 6]",Humoresque in B Op101No2 B major.mid,Dvorak,65,1.0
128.5,<music21.chord.Chord B5 B6 B4 E-4>,"[0, 4]","[11, 3]",Humoresque in B Op101No2 B major.mid,Dvorak,65,1.5
129.5,<music21.chord.Chord B5 B6 C#4 F#4>,"[0, 2, 7]","[11, 1, 6]",Humoresque in B Op101No2 B major.mid,Dvorak,65,2.5
129.875,<music21.chord.Chord B5 B6 B2 F#3 C#4 F#4>,"[0, 2, 7]","[11, 1, 6]",Humoresque in B Op101No2 B major.mid,Dvorak,65,2.875
130.0,<music21.chord.Chord B5 B6 E-4 B2 F#3>,"[0, 4, 7]","[11, 3, 6]",Humoresque in B Op101No2 B major.mid,Dvorak,66,1.0
132.0,<music21.chord.Chord B5 B6 B1>,[0],[11],Humoresque in B Op101No2 B major.mid,Dvorak,67,1.0
133.0,<music21.chord.Chord B1>,[0],[11],Humoresque in B Op101No2 B major.mid,Dvorak,67,2.0