measureNumber,beatNumber,offset,Chord,NormalForm,PCsInNormalForm,file,Composer
1,1,0.0,<music21.chord.Chord E-3 G-3 B-3>,"[0, 3, 7]","[3, 6, 10]",Schnittke_Tango.mxl,Schnittke
1,1 1/2,0.5,<music21.chord.Chord E-3 G-3 B-3>,"[0, 3, 7]","[3, 6, 10]",Schnittke_Tango.mxl,Schnittke
1,2 1/2,1.5,<music21.chord.Chord E-3 G-3 B-3>,"[0, 3, 7]","[3, 6, 10]",Schnittke_Tango.mxl,Schnittke
1,3,2.0,<music21.chord.Chord E-3 G-3 B-3>,"[0, 3, 7]","[3, 6, 10]",Schnittke_Tango.mxl,Schnittke
1,4,3.0,<music21.chord.Chord E-3 G-3 B-3>,"[0, 3, 7]","[3, 6, 10]",Schnittke_Tango.mxl,Schnittke
2,1,4.0,<music21.chord.Chord E-3 G-3 B-3>,"[0, 3, 7]","[3, 6, 10]",Schnittke_Tango.mxl,Schnittke
2,2,5.0,<music21.chord.Chord D5>,[0],[2],Schnittke_Tango.mxl,Schnittke
2,2 1/2,5.5,<music21.chord.Chord E-5>,[0],[3],Schnittke_Tango.mxl,Schnittke
2,3,6.0,<music21.chord.Chord D5>,[0],[2],Schnittke_Tango.mxl,Schnittke
2,3 1/2,6.5,<music21.chord.Chord E-5>,[0],[3],Schnittke_Tango.mxl,Schnittke
2,4,7.0,<music21.chord.Chord F5>,[0],[5],Schnittke_Tango.mxl,Schnittke
2,4 1/2,7.5,<music21.chord.Chord E-5>,[0],[3],Schnittke_Tango.mxl,Schnittke
3,1,8.0,<music21.chord.Chord E-3 G-3 B-3 G-4>,"[0, 3, 7]","[3, 6, 10]",Schnittke_Tango.mxl,Schnittke
3,1 1/2,8.5,<music21.chord.Chord E-3 G-3 B-3 G-4>,"[0, 3, 7]","[3, 6, 10]",Schnittke_Tango.mxl,Schnittke
3,2 1/2,9.5,<music21.chord.Chord E-3 G-3 B-3 G-4>,"[0, 3, 7]","[3, 6, 10]",Schnittke_Tango.mxl,Schnittke
3,3,10.0,<music21.chord.Chord E-3 G-3 B-3 G-4>,"[0, 3, 7]","[3, 6, 10]",Schnittke_Tango.mxl,Schnittke
3,4,11.0,<music21.chord.Chord E-3 G-3 B-3 G-4>,"[0, 3, 7]","[3, 6, 10]",Schnittke_Tango.mxl,Schnittke
4,1,12.0,<music21.chord.Chord E-3 G-3 B-3 G-4>,"[0, 3, 7]","[3, 6, 10]",Schnittke_Tango.mxl,Schnittke
4,2,13.0,<music21.chord.Chord D5>,[0],[2],Schnittke_Tango.mxl,Schnittke
4,2 1/2,13.5,<music21.chord.Chord E-5>,[0],[3],Schnittke_Tango.mxl,Schnittke
4,3,14.0,<music21.chord.Chord D5>,[0],[2],Schnittke_Tango.mxl,Schnittke
4,3 1/2,14.5,<music21.chord.Chord E-5>,[0],[3],Schnittke_Tango.mxl,Schnittke
4,4,15.0,<music21.chord.Chord F5>,[0],[5],Schnittke_Tango.mxl,Schnittke
4,4 1/2,15.5,<music21.chord.Chord G-5>,[0],[6],Schnittke_Tango.mxl,Schnittke
5,1,16.0,<music21.chord.Chord E-3 A-3 C-4 F4>,"[0, 2, 5, 8]","[3, 5, 8, 11]",Schnittke_Tango.mxl,Schnittke
5,1 1/2,16.5,<music21.chord.Chord E-3 A-3 C-4 F4>,"[0, 2, 5, 8]","[3, 5, 8, 11]",Schnittke_Tango.mxl,Schnittke
5,2 1/2,17.5,<music21.chord.Chord E-3 A-3 C-4 F4>,"[0, 2, 5, 8]","[3, 5, 8, 11]",Schnittke_Tango.mxl,Schnittke
5,3,18.0,<music21.chord.Chord E-3 A-3 C-4 F4>,"[0, 2, 5, 8]","[3, 5, 8, 11]",Schnittke_Tango.mxl,Schnittke
5,4,19.0,<music21.chord.Chord E-3 A-3 C-4 F4>,"[0, 2, 5, 8]","[3, 5, 8, 11]",Schnittke_Tango.mxl,Schnittke
6,1,20.0,<music21.chord.Chord E-3 A-3 C-4 F4>,"[0, 2, 5, 8]","[3, 5, 8, 11]",Schnittke_Tango.mxl,Schnittke
6,2,21.0,<music21.chord.Chord D4>,[0],[2],Schnittke_Tango.mxl,Schnittke
6,2 1/2,21.5,<music21.chord.Chord E-4>,[0],[3],Schnittke_Tango.mxl,Schnittke
6,3,22.0,<music21.chord.Chord F4>,[0],[5],Schnittke_Tango.mxl,Schnittke
6,3 1/2,22.5,<music21.chord.Chord G-4>,[0],[6],Schnittke_Tango.mxl,Schnittke
6,4,23.0,<music21.chord.Chord A-4>,[0],[8],Schnittke_Tango.mxl,Schnittke
6,4 1/2,23.5,<music21.chord.Chord B-4>,[0],[10],Schnittke_Tango.mxl,Schnittke
7,1,24.0,<music21.chord.Chord E-3 A-3 C-4 F-4 C-5>,"[0, 1, 5, 8]","[3, 4, 8, 11]",Schnittke_Tango.mxl,Schnittke
7,1 1/2,24.5,<music21.chord.Chord E-3 A-3 C-4 F-4 C-5 B-5>,"[0, 1, 5, 7, 8]","[3, 4, 8, 10, 11]",Schnittke_Tango.mxl,Schnittke
7,2 1/2,25.5,<music21.chord.Chord E-3 A-3 C-4 F-4 C-5 A-5>,"[0, 1, 5, 8]","[3, 4, 8, 11]",Schnittke_Tango.mxl,Schnittke
7,3,26.0,<music21.chord.Chord E-3 A-3 C-4 F-4 C-5 G-5>,"[0, 1, 3, 5, 8]","[3, 4, 6, 8, 11]",Schnittke_Tango.mxl,Schnittke
7,3 1/2,26.5,<music21.chord.Chord E-3 A-3 C-4 F-4 C-5 F5>,"[0, 1, 2, 5, 8]","[3, 4, 5, 8, 11]",Schnittke_Tango.mxl,Schnittke
7,4,27.0,<music21.chord.Chord E-3 A-3 C-4 F-4 B-4 E5>,"[0, 1, 5, 7, 8]","[3, 4, 8, 10, 11]",Schnittke_Tango.mxl,Schnittke
7,4 1/2,27.5,<music21.chord.Chord E-3 A-3 C-4 F-4 A-4 F5>,"[0, 1, 2, 5, 8]","[3, 4, 5, 8, 11]",Schnittke_Tango.mxl,Schnittke
8,1,28.0,<music21.chord.Chord E-3 A-3 B-3 D4 G-4 E-5>,"[0, 1, 4, 6, 8]","[2, 3, 6, 8, 10]",Schnittke_Tango.mxl,Schnittke
8,1 1/2,28.5,<music21.chord.Chord E-3 A-3 B-3 D4 G-4 D5>,"[0, 1, 4, 6, 8]","[2, 3, 6, 8, 10]",Schnittke_Tango.mxl,Schnittke
8,2,29.0,<music21.chord.Chord E-3 A-3 B-3 D4 G-4 C#5>,"[0, 1, 2, 5, 7, 9]","[1, 2, 3, 6, 8, 10]",Schnittke_Tango.mxl,Schnittke
8,2 1/2,29.5,<music21.chord.Chord E-3 A-3 B-3 D4 G-4 D5>,"[0, 1, 4, 6, 8]","[2, 3, 6, 8, 10]",Schnittke_Tango.mxl,Schnittke
8,3,30.0,<music21.chord.Chord E-3 A-3 B-3 D4 F4 B-5>,"[0, 1, 3, 6, 8]","[2, 3, 5, 8, 10]",Schnittke_Tango.mxl,Schnittke
8,4,31.0,<music21.chord.Chord E-3 A-3 B-3 D4 F4 A-5>,"[0, 1, 3, 6, 8]","[2, 3, 5, 8, 10]",Schnittke_Tango.mxl,Schnittke
9,1,32.0,<music21.chord.Chord E-3 G-3 B-3 D4 A-5>,"[0, 1, 4, 6, 8]","[2, 3, 6, 8, 10]",Schnittke_Tango.mxl,Schnittke
9,1 1/2,32.5,<music21.chord.Chord E-3 G-3 B-3 D4 G-5>,"[0, 1, 4, 8]","[2, 3, 6, 10]",Schnittke_Tango.mxl,Schnittke
9,2,33.0,<music21.chord.Chord E-3 G-3 B-3 D4 E-5>,"[0, 1, 4, 8]","[2, 3, 6, 10]",Schnittke_Tango.mxl,Schnittke
9,2 1/2,33.5,<music21.chord.Chord E-3 G-3 B-3 D4 B-4>,"[0, 1, 4, 8]","[2, 3, 6, 10]",Schnittke_Tango.mxl,Schnittke
9,3,34.0,<music21.chord.Chord E-3 G-3 B-3 E-4 A-4>,"[0, 3, 5, 7]","[3, 6, 8, 10]",Schnittke_Tango.mxl,Schnittke
9,3 1/2,34.5,<music21.chord.Chord E-3 G-3 B-3 E-4 G-4>,"[0, 3, 7]","[3, 6, 10]",Schnittke_Tango.mxl,Schnittke
9,4,35.0,<music21.chord.Chord E-3 G-3 B-3 E-4 F4>,"[0, 2, 3, 7]","[3, 5, 6, 10]",Schnittke_Tango.mxl,Schnittke
9,4 1/2,35.5,<music21.chord.Chord E-3 G-3 B-3 E-4>,"[0, 3, 7]","[3, 6, 10]",Schnittke_Tango.mxl,Schnittke
10,1,36.0,<music21.chord.Chord B-3 C4 E-4 G-4 A4>,"[0, 1, 3, 6, 9]","[9, 10, 0, 3, 6]",Schnittke_Tango.mxl,Schnittke
10,2,37.0,<music21.chord.Chord B-3 C4 E-4 G-4 A4 D5 D6>,"[0, 1, 3, 5, 6, 9]","[9, 10, 0, 2, 3, 6]",Schnittke_Tango.mxl,Schnittke
10,2 1/2,37.5,<music21.chord.Chord B-3 C4 E-4 G-4 A4 E-5 E-6>,"[0, 1, 3, 6, 9]","[9, 10, 0, 3, 6]",Schnittke_Tango.mxl,Schnittke
10,3,38.0,<music21.chord.Chord B-3 D4 A-4 B-4 D5 D6>,"[0, 2, 6]","[8, 10, 2]",Schnittke_Tango.mxl,Schnittke
10,3 1/2,38.5,<music21.chord.Chord B-3 D4 A-4 B-4 E-5 E-6>,"[0, 2, 6, 7]","[8, 10, 2, 3]",Schnittke_Tango.mxl,Schnittke
10,4,39.0,<music21.chord.Chord B-3 D4 A-4 B-4 F5 F6>,"[0, 3, 6, 8]","[2, 5, 8, 10]",Schnittke_Tango.mxl,Schnittke
10,4 1/2,39.5,<music21.chord.Chord B-3 D4 A-4 B-4 E-5 E-6>,"[0, 2, 6, 7]","[8, 10, 2, 3]",Schnittke_Tango.mxl,Schnittke
11,1,40.0,<music21.chord.Chord E-3 G-3 B-3 G-4 G-5>,"[0, 3, 7]","[3, 6, 10]",Schnittke_Tango.mxl,Schnittke
11,1 1/2,40.5,<music21.chord.Chord E-3 G-3 B-3 G-4 G-5>,"[0, 3, 7]","[3, 6, 10]",Schnittke_Tango.mxl,Schnittke
11,2,41.0,<music21.chord.Chord E-3 G-3 B-3 G-4 G-5>,"[0, 3, 7]","[3, 6, 10]",Schnittke_Tango.mxl,Schnittke
11,2 1/4,41.25,<music21.chord.Chord E-3 G-3 B-3 G-4 G-5 E-6>,"[0, 3, 7]","[3, 6, 10]",Schnittke_Tango.mxl,Schnittke
11,2 1/2,41.5,<music21.chord.Chord E-3 G-3 B-3 G-4 G-5 D6>,"[0, 1, 4, 8]","[2, 3, 6, 10]",Schnittke_Tango.mxl,Schnittke
11,2 3/4,41.75,<music21.chord.Chord E-3 G-3 B-3 G-4 G-5 E-6>,"[0, 3, 7]","[3, 6, 10]",Schnittke_Tango.mxl,Schnittke
11,3,42.0,<music21.chord.Chord E-3 G-3 B-3 G-4 G-5>,"[0, 3, 7]","[3, 6, 10]",Schnittke_Tango.mxl,Schnittke
11,4,43.0,<music21.chord.Chord E-3 G-3 B-3 G-4 G-5>,"[0, 3, 7]","[3, 6, 10]",Schnittke_Tango.mxl,Schnittke
11,4 1/4,43.25,<music21.chord.Chord E-3 G-3 B-3 G-4 E-5 G-5>,"[0, 3, 7]","[3, 6, 10]",Schnittke_Tango.mxl,Schnittke
11,4 1/2,43.5,<music21.chord.Chord E-3 G-3 B-3 G-4 D5 G-5>,"[0, 1, 4, 8]","[2, 3, 6, 10]",Schnittke_Tango.mxl,Schnittke
11,4 3/4,43.75,<music21.chord.Chord E-3 G-3 B-3 G-4 E-5 G-5>,"[0, 3, 7]","[3, 6, 10]",Schnittke_Tango.mxl,Schnittke
12,1,44.0,<music21.chord.Chord E-3 G-3 B-3 G-4 G-5>,"[0, 3, 7]","[3, 6, 10]",Schnittke_Tango.mxl,Schnittke
12,2,45.0,<music21.chord.Chord G-4 D5 D6>,"[0, 4]","[2, 6]",Schnittke_Tango.mxl,Schnittke
12,2 1/2,45.5,<music21.chord.Chord E-3 G-3 B-3 G-4 E-5 E-6>,"[0, 3, 7]","[3, 6, 10]",Schnittke_Tango.mxl,Schnittke
12,3,46.0,<music21.chord.Chord E-3 G-3 B-3 D5 D6>,"[0, 1, 4, 8]","[2, 3, 6, 10]",Schnittke_Tango.mxl,Schnittke
12,3 1/2,46.5,<music21.chord.Chord E-3 G-3 B-3 E-5 E-6>,"[0, 3, 7]","[3, 6, 10]",Schnittke_Tango.mxl,Schnittke
12,4,47.0,<music21.chord.Chord E-3 G-3 B-3 F5 F6>,"[0, 2, 3, 7]","[3, 5, 6, 10]",Schnittke_Tango.mxl,Schnittke
12,4 1/2,47.5,<music21.chord.Chord E-3 G-3 B-3 G-5 G-6>,"[0, 3, 7]","[3, 6, 10]",Schnittke_Tango.mxl,Schnittke
13,1,48.0,<music21.chord.Chord E-3 A-3 C-4 F4 F5>,"[0, 2, 5, 8]","[3, 5, 8, 11]",Schnittke_Tango.mxl,Schnittke
13,1 1/2,48.5,<music21.chord.Chord E-3 A-3 C-4 F4 F5>,"[0, 2, 5, 8]","[3, 5, 8, 11]",Schnittke_Tango.mxl,Schnittke
13,2,49.0,<music21.chord.Chord E-3 A-3 C-4 F4 F5>,"[0, 2, 5, 8]","[3, 5, 8, 11]",Schnittke_Tango.mxl,Schnittke
13,2 1/4,49.25,<music21.chord.Chord E-3 A-3 C-4 F4 F5 E-6>,"[0, 2, 5, 8]","[3, 5, 8, 11]",Schnittke_Tango.mxl,Schnittke
13,2 1/2,49.5,<music21.chord.Chord E-3 A-3 C-4 F4 F5 D6>,"[0, 1, 3, 6, 9]","[2, 3, 5, 8, 11]",Schnittke_Tango.mxl,Schnittke
13,2 3/4,49.75,<music21.chord.Chord E-3 A-3 C-4 F4 F5 E-6>,"[0, 2, 5, 8]","[3, 5, 8, 11]",Schnittke_Tango.mxl,Schnittke
13,3,50.0,<music21.chord.Chord E-3 A-3 C-4 F4 F5>,"[0, 2, 5, 8]","[3, 5, 8, 11]",Schnittke_Tango.mxl,Schnittke
13,4,51.0,<music21.chord.Chord E-3 A-3 C-4 F4 F5>,"[0, 2, 5, 8]","[3, 5, 8, 11]",Schnittke_Tango.mxl,Schnittke
13,4 1/4,51.25,<music21.chord.Chord E-3 A-3 C-4 F4 E-5 F5>,"[0, 2, 5, 8]","[3, 5, 8, 11]",Schnittke_Tango.mxl,Schnittke
13,4 1/2,51.5,<music21.chord.Chord E-3 A-3 C-4 F4 D5 F5>,"[0, 1, 3, 6, 9]","[2, 3, 5, 8, 11]",Schnittke_Tango.mxl,Schnittke
13,4 3/4,51.75,<music21.chord.Chord E-3 A-3 C-4 F4 E-5 F5>,"[0, 2, 5, 8]","[3, 5, 8, 11]",Schnittke_Tango.mxl,Schnittke
14,1,52.0,<music21.chord.Chord E-3 A-3 C-4 F4 F5>,"[0, 2, 5, 8]","[3, 5, 8, 11]",Schnittke_Tango.mxl,Schnittke
14,2,53.0,<music21.chord.Chord D4 F4>,"[0, 3]","[2, 5]",Schnittke_Tango.mxl,Schnittke
14,2 1/2,53.5,<music21.chord.Chord E-3 A-3 C-4 E-4 F4>,"[0, 2, 5, 8]","[3, 5, 8, 11]",Schnittke_Tango.mxl,Schnittke
14,3,54.0,<music21.chord.Chord E-3 A-3 C-4 F4>,"[0, 2, 5, 8]","[3, 5, 8, 11]",Schnittke_Tango.mxl,Schnittke
14,3 1/2,54.5,<music21.chord.Chord E-3 A-3 C-4 G-4>,"[0, 3, 5, 8]","[3, 6, 8, 11]",Schnittke_Tango.mxl,Schnittke
14,4,55.0,<music21.chord.Chord E-3 A-3 C-4 A-4>,"[0, 3, 7]","[8, 11, 3]",Schnittke_Tango.mxl,Schnittke
14,4 1/2,55.5,<music21.chord.Chord E-3 A-3 C-4 B-4>,"[0, 2, 3, 7]","[8, 10, 11, 3]",Schnittke_Tango.mxl,Schnittke
15,1,56.0,<music21.chord.Chord E-3 A-3 C-4 F-4 C-5>,"[0, 1, 5, 8]","[3, 4, 8, 11]",Schnittke_Tango.mxl,Schnittke
15,1 1/2,56.5,<music21.chord.Chord E-3 A-3 C-4 F-4 C-5>,"[0, 1, 5, 8]","[3, 4, 8, 11]",Schnittke_Tango.mxl,Schnittke
15,2,57.0,<music21.chord.Chord E-3 A-3 C-4 F-4 C-5>,"[0, 1, 5, 8]","[3, 4, 8, 11]",Schnittke_Tango.mxl,Schnittke
15,2 1/4,57.25,<music21.chord.Chord E-3 A-3 C-4 F-4 C-5 F-6>,"[0, 1, 5, 8]","[3, 4, 8, 11]",Schnittke_Tango.mxl,Schnittke
15,2 1/2,57.5,<music21.chord.Chord E-3 A-3 C-4 F-4 C-5 E-6>,"[0, 1, 5, 8]","[3, 4, 8, 11]",Schnittke_Tango.mxl,Schnittke
15,2 3/4,57.75,<music21.chord.Chord E-3 A-3 C-4 F-4 C-5 F-6>,"[0, 1, 5, 8]","[3, 4, 8, 11]",Schnittke_Tango.mxl,Schnittke
15,3,58.0,<music21.chord.Chord E-3 A-3 C-4 C-5 F-5>,"[0, 1, 5, 8]","[3, 4, 8, 11]",Schnittke_Tango.mxl,Schnittke
15,4,59.0,<music21.chord.Chord E-3 A-3 C-4 B-4 B-5>,"[0, 2, 3, 7]","[8, 10, 11, 3]",Schnittke_Tango.mxl,Schnittke
15,4 1/2,59.5,<music21.chord.Chord E-3 A-3 C-4 A-4 A-5>,"[0, 3, 7]","[8, 11, 3]",Schnittke_Tango.mxl,Schnittke
16,1,60.0,<music21.chord.Chord E-3 A-3 B-3 G-4 C-5 G-5 E-6>,"[0, 3, 5, 7, 8]","[3, 6, 8, 10, 11]",Schnittke_Tango.mxl,Schnittke
16,1 1/2,60.5,<music21.chord.Chord E-3 A-3 B-3 G-4 C-5 G-5 D6>,"[0, 1, 4, 6, 8, 9]","[2, 3, 6, 8, 10, 11]",Schnittke_Tango.mxl,Schnittke
16,2,61.0,<music21.chord.Chord G-4 C-5 E5 G-5>,"[0, 2, 7]","[4, 6, 11]",Schnittke_Tango.mxl,Schnittke
16,2 1/2,61.5,<music21.chord.Chord E-3 A-3 B-3 G-4 C-5 F5 G-5>,"[0, 2, 3, 5, 7, 8]","[3, 5, 6, 8, 10, 11]",Schnittke_Tango.mxl,Schnittke
16,3,62.0,<music21.chord.Chord E-3 A-3 B-3 F4 B-4 F5 C6>,"[0, 2, 4, 7, 9]","[8, 10, 0, 3, 5]",Schnittke_Tango.mxl,Schnittke
16,3 1/2,62.5,<music21.chord.Chord E-3 A-3 B-3 F4 B-4 F5 B5>,"[0, 2, 5, 7, 8]","[3, 5, 8, 10, 11]",Schnittke_Tango.mxl,Schnittke
16,4,63.0,<music21.chord.Chord E-3 A-3 B-3 F4 G-4 B-4 C#5 F5>,"[0, 2, 4, 5, 7, 9]","[1, 3, 5, 6, 8, 10]",Schnittke_Tango.mxl,Schnittke
16,4 1/2,63.5,<music21.chord.Chord E-3 A-3 B-3 F4 B-4 D5 F5>,"[0, 1, 3, 6, 8]","[2, 3, 5, 8, 10]",Schnittke_Tango.mxl,Schnittke
17,1,64.0,<music21.chord.Chord E-3 G-3 B-3 D4 D5 A-6>,"[0, 1, 4, 6, 8]","[2, 3, 6, 8, 10]",Schnittke_Tango.mxl,Schnittke
17,1 1/2,64.5,<music21.chord.Chord E-3 G-3 B-3 D4 D5 G6>,"[0, 1, 4, 5, 8]","[2, 3, 6, 7, 10]",Schnittke_Tango.mxl,Schnittke
17,2,65.0,<music21.chord.Chord E-3 G-3 B-3 D4 D5 A5>,"[0, 1, 4, 7, 8]","[2, 3, 6, 9, 10]",Schnittke_Tango.mxl,Schnittke
17,2 1/2,65.5,<music21.chord.Chord E-3 G-3 B-3 D4 F-4 D5 B-5>,"[0, 1, 2, 4, 8]","[2, 3, 4, 6, 10]",Schnittke_Tango.mxl,Schnittke
17,3,66.0,<music21.chord.Chord E-3 G-3 B-3 E-4 E-5 F-6>,"[0, 1, 3, 7]","[3, 4, 6, 10]",Schnittke_Tango.mxl,Schnittke
17,3 1/2,66.5,<music21.chord.Chord E-3 G-3 B-3 E-4 E-5 E-6>,"[0, 3, 7]","[3, 6, 10]",Schnittke_Tango.mxl,Schnittke
17,4,67.0,<music21.chord.Chord E-3 G-3 B-3 E-4 F-4 E-5 B-5>,"[0, 1, 3, 7]","[3, 4, 6, 10]",Schnittke_Tango.mxl,Schnittke
17,4 1/2,67.5,<music21.chord.Chord E-3 G-3 B-3 E-4 E-5 G-5>,"[0, 3, 7]","[3, 6, 10]",Schnittke_Tango.mxl,Schnittke
18,1,68.0,<music21.chord.Chord E-3 G-3 B-3 E-4 E-5>,"[0, 3, 7]","[3, 6, 10]",Schnittke_Tango.mxl,Schnittke
18,1 1/2,68.5,<music21.chord.Chord E-3 G-3 B-3>,"[0, 3, 7]","[3, 6, 10]",Schnittke_Tango.mxl,Schnittke
18,2,69.0,<music21.chord.Chord D5>,[0],[2],Schnittke_Tango.mxl,Schnittke
18,2 1/2,69.5,<music21.chord.Chord E-5>,[0],[3],Schnittke_Tango.mxl,Schnittke
18,3,70.0,<music21.chord.Chord D5>,[0],[2],Schnittke_Tango.mxl,Schnittke
18,3 1/2,70.5,<music21.chord.Chord E-5>,[0],[3],Schnittke_Tango.mxl,Schnittke
18,4,71.0,<music21.chord.Chord F5>,[0],[5],Schnittke_Tango.mxl,Schnittke
18,4 1/2,71.5,<music21.chord.Chord E-5>,[0],[3],Schnittke_Tango.mxl,Schnittke
19,1,72.0,<music21.chord.Chord E-4 E-5>,[0],[3],Schnittke_Tango.mxl,Schnittke
19,2,73.0,<music21.chord.Chord B-4 F5 D6>,"[0, 4, 7]","[10, 2, 5]",Schnittke_Tango.mxl,Schnittke
19,2 1/2,73.5,<music21.chord.Chord B-2 D3 E-3 F3 G-3>,"[0, 1, 3, 4, 8]","[2, 3, 5, 6, 10]",Schnittke_Tango.mxl,Schnittke
19,3,74.0,<music21.chord.Chord B-2 D3 E-3 F3 G-3>,"[0, 1, 3, 4, 8]","[2, 3, 5, 6, 10]",Schnittke_Tango.mxl,Schnittke
19,4,75.0,<music21.chord.Chord B-2 D3 E-3 F3 G-3 G3 B-4 G-5 F-6>,"[0, 1, 2, 3, 4, 5, 8]","[2, 3, 4, 5, 6, 7, 10]",Schnittke_Tango.mxl,Schnittke
19,4 1/2,75.5,<music21.chord.Chord B-2 D3 E-3 F3 G-3>,"[0, 1, 3, 4, 8]","[2, 3, 5, 6, 10]",Schnittke_Tango.mxl,Schnittke
20,1,76.0,<music21.chord.Chord E-3 G3 B-3 D-6 D-7>,"[0, 3, 6, 8]","[7, 10, 1, 3]",Schnittke_Tango.mxl,Schnittke
20,1 1/2,76.5,<music21.chord.Chord E-3 G3 B-3 E-4 D-6 D-7>,"[0, 3, 6, 8]","[7, 10, 1, 3]",Schnittke_Tango.mxl,Schnittke
20,2,77.0,<music21.chord.Chord D4 D-6 D-7>,"[0, 1]","[1, 2]",Schnittke_Tango.mxl,Schnittke
20,2 1/2,77.5,<music21.chord.Chord E-3 G3 B-3 E-4 D-6 D-7>,"[0, 3, 6, 8]","[7, 10, 1, 3]",Schnittke_Tango.mxl,Schnittke
20,3,78.0,<music21.chord.Chord E-3 G3 B-3 G4 D-6 D-7>,"[0, 3, 6, 8]","[7, 10, 1, 3]",Schnittke_Tango.mxl,Schnittke
20,3 1/2,78.5,<music21.chord.Chord E-3 G3 B-3 E-4 D-6 D-7>,"[0, 3, 6, 8]","[7, 10, 1, 3]",Schnittke_Tango.mxl,Schnittke
20,4,79.0,<music21.chord.Chord E-3 G3 B-3 D4 D-6 D-7>,"[0, 3, 6, 7, 8]","[7, 10, 1, 2, 3]",Schnittke_Tango.mxl,Schnittke
20,4 1/2,79.5,<music21.chord.Chord E-3 G3 B-3 E-4 D-6 D-7>,"[0, 3, 6, 8]","[7, 10, 1, 3]",Schnittke_Tango.mxl,Schnittke
21,1,80.0,<music21.chord.Chord E-3 G3 D-4 D-5 G5>,"[0, 2, 6]","[1, 3, 7]",Schnittke_Tango.mxl,Schnittke
21,1 1/2,80.5,<music21.chord.Chord E-3 G3 D-4 E-4 D-5 G5>,"[0, 2, 6]","[1, 3, 7]",Schnittke_Tango.mxl,Schnittke
21,2,81.0,<music21.chord.Chord D4 D-5 G5>,"[0, 1, 6]","[1, 2, 7]",Schnittke_Tango.mxl,Schnittke
21,2 1/2,81.5,<music21.chord.Chord E-3 G3 D-4 E-4 D-5 G5>,"[0, 2, 6]","[1, 3, 7]",Schnittke_Tango.mxl,Schnittke
21,3,82.0,<music21.chord.Chord E-3 G3 D-4 G4>,"[0, 2, 6]","[1, 3, 7]",Schnittke_Tango.mxl,Schnittke
21,3 1/2,82.5,<music21.chord.Chord E-3 G3 D-4 E-4>,"[0, 2, 6]","[1, 3, 7]",Schnittke_Tango.mxl,Schnittke
21,4,83.0,<music21.chord.Chord E-3 G3 D-4 D4>,"[0, 1, 2, 6]","[1, 2, 3, 7]",Schnittke_Tango.mxl,Schnittke
21,4 1/2,83.5,<music21.chord.Chord E-3 G3 D-4 E-4>,"[0, 2, 6]","[1, 3, 7]",Schnittke_Tango.mxl,Schnittke
22,1,84.0,<music21.chord.Chord E-3 A-3 C4 C6 C7>,"[0, 4, 7]","[8, 0, 3]",Schnittke_Tango.mxl,Schnittke
22,1 1/2,84.5,<music21.chord.Chord E-3 A-3 C4 E-4 C6 C7>,"[0, 4, 7]","[8, 0, 3]",Schnittke_Tango.mxl,Schnittke
22,2,85.0,<music21.chord.Chord D4 C6 C7>,"[0, 2]","[0, 2]",Schnittke_Tango.mxl,Schnittke
22,2 1/2,85.5,<music21.chord.Chord E-3 A-3 C4 E-4 E-5 C6 C7>,"[0, 4, 7]","[8, 0, 3]",Schnittke_Tango.mxl,Schnittke
22,3,86.0,<music21.chord.Chord E-3 A-3 C4 G5 C6 C7>,"[0, 1, 5, 8]","[7, 8, 0, 3]",Schnittke_Tango.mxl,Schnittke
22,3 1/2,86.5,<music21.chord.Chord E-3 A-3 C4 E-5 C6 C7>,"[0, 4, 7]","[8, 0, 3]",Schnittke_Tango.mxl,Schnittke
22,4,87.0,<music21.chord.Chord E-3 A-3 C4 C5 A-5 C6 C7>,"[0, 4, 7]","[8, 0, 3]",Schnittke_Tango.mxl,Schnittke
22,4 1/2,87.5,<music21.chord.Chord E-3 A-3 C4 E-5 B-5 C6 C7>,"[0, 2, 4, 7]","[8, 10, 0, 3]",Schnittke_Tango.mxl,Schnittke
23,1,88.0,<music21.chord.Chord E-3 A-3 C4 C5 C6>,"[0, 4, 7]","[8, 0, 3]",Schnittke_Tango.mxl,Schnittke
23,1 1/2,88.5,<music21.chord.Chord E-3 A-3 C4 E-4 C5 C6>,"[0, 4, 7]","[8, 0, 3]",Schnittke_Tango.mxl,Schnittke
23,2,89.0,<music21.chord.Chord A-4 C5 C6>,"[0, 4]","[8, 0]",Schnittke_Tango.mxl,Schnittke
23,2 1/2,89.5,<music21.chord.Chord E-3 A-3 C4 B-4 C5 C6>,"[0, 2, 4, 7]","[8, 10, 0, 3]",Schnittke_Tango.mxl,Schnittke
23,3,90.0,<music21.chord.Chord E-3 A-3 C4 C5>,"[0, 4, 7]","[8, 0, 3]",Schnittke_Tango.mxl,Schnittke
23,4,91.0,<music21.chord.Chord G-5 E-6 A6 E-7>,"[0, 3, 6]","[3, 6, 9]",Schnittke_Tango.mxl,Schnittke
24,1,92.0,<music21.chord.Chord E-3 F3 C-4 D4 D6 D7>,"[0, 3, 4, 6]","[11, 2, 3, 5]",Schnittke_Tango.mxl,Schnittke
24,1 1/2,92.5,<music21.chord.Chord E-3 F3 C-4 D4 C-5 D6 D7>,"[0, 3, 4, 6]","[11, 2, 3, 5]",Schnittke_Tango.mxl,Schnittke
24,2,93.0,<music21.chord.Chord B-4 D6 D7>,"[0, 4]","[10, 2]",Schnittke_Tango.mxl,Schnittke
24,2 1/2,93.5,<music21.chord.Chord F3 D4 C-5 D6 D7>,"[0, 3, 6]","[11, 2, 5]",Schnittke_Tango.mxl,Schnittke
24,3,94.0,<music21.chord.Chord F3 D4 A-5 D6 D7>,"[0, 3, 6]","[2, 5, 8]",Schnittke_Tango.mxl,Schnittke
24,3 1/2,94.5,<music21.chord.Chord F3 D4 C-5 D6 D7>,"[0, 3, 6]","[11, 2, 5]",Schnittke_Tango.mxl,Schnittke
24,4,95.0,<music21.chord.Chord F3 D4 B-4 D6 D7>,"[0, 4, 7]","[10, 2, 5]",Schnittke_Tango.mxl,Schnittke
24,4 1/2,95.5,<music21.chord.Chord F3 D4 C-5 D6 D7>,"[0, 3, 6]","[11, 2, 5]",Schnittke_Tango.mxl,Schnittke
25,1,96.0,<music21.chord.Chord E-3 F3 C-4 D-4 D6 A-6>,"[0, 2, 3, 4, 6, 9]","[11, 1, 2, 3, 5, 8]",Schnittke_Tango.mxl,Schnittke
25,1 1/2,96.5,<music21.chord.Chord E-3 F3 C-4 D-4 C-5 D6 A-6>,"[0, 2, 3, 4, 6, 9]","[11, 1, 2, 3, 5, 8]",Schnittke_Tango.mxl,Schnittke
25,2,97.0,<music21.chord.Chord B-4 D6 A-6>,"[0, 2, 6]","[8, 10, 2]",Schnittke_Tango.mxl,Schnittke
25,2 1/2,97.5,<music21.chord.Chord F3 D-4 C-5 D6 A-6>,"[0, 3, 6, 8, 9]","[5, 8, 11, 1, 2]",Schnittke_Tango.mxl,Schnittke
25,3,98.0,<music21.chord.Chord F3 D-4 A-5>,"[0, 4, 7]","[1, 5, 8]",Schnittke_Tango.mxl,Schnittke
25,3 1/2,98.5,<music21.chord.Chord F3 D-4 C-5>,"[0, 2, 6]","[11, 1, 5]",Schnittke_Tango.mxl,Schnittke
25,4,99.0,<music21.chord.Chord F3 D-4 B-4 A5>,"[0, 1, 4, 8]","[9, 10, 1, 5]",Schnittke_Tango.mxl,Schnittke
25,4 1/2,99.5,<music21.chord.Chord F3 D-4 C-5 A5>,"[0, 2, 4, 8]","[9, 11, 1, 5]",Schnittke_Tango.mxl,Schnittke
26,1,100.0,<music21.chord.Chord G-3 B-3 D-4 D-5 B-5>,"[0, 4, 7]","[6, 10, 1]",Schnittke_Tango.mxl,Schnittke
26,1 1/2,100.5,<music21.chord.Chord G-3 B-3 D-4 B-4 D-5 B-5>,"[0, 4, 7]","[6, 10, 1]",Schnittke_Tango.mxl,Schnittke
26,2,101.0,<music21.chord.Chord A4 B5>,"[0, 2]","[9, 11]",Schnittke_Tango.mxl,Schnittke
26,2 1/2,101.5,<music21.chord.Chord G-3 B-3 D-4 B-4 B5>,"[0, 4, 5, 7]","[6, 10, 11, 1]",Schnittke_Tango.mxl,Schnittke
26,3,102.0,<music21.chord.Chord G-3 B-3 D-4 D-5 C6>,"[0, 4, 6, 7]","[6, 10, 0, 1]",Schnittke_Tango.mxl,Schnittke
26,3 1/2,102.5,<music21.chord.Chord G-3 B-3 D-4 C6>,"[0, 4, 6, 7]","[6, 10, 0, 1]",Schnittke_Tango.mxl,Schnittke
26,4,103.0,<music21.chord.Chord G-3 B-3 D-4 A5 D-6>,"[0, 3, 4, 7]","[6, 9, 10, 1]",Schnittke_Tango.mxl,Schnittke
26,4 1/2,103.5,<music21.chord.Chord G-3 B-3 D-4 B-5 D-6>,"[0, 4, 7]","[6, 10, 1]",Schnittke_Tango.mxl,Schnittke
27,1,104.0,<music21.chord.Chord E-4 G-4 A4 C5>,"[0, 3, 6, 9]","[0, 3, 6, 9]",Schnittke_Tango.mxl,Schnittke
27,2,105.0,<music21.chord.Chord E-4 G-4 A4 C5 E#5>,"[0, 3, 6, 8, 9]","[9, 0, 3, 5, 6]",Schnittke_Tango.mxl,Schnittke
27,2 1/2,105.5,<music21.chord.Chord E-4 G-4 A4 C5 F#5>,"[0, 3, 6, 9]","[0, 3, 6, 9]",Schnittke_Tango.mxl,Schnittke
27,3,106.0,<music21.chord.Chord C#4 E#4 B4 C#5 E#5>,"[0, 2, 6]","[11, 1, 5]",Schnittke_Tango.mxl,Schnittke
27,3 1/2,106.5,<music21.chord.Chord C#4 E#4 B4 C#5 F#5>,"[0, 2, 6, 7]","[11, 1, 5, 6]",Schnittke_Tango.mxl,Schnittke
27,4,107.0,<music21.chord.Chord C#4 E#4 B4 C#5 G#5>,"[0, 3, 6, 8]","[5, 8, 11, 1]",Schnittke_Tango.mxl,Schnittke
27,4 1/2,107.5,<music21.chord.Chord C#4 E#4 F#4 B4 C#5 F#5>,"[0, 2, 6, 7]","[11, 1, 5, 6]",Schnittke_Tango.mxl,Schnittke
28,1,108.0,<music21.chord.Chord E#4 A4 F#5 A5 C#6>,"[0, 1, 4, 8]","[5, 6, 9, 1]",Schnittke_Tango.mxl,Schnittke
28,1 1/2,108.5,<music21.chord.Chord F#4 A4 F#5 A5 C#6>,"[0, 3, 7]","[6, 9, 1]",Schnittke_Tango.mxl,Schnittke
28,2,109.0,<music21.chord.Chord G#4 F#5 A5 C#6>,"[0, 2, 3, 7]","[6, 8, 9, 1]",Schnittke_Tango.mxl,Schnittke
28,2 1/2,109.5,<music21.chord.Chord F#4 F#5 A5 C#6>,"[0, 3, 7]","[6, 9, 1]",Schnittke_Tango.mxl,Schnittke
28,3,110.0,<music21.chord.Chord A3 F#5 A5 C#6>,"[0, 3, 7]","[6, 9, 1]",Schnittke_Tango.mxl,Schnittke
28,4,111.0,<music21.chord.Chord F#5 A5 C#6>,"[0, 3, 7]","[6, 9, 1]",Schnittke_Tango.mxl,Schnittke
29,1,112.0,<music21.chord.Chord F#3 F#4 F#5 A5 C#6>,"[0, 3, 7]","[6, 9, 1]",Schnittke_Tango.mxl,Schnittke
29,2,113.0,<music21.chord.Chord F#3 E#5>,"[0, 1]","[5, 6]",Schnittke_Tango.mxl,Schnittke
29,2 1/2,113.5,<music21.chord.Chord F#3 F#5>,[0],[6],Schnittke_Tango.mxl,Schnittke
29,3,114.0,<music21.chord.Chord F#3 E#5>,"[0, 1]","[5, 6]",Schnittke_Tango.mxl,Schnittke
29,3 1/2,114.5,<music21.chord.Chord F#3 F#5>,[0],[6],Schnittke_Tango.mxl,Schnittke
29,4,115.0,<music21.chord.Chord E#4 G#5>,"[0, 3]","[5, 8]",Schnittke_Tango.mxl,Schnittke
29,4 1/2,115.5,<music21.chord.Chord F#4 A5>,"[0, 3]","[6, 9]",Schnittke_Tango.mxl,Schnittke
30,1,116.0,<music21.chord.Chord E#4 G#4 F#5 B5 D6>,"[0, 1, 3, 6, 9]","[5, 6, 8, 11, 2]",Schnittke_Tango.mxl,Schnittke
30,1 1/2,116.5,<music21.chord.Chord F#4 G#4 F#5 B5 D6>,"[0, 2, 5, 8]","[6, 8, 11, 2]",Schnittke_Tango.mxl,Schnittke
30,2,117.0,<music21.chord.Chord G#4 F#5 B5 D6>,"[0, 2, 5, 8]","[6, 8, 11, 2]",Schnittke_Tango.mxl,Schnittke
30,2 1/2,117.5,<music21.chord.Chord A4 F#5 B5 D6>,"[0, 3, 5, 8]","[6, 9, 11, 2]",Schnittke_Tango.mxl,Schnittke
30,3,118.0,<music21.chord.Chord G#3 F#5 B5 D6>,"[0, 2, 5, 8]","[6, 8, 11, 2]",Schnittke_Tango.mxl,Schnittke
30,4,119.0,<music21.chord.Chord F#5 B5 D6>,"[0, 3, 7]","[11, 2, 6]",Schnittke_Tango.mxl,Schnittke
31,1,120.0,<music21.chord.Chord F#3 F#5 B5 D6>,"[0, 3, 7]","[11, 2, 6]",Schnittke_Tango.mxl,Schnittke
31,2,121.0,<music21.chord.Chord F#3 E#4>,"[0, 1]","[5, 6]",Schnittke_Tango.mxl,Schnittke
31,2 1/2,121.5,<music21.chord.Chord F#3 F#4>,[0],[6],Schnittke_Tango.mxl,Schnittke
31,3,122.0,<music21.chord.Chord F#3 G#4>,"[0, 2]","[6, 8]",Schnittke_Tango.mxl,Schnittke
31,3 1/2,122.5,<music21.chord.Chord F#3 A4>,"[0, 3]","[6, 9]",Schnittke_Tango.mxl,Schnittke
31,4,123.0,<music21.chord.Chord B4 E#5>,"[0, 6]","[5, 11]",Schnittke_Tango.mxl,Schnittke
31,4 1/2,123.5,<music21.chord.Chord C#5 F#5>,"[0, 5]","[1, 6]",Schnittke_Tango.mxl,Schnittke
32,1,124.0,<music21.chord.Chord F#3 G3 B3 D4 D5 G#5>,"[0, 1, 2, 5, 8]","[6, 7, 8, 11, 2]",Schnittke_Tango.mxl,Schnittke
32,1 1/2,124.5,<music21.chord.Chord F#3 G3 B3 D4 D5 A5>,"[0, 1, 3, 5, 8]","[6, 7, 9, 11, 2]",Schnittke_Tango.mxl,Schnittke
32,2,125.0,<music21.chord.Chord F#3 G3 B3 D4 D5 B5>,"[0, 1, 5, 8]","[6, 7, 11, 2]",Schnittke_Tango.mxl,Schnittke
32,2 1/2,125.5,<music21.chord.Chord F#3 G3 B3 D4 D5 C#6>,"[0, 1, 5, 7, 8]","[6, 7, 11, 1, 2]",Schnittke_Tango.mxl,Schnittke
32,3,126.0,<music21.chord.Chord F#3 G3 B3 D4 D6>,"[0, 1, 5, 8]","[6, 7, 11, 2]",Schnittke_Tango.mxl,Schnittke
32,4,127.0,<music21.chord.Chord F#3 G3 B3 D4 C#5 C#6>,"[0, 1, 5, 7, 8]","[6, 7, 11, 1, 2]",Schnittke_Tango.mxl,Schnittke
32,4 1/2,127.5,<music21.chord.Chord F#3 G3 B3 D4 B4 B5>,"[0, 1, 5, 8]","[6, 7, 11, 2]",Schnittke_Tango.mxl,Schnittke
33,1,128.0,<music21.chord.Chord E#3 F#3 G#3 C#4 A4 A5>,"[0, 1, 3, 4, 8]","[5, 6, 8, 9, 1]",Schnittke_Tango.mxl,Schnittke
33,1 1/2,128.5,<music21.chord.Chord E#3 F#3 G#3 C#4 A4 A5>,"[0, 1, 3, 4, 8]","[5, 6, 8, 9, 1]",Schnittke_Tango.mxl,Schnittke
33,2,129.0,<music21.chord.Chord E#3 F#3 G#3 C#4 C#6>,"[0, 4, 5, 7]","[1, 5, 6, 8]",Schnittke_Tango.mxl,Schnittke
33,2 1/2,129.5,<music21.chord.Chord E#3 F#3 G#3 C#4 B5>,"[0, 1, 3, 6, 8]","[5, 6, 8, 11, 1]",Schnittke_Tango.mxl,Schnittke
33,3,130.0,<music21.chord.Chord E#3 F#3 G#3 C#4 G#4 G#5>,"[0, 4, 5, 7]","[1, 5, 6, 8]",Schnittke_Tango.mxl,Schnittke
33,4,131.0,<music21.chord.Chord E#3 F#3 G#3 C#4 A5>,"[0, 1, 3, 4, 8]","[5, 6, 8, 9, 1]",Schnittke_Tango.mxl,Schnittke
34,1,132.0,<music21.chord.Chord F#3 A3 C#4 E#4 E#5>,"[0, 1, 4, 8]","[5, 6, 9, 1]",Schnittke_Tango.mxl,Schnittke
34,1 1/2,132.5,<music21.chord.Chord F#3 A3 C#4 E#4 E#5>,"[0, 1, 4, 8]","[5, 6, 9, 1]",Schnittke_Tango.mxl,Schnittke
34,2,133.0,<music21.chord.Chord F#3 A3 C#4 G#5>,"[0, 2, 3, 7]","[6, 8, 9, 1]",Schnittke_Tango.mxl,Schnittke
34,2 1/2,133.5,<music21.chord.Chord F#3 A3 C#4 G#5>,"[0, 2, 3, 7]","[6, 8, 9, 1]",Schnittke_Tango.mxl,Schnittke
34,3,134.0,<music21.chord.Chord F#3 A3 C#4 F#4 F#5>,"[0, 3, 7]","[6, 9, 1]",Schnittke_Tango.mxl,Schnittke
34,4,135.0,<music21.chord.Chord F#3 A3 C#4>,"[0, 3, 7]","[6, 9, 1]",Schnittke_Tango.mxl,Schnittke
35,1,136.0,<music21.chord.Chord F#3 A3 C#4>,"[0, 3, 7]","[6, 9, 1]",Schnittke_Tango.mxl,Schnittke
35,2,137.0,<music21.chord.Chord C#4 G#4 E#5>,"[0, 4, 7]","[1, 5, 8]",Schnittke_Tango.mxl,Schnittke
35,3,138.0,<music21.chord.Chord E#4 F#4 G4>,"[0, 1, 2]","[5, 6, 7]",Schnittke_Tango.mxl,Schnittke
35,4,139.0,<music21.chord.Chord G3 B-4 G-5 F-6>,"[0, 2, 3, 6]","[4, 6, 7, 10]",Schnittke_Tango.mxl,Schnittke
36,1,140.0,<music21.chord.Chord F#3 A3 C#4>,"[0, 3, 7]","[6, 9, 1]",Schnittke_Tango.mxl,Schnittke
36,2,141.0,<music21.chord.Chord C#5 G#5 E#6>,"[0, 4, 7]","[1, 5, 8]",Schnittke_Tango.mxl,Schnittke
36,3,142.0,<music21.chord.Chord F#4 A5 F#6>,"[0, 3]","[6, 9]",Schnittke_Tango.mxl,Schnittke
