offset,Chord,NormalForm,PCsInNormalForm,file,Composer,Measure Number,Measure Count
16.125,<music21.chord.Chord F5>,[0],[5],Waldszenen Op 82 Verrufene Stelle D minor.mid,Schumann,,4.500
17.5,<music21.chord.Chord F5 D2>,"[0, 3]","[2, 5]",Waldszenen Op 82 Verrufene Stelle D minor.mid,Schumann,1,1.9
17.625,<music21.chord.Chord F5 B-2>,"[0, 5]","[5, 10]",Waldszenen Op 82 Verrufene Stelle D minor.mid,Schumann,1,2.000
18.5,<music21.chord.Chord F5 G2>,"[0, 2]","[5, 7]",Waldszenen Op 82 Verrufene Stelle D minor.mid,Schumann,1,2.9
18.625,<music21.chord.Chord F5 E2>,"[0, 1]","[4, 5]",Waldszenen Op 82 Verrufene Stelle D minor.mid,Schumann,1,3.000
19.5,<music21.chord.Chord B-4 F5 B-3 E2>,"[0, 1, 6]","[4, 5, 10]",Waldszenen Op 82 Verrufene Stelle D minor.mid,Schumann,1,3.9
19.625,<music21.chord.Chord G4 F5 B-3 E2>,"[0, 1, 3, 6]","[4, 5, 7, 10]",Waldszenen Op 82 Verrufene Stelle D minor.mid,Schumann,1,4.000
20.5,<music21.chord.Chord F5>,[0],[5],Waldszenen Op 82 Verrufene Stelle D minor.mid,Schumann,1,4.9
20.625,<music21.chord.Chord F4 F5 D4 D2>,"[0, 3]","[2, 5]",Waldszenen Op 82 Verrufene Stelle D minor.mid,Schumann,2,1.000
20.875,<music21.chord.Chord F5 D4 D2>,"[0, 3]","[2, 5]",Waldszenen Op 82 Verrufene Stelle D minor.mid,Schumann,2,1.250
21.125,<music21.chord.Chord F5>,[0],[5],Waldszenen Op 82 Verrufene Stelle D minor.mid,Schumann,2,1.500
21.5,<music21.chord.Chord F5 D2>,"[0, 3]","[2, 5]",Waldszenen Op 82 Verrufene Stelle D minor.mid,Schumann,2,1.9
21.625,<music21.chord.Chord F5 D3>,"[0, 3]","[2, 5]",Waldszenen Op 82 Verrufene Stelle D minor.mid,Schumann,2,2.000
22.5,<music21.chord.Chord F5 B-2>,"[0, 5]","[5, 10]",Waldszenen Op 82 Verrufene Stelle D minor.mid,Schumann,2,2.9
22.625,<music21.chord.Chord F5 A2>,"[0, 4]","[5, 9]",Waldszenen Op 82 Verrufene Stelle D minor.mid,Schumann,2,3.000
23.5,<music21.chord.Chord E-5 F5 G4 A2>,"[0, 2, 4, 6]","[3, 5, 7, 9]",Waldszenen Op 82 Verrufene Stelle D minor.mid,Schumann,2,3.9
23.625,<music21.chord.Chord C5 F5 G4 A2>,"[0, 2, 4, 7]","[5, 7, 9, 0]",Waldszenen Op 82 Verrufene Stelle D minor.mid,Schumann,2,4.000
24.5,<music21.chord.Chord F5>,[0],[5],Waldszenen Op 82 Verrufene Stelle D minor.mid,Schumann,2,4.9
24.625,<music21.chord.Chord B-4 F5 G4 G2>,"[0, 2, 5]","[5, 7, 10]",Waldszenen Op 82 Verrufene Stelle D minor.mid,Schumann,3,1.000
25.125,<music21.chord.Chord F5 B-4 G4>,"[0, 2, 5]","[5, 7, 10]",Waldszenen Op 82 Verrufene Stelle D minor.mid,Schumann,3,1.500
25.5,<music21.chord.Chord B-4 F5 G4>,"[0, 2, 5]","[5, 7, 10]",Waldszenen Op 82 Verrufene Stelle D minor.mid,Schumann,3,1.9
25.625,<music21.chord.Chord F5 B-4>,"[0, 5]","[5, 10]",Waldszenen Op 82 Verrufene Stelle D minor.mid,Schumann,3,2.000
26.45833333,<music21.chord.Chord B-4>,[0],[10],Waldszenen Op 82 Verrufene Stelle D minor.mid,Schumann,3,2.83333333
26.5,<music21.chord.Chord B-4 E4 F4>,"[0, 1, 6]","[4, 5, 10]",Waldszenen Op 82 Verrufene Stelle D minor.mid,Schumann,3,2.9
26.625,<music21.chord.Chord E5 B-4 E4>,"[0, 6]","[4, 10]",Waldszenen Op 82 Verrufene Stelle D minor.mid,Schumann,3,3.000
27.5,<music21.chord.Chord D5 G4 B-4 D4>,"[0, 3, 7]","[7, 10, 2]",Waldszenen Op 82 Verrufene Stelle D minor.mid,Schumann,3,3.9
27.625,<music21.chord.Chord G4>,[0],[7],Waldszenen Op 82 Verrufene Stelle D minor.mid,Schumann,3,4.000
28.625,<music21.chord.Chord E5 G4 E4 F4>,"[0, 1, 3]","[4, 5, 7]",Waldszenen Op 82 Verrufene Stelle D minor.mid,Schumann,4,1.000
29.5,<music21.chord.Chord D5 F4 A4 D4>,"[0, 3, 7]","[2, 5, 9]",Waldszenen Op 82 Verrufene Stelle D minor.mid,Schumann,4,1.9
30.5,<music21.chord.Chord D4>,[0],[2],Waldszenen Op 82 Verrufene Stelle D minor.mid,Schumann,4,2.9
30.625,<music21.chord.Chord G3>,[0],[7],Waldszenen Op 82 Verrufene Stelle D minor.mid,Schumann,4,3.000
31.5,<music21.chord.Chord D4 G4 B-4 A3 B-3>,"[0, 2, 3, 7]","[7, 9, 10, 2]",Waldszenen Op 82 Verrufene Stelle D minor.mid,Schumann,4,3.9
31.625,<music21.chord.Chord C#3>,[0],[1],Waldszenen Op 82 Verrufene Stelle D minor.mid,Schumann,4,4.000
32.625,<music21.chord.Chord A4 E4 F4 D3>,"[0, 2, 3, 7]","[2, 4, 5, 9]",Waldszenen Op 82 Verrufene Stelle D minor.mid,Schumann,5,1.000
33.5,<music21.chord.Chord A4 D4 D3>,"[0, 5]","[9, 2]",Waldszenen Op 82 Verrufene Stelle D minor.mid,Schumann,5,1.9
33.625,<music21.chord.Chord A4 D4 D3>,"[0, 5]","[9, 2]",Waldszenen Op 82 Verrufene Stelle D minor.mid,Schumann,5,2.000
34.125,<music21.chord.Chord A4 F4 D3>,"[0, 3, 7]","[2, 5, 9]",Waldszenen Op 82 Verrufene Stelle D minor.mid,Schumann,5,2.500
34.5,<music21.chord.Chord E4 F4>,"[0, 1]","[4, 5]",Waldszenen Op 82 Verrufene Stelle D minor.mid,Schumann,5,2.9
34.625,<music21.chord.Chord A4 E4 C3>,"[0, 3, 7]","[9, 0, 4]",Waldszenen Op 82 Verrufene Stelle D minor.mid,Schumann,5,3.000
35.5,<music21.chord.Chord A4 D4 C3>,"[0, 3, 5]","[9, 0, 2]",Waldszenen Op 82 Verrufene Stelle D minor.mid,Schumann,5,3.9
35.625,<music21.chord.Chord A4 C3>,"[0, 3]","[9, 0]",Waldszenen Op 82 Verrufene Stelle D minor.mid,Schumann,5,4.000
36.625,<music21.chord.Chord D5 A4 B2>,"[0, 2, 5]","[9, 11, 2]",Waldszenen Op 82 Verrufene Stelle D minor.mid,Schumann,6,1.000
37.5,<music21.chord.Chord E5 F5 A4>,"[0, 1, 5]","[4, 5, 9]",Waldszenen Op 82 Verrufene Stelle D minor.mid,Schumann,6,1.9
37.625,<music21.chord.Chord B4 A4 E3>,"[0, 2, 7]","[9, 11, 4]",Waldszenen Op 82 Verrufene Stelle D minor.mid,Schumann,6,2.000
38.5,<music21.chord.Chord E5 G#4>,"[0, 4]","[4, 8]",Waldszenen Op 82 Verrufene Stelle D minor.mid,Schumann,6,2.9
38.625,<music21.chord.Chord A4 C#5 A2>,"[0, 4]","[9, 1]",Waldszenen Op 82 Verrufene Stelle D minor.mid,Schumann,6,3.000
39.125,<music21.chord.Chord A2>,[0],[9],Waldszenen Op 82 Verrufene Stelle D minor.mid,Schumann,6,3.500
39.5,<music21.chord.Chord C#5 A2>,"[0, 4]","[9, 1]",Waldszenen Op 82 Verrufene Stelle D minor.mid,Schumann,6,3.9
39.625,<music21.chord.Chord A4 A2>,[0],[9],Waldszenen Op 82 Verrufene Stelle D minor.mid,Schumann,6,4.000
40,<music21.chord.Chord A4>,[0],[9],Waldszenen Op 82 Verrufene Stelle D minor.mid,Schumann,6,4.375
40.125,<music21.chord.Chord D3>,[0],[2],Waldszenen Op 82 Verrufene Stelle D minor.mid,Schumann,6,4.500
40.33333333,<music21.chord.Chord E3>,[0],[4],Waldszenen Op 82 Verrufene Stelle D minor.mid,Schumann,6,4.70833333
40.625,<music21.chord.Chord D4 F4 A4 F3>,"[0, 3, 7]","[2, 5, 9]",Waldszenen Op 82 Verrufene Stelle D minor.mid,Schumann,7,1.000
40.75,<music21.chord.Chord D4 F4 A4>,"[0, 3, 7]","[2, 5, 9]",Waldszenen Op 82 Verrufene Stelle D minor.mid,Schumann,7,1.13
40.875,<music21.chord.Chord D4 F4 A4 A3>,"[0, 3, 7]","[2, 5, 9]",Waldszenen Op 82 Verrufene Stelle D minor.mid,Schumann,7,1.250
41,<music21.chord.Chord D4 F4 A4>,"[0, 3, 7]","[2, 5, 9]",Waldszenen Op 82 Verrufene Stelle D minor.mid,Schumann,7,1.375
41.125,<music21.chord.Chord G3>,[0],[7],Waldszenen Op 82 Verrufene Stelle D minor.mid,Schumann,7,1.500
41.33333333,<music21.chord.Chord F3>,[0],[5],Waldszenen Op 82 Verrufene Stelle D minor.mid,Schumann,7,1.70833333
41.625,<music21.chord.Chord C#4 G4 A4 F3 A2>,"[0, 2, 4, 8]","[5, 7, 9, 1]",Waldszenen Op 82 Verrufene Stelle D minor.mid,Schumann,7,2.000
41.75,<music21.chord.Chord C#4 G4 A4 A2>,"[0, 2, 6]","[7, 9, 1]",Waldszenen Op 82 Verrufene Stelle D minor.mid,Schumann,7,2.13
41.875,<music21.chord.Chord C#4 G4 A4 E3 A2>,"[0, 3, 6, 8]","[1, 4, 7, 9]",Waldszenen Op 82 Verrufene Stelle D minor.mid,Schumann,7,2.250
42,<music21.chord.Chord C#4 G4 A4 A2>,"[0, 2, 6]","[7, 9, 1]",Waldszenen Op 82 Verrufene Stelle D minor.mid,Schumann,7,2.375
42.125,<music21.chord.Chord D3>,[0],[2],Waldszenen Op 82 Verrufene Stelle D minor.mid,Schumann,7,2.500
42.33333333,<music21.chord.Chord E3>,[0],[4],Waldszenen Op 82 Verrufene Stelle D minor.mid,Schumann,7,2.70833333
42.625,<music21.chord.Chord D4 F4 A4 F3 D3>,"[0, 3, 7]","[2, 5, 9]",Waldszenen Op 82 Verrufene Stelle D minor.mid,Schumann,7,3.000
43.5,<music21.chord.Chord B-4 G2>,"[0, 3]","[7, 10]",Waldszenen Op 82 Verrufene Stelle D minor.mid,Schumann,7,3.9
43.625,<music21.chord.Chord G4 B-2>,"[0, 3]","[7, 10]",Waldszenen Op 82 Verrufene Stelle D minor.mid,Schumann,7,4.000
44.125,<music21.chord.Chord G4 D3 B-2>,"[0, 3, 7]","[7, 10, 2]",Waldszenen Op 82 Verrufene Stelle D minor.mid,Schumann,7,4.500
44.25,<music21.chord.Chord G4 B-2>,"[0, 3]","[7, 10]",Waldszenen Op 82 Verrufene Stelle D minor.mid,Schumann,7,4.63
44.33333333,<music21.chord.Chord C#4 A4 E3 A2>,"[0, 4, 7]","[9, 1, 4]",Waldszenen Op 82 Verrufene Stelle D minor.mid,Schumann,7,4.70833333
44.45833333,<music21.chord.Chord C#4 A4 A2>,"[0, 4]","[9, 1]",Waldszenen Op 82 Verrufene Stelle D minor.mid,Schumann,7,4.83333333
44.58333333,<music21.chord.Chord A4>,[0],[9],Waldszenen Op 82 Verrufene Stelle D minor.mid,Schumann,7,4.95833333
44.625,<music21.chord.Chord D4 A4 F3 D3>,"[0, 3, 7]","[2, 5, 9]",Waldszenen Op 82 Verrufene Stelle D minor.mid,Schumann,8,1.000
44.75,<music21.chord.Chord D4 A4 D3>,"[0, 5]","[9, 2]",Waldszenen Op 82 Verrufene Stelle D minor.mid,Schumann,8,1.13
44.875,<music21.chord.Chord D4 A4 A3>,"[0, 5]","[9, 2]",Waldszenen Op 82 Verrufene Stelle D minor.mid,Schumann,8,1.250
45,<music21.chord.Chord D4 A4>,"[0, 5]","[9, 2]",Waldszenen Op 82 Verrufene Stelle D minor.mid,Schumann,8,1.375
45.08333333,<music21.chord.Chord D4>,[0],[2],Waldszenen Op 82 Verrufene Stelle D minor.mid,Schumann,8,1.45833333
45.125,<music21.chord.Chord G3>,[0],[7],Waldszenen Op 82 Verrufene Stelle D minor.mid,Schumann,8,1.500
45.33333333,<music21.chord.Chord F3>,[0],[5],Waldszenen Op 82 Verrufene Stelle D minor.mid,Schumann,8,1.70833333
45.625,<music21.chord.Chord D4 E4 E3 G#2>,"[0, 2, 6]","[2, 4, 8]",Waldszenen Op 82 Verrufene Stelle D minor.mid,Schumann,8,2.000
45.75,<music21.chord.Chord D4 E4 G#2>,"[0, 2, 6]","[2, 4, 8]",Waldszenen Op 82 Verrufene Stelle D minor.mid,Schumann,8,2.13
45.875,<music21.chord.Chord D4 E4 D3>,"[0, 2]","[2, 4]",Waldszenen Op 82 Verrufene Stelle D minor.mid,Schumann,8,2.250
46,<music21.chord.Chord D4 E4>,"[0, 2]","[2, 4]",Waldszenen Op 82 Verrufene Stelle D minor.mid,Schumann,8,2.375
46.125,<music21.chord.Chord C#3>,[0],[1],Waldszenen Op 82 Verrufene Stelle D minor.mid,Schumann,8,2.500
46.33333333,<music21.chord.Chord D3>,[0],[2],Waldszenen Op 82 Verrufene Stelle D minor.mid,Schumann,8,2.70833333
46.625,<music21.chord.Chord C#4 E4 E3 A2>,"[0, 4, 7]","[9, 1, 4]",Waldszenen Op 82 Verrufene Stelle D minor.mid,Schumann,8,3.000
46.875,<music21.chord.Chord C#4 E4 E3>,"[0, 3]","[1, 4]",Waldszenen Op 82 Verrufene Stelle D minor.mid,Schumann,8,3.250
47.5,<music21.chord.Chord E4>,[0],[4],Waldszenen Op 82 Verrufene Stelle D minor.mid,Schumann,8,3.9
47.625,<music21.chord.Chord A4>,[0],[9],Waldszenen Op 82 Verrufene Stelle D minor.mid,Schumann,8,4.000
48.125,<music21.chord.Chord G4 A4>,"[0, 2]","[7, 9]",Waldszenen Op 82 Verrufene Stelle D minor.mid,Schumann,8,4.500
48.25,<music21.chord.Chord A4>,[0],[9],Waldszenen Op 82 Verrufene Stelle D minor.mid,Schumann,8,4.63
48.33333333,<music21.chord.Chord A4 F#4>,"[0, 3]","[6, 9]",Waldszenen Op 82 Verrufene Stelle D minor.mid,Schumann,8,4.70833333
48.375,<music21.chord.Chord A4 F#4>,"[0, 3]","[6, 9]",Waldszenen Op 82 Verrufene Stelle D minor.mid,Schumann,8,4.750
48.45833333,<music21.chord.Chord F#4>,[0],[6],Waldszenen Op 82 Verrufene Stelle D minor.mid,Schumann,8,4.83333333
48.625,<music21.chord.Chord G4 B-4 G2 G3>,"[0, 3]","[7, 10]",Waldszenen Op 82 Verrufene Stelle D minor.mid,Schumann,9,1.000
48.875,<music21.chord.Chord D5 G2 G3>,"[0, 5]","[2, 7]",Waldszenen Op 82 Verrufene Stelle D minor.mid,Schumann,9,1.250
49.125,<music21.chord.Chord C5>,[0],[0],Waldszenen Op 82 Verrufene Stelle D minor.mid,Schumann,9,1.500
49.33333333,<music21.chord.Chord B-4 C5>,"[0, 2]","[10, 0]",Waldszenen Op 82 Verrufene Stelle D minor.mid,Schumann,9,1.70833333
49.375,<music21.chord.Chord B-4>,[0],[10],Waldszenen Op 82 Verrufene Stelle D minor.mid,Schumann,9,1.750
49.5,<music21.chord.Chord B-4 D4>,"[0, 4]","[10, 2]",Waldszenen Op 82 Verrufene Stelle D minor.mid,Schumann,9,1.9
49.58333333,<music21.chord.Chord D4>,[0],[2],Waldszenen Op 82 Verrufene Stelle D minor.mid,Schumann,9,1.95833333
49.625,<music21.chord.Chord G5 G4>,[0],[7],Waldszenen Op 82 Verrufene Stelle D minor.mid,Schumann,9,2.000
49.875,<music21.chord.Chord D5 G4>,"[0, 5]","[2, 7]",Waldszenen Op 82 Verrufene Stelle D minor.mid,Schumann,9,2.250
50.125,<music21.chord.Chord E-5 G4>,"[0, 4]","[3, 7]",Waldszenen Op 82 Verrufene Stelle D minor.mid,Schumann,9,2.500
50.33333333,<music21.chord.Chord C5 E-5 G4>,"[0, 3, 7]","[0, 3, 7]",Waldszenen Op 82 Verrufene Stelle D minor.mid,Schumann,9,2.70833333
50.375,<music21.chord.Chord C5 G4>,"[0, 5]","[7, 0]",Waldszenen Op 82 Verrufene Stelle D minor.mid,Schumann,9,2.750
50.5,<music21.chord.Chord C5 C3>,[0],[0],Waldszenen Op 82 Verrufene Stelle D minor.mid,Schumann,9,2.9
50.58333333,<music21.chord.Chord C3>,[0],[0],Waldszenen Op 82 Verrufene Stelle D minor.mid,Schumann,9,2.95833333
50.625,<music21.chord.Chord B-4 F3>,"[0, 5]","[5, 10]",Waldszenen Op 82 Verrufene Stelle D minor.mid,Schumann,9,3.000
50.875,<music21.chord.Chord A4 F3>,"[0, 4]","[5, 9]",Waldszenen Op 82 Verrufene Stelle D minor.mid,Schumann,9,3.250
51.125,<music21.chord.Chord G4 F3>,"[0, 2]","[5, 7]",Waldszenen Op 82 Verrufene Stelle D minor.mid,Schumann,9,3.500
51.33333333,<music21.chord.Chord F4 G4 F3>,"[0, 2]","[5, 7]",Waldszenen Op 82 Verrufene Stelle D minor.mid,Schumann,9,3.70833333
51.375,<music21.chord.Chord F4 F3>,[0],[5],Waldszenen Op 82 Verrufene Stelle D minor.mid,Schumann,9,3.750
51.58333333,<music21.chord.Chord F3>,[0],[5],Waldszenen Op 82 Verrufene Stelle D minor.mid,Schumann,9,3.95833333
51.625,<music21.chord.Chord F4>,[0],[5],Waldszenen Op 82 Verrufene Stelle D minor.mid,Schumann,9,4.000
52.125,<music21.chord.Chord F4>,[0],[5],Waldszenen Op 82 Verrufene Stelle D minor.mid,Schumann,9,4.500
52.625,<music21.chord.Chord D5 F5>,"[0, 3]","[2, 5]",Waldszenen Op 82 Verrufene Stelle D minor.mid,Schumann,10,1.000
53.5,<music21.chord.Chord D5 F5 D2>,"[0, 3]","[2, 5]",Waldszenen Op 82 Verrufene Stelle D minor.mid,Schumann,10,1.9
53.625,<music21.chord.Chord D5 F5 B-2>,"[0, 4, 7]","[10, 2, 5]",Waldszenen Op 82 Verrufene Stelle D minor.mid,Schumann,10,2.000
54.5,<music21.chord.Chord D5 F5 G2>,"[0, 3, 5]","[2, 5, 7]",Waldszenen Op 82 Verrufene Stelle D minor.mid,Schumann,10,2.9
54.625,<music21.chord.Chord E-2>,[0],[3],Waldszenen Op 82 Verrufene Stelle D minor.mid,Schumann,10,3.000
55.5,<music21.chord.Chord C5 E-5 C4>,"[0, 3]","[0, 3]",Waldszenen Op 82 Verrufene Stelle D minor.mid,Schumann,10,3.9
55.625,<music21.chord.Chord G5 C5>,"[0, 5]","[7, 0]",Waldszenen Op 82 Verrufene Stelle D minor.mid,Schumann,10,4.000
56.625,<music21.chord.Chord E-5 G5 E-4>,"[0, 4]","[3, 7]",Waldszenen Op 82 Verrufene Stelle D minor.mid,Schumann,11,1.000
57.125,<music21.chord.Chord E-5 G5>,"[0, 4]","[3, 7]",Waldszenen Op 82 Verrufene Stelle D minor.mid,Schumann,11,1.500
57.5,<music21.chord.Chord E-5 G5 E-2>,"[0, 4]","[3, 7]",Waldszenen Op 82 Verrufene Stelle D minor.mid,Schumann,11,1.9
57.625,<music21.chord.Chord E-5 G5 C3>,"[0, 3, 7]","[0, 3, 7]",Waldszenen Op 82 Verrufene Stelle D minor.mid,Schumann,11,2.000
58.5,<music21.chord.Chord E-5 G5 A2>,"[0, 4, 6]","[3, 7, 9]",Waldszenen Op 82 Verrufene Stelle D minor.mid,Schumann,11,2.9
58.625,<music21.chord.Chord F2>,[0],[5],Waldszenen Op 82 Verrufene Stelle D minor.mid,Schumann,11,3.000
59.125,<music21.chord.Chord D4>,[0],[2],Waldszenen Op 82 Verrufene Stelle D minor.mid,Schumann,11,3.500
59.33333333,<music21.chord.Chord E-4 D4>,"[0, 1]","[2, 3]",Waldszenen Op 82 Verrufene Stelle D minor.mid,Schumann,11,3.70833333
59.375,<music21.chord.Chord E-4>,[0],[3],Waldszenen Op 82 Verrufene Stelle D minor.mid,Schumann,11,3.750
59.625,<music21.chord.Chord E-4>,[0],[3],Waldszenen Op 82 Verrufene Stelle D minor.mid,Schumann,11,4.000
59.875,<music21.chord.Chord G4>,[0],[7],Waldszenen Op 82 Verrufene Stelle D minor.mid,Schumann,11,4.250
60.125,<music21.chord.Chord D5 F4>,"[0, 3]","[2, 5]",Waldszenen Op 82 Verrufene Stelle D minor.mid,Schumann,11,4.500
60.25,<music21.chord.Chord F4>,[0],[5],Waldszenen Op 82 Verrufene Stelle D minor.mid,Schumann,11,4.63
60.33333333,<music21.chord.Chord E-5 E-4 F4>,"[0, 2]","[3, 5]",Waldszenen Op 82 Verrufene Stelle D minor.mid,Schumann,11,4.70833333
60.375,<music21.chord.Chord E-5 E-4>,[0],[3],Waldszenen Op 82 Verrufene Stelle D minor.mid,Schumann,11,4.750
60.45833333,<music21.chord.Chord E-4>,[0],[3],Waldszenen Op 82 Verrufene Stelle D minor.mid,Schumann,11,4.83333333
60.625,<music21.chord.Chord E-5 F#4 B-4 F2>,"[0, 2, 3, 7]","[3, 5, 6, 10]",Waldszenen Op 82 Verrufene Stelle D minor.mid,Schumann,12,1.000
60.875,<music21.chord.Chord E-5 A4 F2>,"[0, 2, 6]","[3, 5, 9]",Waldszenen Op 82 Verrufene Stelle D minor.mid,Schumann,12,1.250
61.125,<music21.chord.Chord D5>,[0],[2],Waldszenen Op 82 Verrufene Stelle D minor.mid,Schumann,12,1.500
61.33333333,<music21.chord.Chord E-5>,[0],[3],Waldszenen Op 82 Verrufene Stelle D minor.mid,Schumann,12,1.70833333
61.625,<music21.chord.Chord E-5 F#4 B-4 F2>,"[0, 2, 3, 7]","[3, 5, 6, 10]",Waldszenen Op 82 Verrufene Stelle D minor.mid,Schumann,12,2.000
61.875,<music21.chord.Chord E-5 A4 F2>,"[0, 2, 6]","[3, 5, 9]",Waldszenen Op 82 Verrufene Stelle D minor.mid,Schumann,12,2.250
62.125,<music21.chord.Chord C#5>,[0],[1],Waldszenen Op 82 Verrufene Stelle D minor.mid,Schumann,12,2.500
62.33333333,<music21.chord.Chord D5>,[0],[2],Waldszenen Op 82 Verrufene Stelle D minor.mid,Schumann,12,2.70833333
62.625,<music21.chord.Chord D4 A4 D5 G2>,"[0, 2, 7]","[7, 9, 2]",Waldszenen Op 82 Verrufene Stelle D minor.mid,Schumann,12,3.000
62.875,<music21.chord.Chord D4 A4 D5 F#2>,"[0, 4, 7]","[2, 6, 9]",Waldszenen Op 82 Verrufene Stelle D minor.mid,Schumann,12,3.250
63.125,<music21.chord.Chord C#5>,[0],[1],Waldszenen Op 82 Verrufene Stelle D minor.mid,Schumann,12,3.500
63.33333333,<music21.chord.Chord D5>,[0],[2],Waldszenen Op 82 Verrufene Stelle D minor.mid,Schumann,12,3.70833333
63.625,<music21.chord.Chord D4 A4 D5 G2>,"[0, 2, 7]","[7, 9, 2]",Waldszenen Op 82 Verrufene Stelle D minor.mid,Schumann,12,4.000
63.875,<music21.chord.Chord D4 A4 D5 F#2>,"[0, 4, 7]","[2, 6, 9]",Waldszenen Op 82 Verrufene Stelle D minor.mid,Schumann,12,4.250
64.125,<music21.chord.Chord D5>,[0],[2],Waldszenen Op 82 Verrufene Stelle D minor.mid,Schumann,12,4.500
64.33333333,<music21.chord.Chord E-5>,[0],[3],Waldszenen Op 82 Verrufene Stelle D minor.mid,Schumann,12,4.70833333
64.625,<music21.chord.Chord E-5 F#4 B-4 F2>,"[0, 2, 3, 7]","[3, 5, 6, 10]",Waldszenen Op 82 Verrufene Stelle D minor.mid,Schumann,13,1.000
64.875,<music21.chord.Chord E-5 A4 F2>,"[0, 2, 6]","[3, 5, 9]",Waldszenen Op 82 Verrufene Stelle D minor.mid,Schumann,13,1.250
65.125,<music21.chord.Chord C#5>,[0],[1],Waldszenen Op 82 Verrufene Stelle D minor.mid,Schumann,13,1.500
65.33333333,<music21.chord.Chord D5>,[0],[2],Waldszenen Op 82 Verrufene Stelle D minor.mid,Schumann,13,1.70833333
65.625,<music21.chord.Chord D5 F4 B-4 C3>,"[0, 2, 4, 7]","[10, 0, 2, 5]",Waldszenen Op 82 Verrufene Stelle D minor.mid,Schumann,13,2.000
65.875,<music21.chord.Chord D5 F4 B-4 B-2>,"[0, 4, 7]","[10, 2, 5]",Waldszenen Op 82 Verrufene Stelle D minor.mid,Schumann,13,2.250
66.125,<music21.chord.Chord F5>,[0],[5],Waldszenen Op 82 Verrufene Stelle D minor.mid,Schumann,13,2.500
66.33333333,<music21.chord.Chord D5 F5>,"[0, 3]","[2, 5]",Waldszenen Op 82 Verrufene Stelle D minor.mid,Schumann,13,2.70833333
66.375,<music21.chord.Chord D5>,[0],[2],Waldszenen Op 82 Verrufene Stelle D minor.mid,Schumann,13,2.750
66.625,<music21.chord.Chord C4 G4 B-4 C5 E2 E3>,"[0, 3, 6, 8]","[4, 7, 10, 0]",Waldszenen Op 82 Verrufene Stelle D minor.mid,Schumann,13,3.000
67.5,<music21.chord.Chord C4 G4 B-4 C5 E2 E3>,"[0, 3, 6, 8]","[4, 7, 10, 0]",Waldszenen Op 82 Verrufene Stelle D minor.mid,Schumann,13,3.9
67.625,<music21.chord.Chord C4 G4 B-4 C5 E2 E3>,"[0, 3, 6, 8]","[4, 7, 10, 0]",Waldszenen Op 82 Verrufene Stelle D minor.mid,Schumann,13,4.000
68,<music21.chord.Chord C4 G4 B-4 C5>,"[0, 3, 5]","[7, 10, 0]",Waldszenen Op 82 Verrufene Stelle D minor.mid,Schumann,13,4.375
68.125,<music21.chord.Chord C4 G4 B-4 C5 E2>,"[0, 3, 6, 8]","[4, 7, 10, 0]",Waldszenen Op 82 Verrufene Stelle D minor.mid,Schumann,13,4.500
68.25,<music21.chord.Chord C4 G4 B-4 C5>,"[0, 3, 5]","[7, 10, 0]",Waldszenen Op 82 Verrufene Stelle D minor.mid,Schumann,13,4.63
68.33333333,<music21.chord.Chord C4 G4 B-4 C5 F2>,"[0, 2, 5, 7]","[5, 7, 10, 0]",Waldszenen Op 82 Verrufene Stelle D minor.mid,Schumann,13,4.70833333
68.45833333,<music21.chord.Chord C4 G4 B-4 C5>,"[0, 3, 5]","[7, 10, 0]",Waldszenen Op 82 Verrufene Stelle D minor.mid,Schumann,13,4.83333333
68.625,<music21.chord.Chord F2>,[0],[5],Waldszenen Op 82 Verrufene Stelle D minor.mid,Schumann,14,1.000
68.875,<music21.chord.Chord B-2>,[0],[10],Waldszenen Op 82 Verrufene Stelle D minor.mid,Schumann,14,1.250
69.125,<music21.chord.Chord A2>,[0],[9],Waldszenen Op 82 Verrufene Stelle D minor.mid,Schumann,14,1.500
69.33333333,<music21.chord.Chord E-3 A2>,"[0, 6]","[3, 9]",Waldszenen Op 82 Verrufene Stelle D minor.mid,Schumann,14,1.70833333
69.375,<music21.chord.Chord E-3>,[0],[3],Waldszenen Op 82 Verrufene Stelle D minor.mid,Schumann,14,1.750
69.625,<music21.chord.Chord D3>,[0],[2],Waldszenen Op 82 Verrufene Stelle D minor.mid,Schumann,14,2.000
69.875,<music21.chord.Chord B-3 D3>,"[0, 4]","[10, 2]",Waldszenen Op 82 Verrufene Stelle D minor.mid,Schumann,14,2.250
70.125,<music21.chord.Chord E3 C#3>,"[0, 3]","[1, 4]",Waldszenen Op 82 Verrufene Stelle D minor.mid,Schumann,14,2.500
70.33333333,<music21.chord.Chord B-3 E3 C#3>,"[0, 3, 6]","[10, 1, 4]",Waldszenen Op 82 Verrufene Stelle D minor.mid,Schumann,14,2.70833333
70.375,<music21.chord.Chord B-3 C#3>,"[0, 3]","[10, 1]",Waldszenen Op 82 Verrufene Stelle D minor.mid,Schumann,14,2.750
70.58333333,<music21.chord.Chord C#3>,[0],[1],Waldszenen Op 82 Verrufene Stelle D minor.mid,Schumann,14,2.95833333
70.625,<music21.chord.Chord B-3 C3 E-3>,"[0, 2, 5]","[10, 0, 3]",Waldszenen Op 82 Verrufene Stelle D minor.mid,Schumann,14,3.000
70.875,<music21.chord.Chord A3 C3 E-3>,"[0, 3, 6]","[9, 0, 3]",Waldszenen Op 82 Verrufene Stelle D minor.mid,Schumann,14,3.250
71.125,<music21.chord.Chord E-4>,[0],[3],Waldszenen Op 82 Verrufene Stelle D minor.mid,Schumann,14,3.500
71.33333333,<music21.chord.Chord C4 E-4>,"[0, 3]","[0, 3]",Waldszenen Op 82 Verrufene Stelle D minor.mid,Schumann,14,3.70833333
71.375,<music21.chord.Chord C4>,[0],[0],Waldszenen Op 82 Verrufene Stelle D minor.mid,Schumann,14,3.750
71.625,<music21.chord.Chord E-5 A3>,"[0, 6]","[3, 9]",Waldszenen Op 82 Verrufene Stelle D minor.mid,Schumann,14,4.000
71.875,<music21.chord.Chord C5 A3>,"[0, 3]","[9, 0]",Waldszenen Op 82 Verrufene Stelle D minor.mid,Schumann,14,4.250
72.125,<music21.chord.Chord A4 E4>,"[0, 5]","[4, 9]",Waldszenen Op 82 Verrufene Stelle D minor.mid,Schumann,14,4.500
72.25,<music21.chord.Chord A4>,[0],[9],Waldszenen Op 82 Verrufene Stelle D minor.mid,Schumann,14,4.63
72.33333333,<music21.chord.Chord A4 F4>,"[0, 4]","[5, 9]",Waldszenen Op 82 Verrufene Stelle D minor.mid,Schumann,14,4.70833333
72.45833333,<music21.chord.Chord A4>,[0],[9],Waldszenen Op 82 Verrufene Stelle D minor.mid,Schumann,14,4.83333333
72.625,<music21.chord.Chord F4 F3>,[0],[5],Waldszenen Op 82 Verrufene Stelle D minor.mid,Schumann,15,1.000
72.875,<music21.chord.Chord B-4 F3>,"[0, 5]","[5, 10]",Waldszenen Op 82 Verrufene Stelle D minor.mid,Schumann,15,1.250
73.125,<music21.chord.Chord A4 F3>,"[0, 4]","[5, 9]",Waldszenen Op 82 Verrufene Stelle D minor.mid,Schumann,15,1.500
73.33333333,<music21.chord.Chord E-5 A4 F3>,"[0, 2, 6]","[3, 5, 9]",Waldszenen Op 82 Verrufene Stelle D minor.mid,Schumann,15,1.70833333
73.375,<music21.chord.Chord E-5 F3>,"[0, 2]","[3, 5]",Waldszenen Op 82 Verrufene Stelle D minor.mid,Schumann,15,1.750
73.58333333,<music21.chord.Chord F3>,[0],[5],Waldszenen Op 82 Verrufene Stelle D minor.mid,Schumann,15,1.95833333
73.625,<music21.chord.Chord D5 F3>,"[0, 3]","[2, 5]",Waldszenen Op 82 Verrufene Stelle D minor.mid,Schumann,15,2.000
73.875,<music21.chord.Chord B-5 F3>,"[0, 5]","[5, 10]",Waldszenen Op 82 Verrufene Stelle D minor.mid,Schumann,15,2.250
74.125,<music21.chord.Chord E5 B-4 C#4 F3>,"[0, 3, 6, 7]","[10, 1, 4, 5]",Waldszenen Op 82 Verrufene Stelle D minor.mid,Schumann,15,2.500
74.33333333,<music21.chord.Chord B-5 E5 B-4 C#4 F3>,"[0, 3, 6, 7]","[10, 1, 4, 5]",Waldszenen Op 82 Verrufene Stelle D minor.mid,Schumann,15,2.70833333
74.375,<music21.chord.Chord B-5 B-4 C#4 F3>,"[0, 3, 7]","[10, 1, 5]",Waldszenen Op 82 Verrufene Stelle D minor.mid,Schumann,15,2.750
74.5,<music21.chord.Chord B-5 B-4 C#4>,"[0, 3]","[10, 1]",Waldszenen Op 82 Verrufene Stelle D minor.mid,Schumann,15,2.9
74.58333333,<music21.chord.Chord B-4 C#4>,"[0, 3]","[10, 1]",Waldszenen Op 82 Verrufene Stelle D minor.mid,Schumann,15,2.95833333
74.625,<music21.chord.Chord B-5 A4 E-5 C4 F#3>,"[0, 1, 3, 6, 9]","[9, 10, 0, 3, 6]",Waldszenen Op 82 Verrufene Stelle D minor.mid,Schumann,15,3.000
74.875,<music21.chord.Chord A5 A4 E-5 C4 F#3>,"[0, 3, 6, 9]","[0, 3, 6, 9]",Waldszenen Op 82 Verrufene Stelle D minor.mid,Schumann,15,3.250
75.125,<music21.chord.Chord E-6 C4 F#3>,"[0, 3, 6]","[0, 3, 6]",Waldszenen Op 82 Verrufene Stelle D minor.mid,Schumann,15,3.500
75.33333333,<music21.chord.Chord C6 E-6 C4 F#3>,"[0, 3, 6]","[0, 3, 6]",Waldszenen Op 82 Verrufene Stelle D minor.mid,Schumann,15,3.70833333
75.375,<music21.chord.Chord C6 C4 F#3>,"[0, 6]","[0, 6]",Waldszenen Op 82 Verrufene Stelle D minor.mid,Schumann,15,3.750
75.58333333,<music21.chord.Chord C4 F#3>,"[0, 6]","[0, 6]",Waldszenen Op 82 Verrufene Stelle D minor.mid,Schumann,15,3.95833333
75.625,<music21.chord.Chord A5 E-5 C4 F#3>,"[0, 3, 6, 9]","[0, 3, 6, 9]",Waldszenen Op 82 Verrufene Stelle D minor.mid,Schumann,15,4.000
75.875,<music21.chord.Chord A5 C5 C4 F#3>,"[0, 3, 6]","[6, 9, 0]",Waldszenen Op 82 Verrufene Stelle D minor.mid,Schumann,15,4.250
76.125,<music21.chord.Chord A5 A4 C4 F#3>,"[0, 3, 6]","[6, 9, 0]",Waldszenen Op 82 Verrufene Stelle D minor.mid,Schumann,15,4.500
76.33333333,<music21.chord.Chord B-5 A5 A4 C4 F#3>,"[0, 3, 4, 6]","[6, 9, 10, 0]",Waldszenen Op 82 Verrufene Stelle D minor.mid,Schumann,15,4.70833333
76.375,<music21.chord.Chord B-5 C4 F#3>,"[0, 4, 6]","[6, 10, 0]",Waldszenen Op 82 Verrufene Stelle D minor.mid,Schumann,15,4.750
76.5,<music21.chord.Chord B-5>,[0],[10],Waldszenen Op 82 Verrufene Stelle D minor.mid,Schumann,15,4.9
76.625,<music21.chord.Chord B-5 D5 G3>,"[0, 3, 7]","[7, 10, 2]",Waldszenen Op 82 Verrufene Stelle D minor.mid,Schumann,16,1.000
76.875,<music21.chord.Chord B-5 D5 B-4>,"[0, 4]","[10, 2]",Waldszenen Op 82 Verrufene Stelle D minor.mid,Schumann,16,1.250
77.08333333,<music21.chord.Chord D5 B-4>,"[0, 4]","[10, 2]",Waldszenen Op 82 Verrufene Stelle D minor.mid,Schumann,16,1.45833333
77.125,<music21.chord.Chord F#5>,[0],[6],Waldszenen Op 82 Verrufene Stelle D minor.mid,Schumann,16,1.500
77.33333333,<music21.chord.Chord G5 F#5>,"[0, 1]","[6, 7]",Waldszenen Op 82 Verrufene Stelle D minor.mid,Schumann,16,1.70833333
77.375,<music21.chord.Chord G5>,[0],[7],Waldszenen Op 82 Verrufene Stelle D minor.mid,Schumann,16,1.750
77.58333333,<music21.chord.Chord G5>,[0],[7],Waldszenen Op 82 Verrufene Stelle D minor.mid,Schumann,16,1.95833333
77.625,<music21.chord.Chord G5 B-4 E-3>,"[0, 4, 7]","[3, 7, 10]",Waldszenen Op 82 Verrufene Stelle D minor.mid,Schumann,16,2.000
77.875,<music21.chord.Chord G5 B-4 G4>,"[0, 3]","[7, 10]",Waldszenen Op 82 Verrufene Stelle D minor.mid,Schumann,16,2.250
78.08333333,<music21.chord.Chord B-4 G4>,"[0, 3]","[7, 10]",Waldszenen Op 82 Verrufene Stelle D minor.mid,Schumann,16,2.45833333
78.125,<music21.chord.Chord E5>,[0],[4],Waldszenen Op 82 Verrufene Stelle D minor.mid,Schumann,16,2.500
78.33333333,<music21.chord.Chord F5 E5>,"[0, 1]","[4, 5]",Waldszenen Op 82 Verrufene Stelle D minor.mid,Schumann,16,2.70833333
78.375,<music21.chord.Chord F5>,[0],[5],Waldszenen Op 82 Verrufene Stelle D minor.mid,Schumann,16,2.750
78.58333333,<music21.chord.Chord F5>,[0],[5],Waldszenen Op 82 Verrufene Stelle D minor.mid,Schumann,16,2.95833333
78.625,<music21.chord.Chord F5 B-4 D3>,"[0, 4, 7]","[10, 2, 5]",Waldszenen Op 82 Verrufene Stelle D minor.mid,Schumann,16,3.000
78.875,<music21.chord.Chord F5 B-4 F4>,"[0, 5]","[5, 10]",Waldszenen Op 82 Verrufene Stelle D minor.mid,Schumann,16,3.250
79.08333333,<music21.chord.Chord B-4 F4>,"[0, 5]","[5, 10]",Waldszenen Op 82 Verrufene Stelle D minor.mid,Schumann,16,3.45833333
79.125,<music21.chord.Chord D5>,[0],[2],Waldszenen Op 82 Verrufene Stelle D minor.mid,Schumann,16,3.500
79.33333333,<music21.chord.Chord F5 D5>,"[0, 3]","[2, 5]",Waldszenen Op 82 Verrufene Stelle D minor.mid,Schumann,16,3.70833333
79.375,<music21.chord.Chord F5>,[0],[5],Waldszenen Op 82 Verrufene Stelle D minor.mid,Schumann,16,3.750
79.625,<music21.chord.Chord D5 F5 G4>,"[0, 3, 5]","[2, 5, 7]",Waldszenen Op 82 Verrufene Stelle D minor.mid,Schumann,16,4.000
80.125,<music21.chord.Chord C5 E-5 G4 E-2>,"[0, 3, 7]","[0, 3, 7]",Waldszenen Op 82 Verrufene Stelle D minor.mid,Schumann,16,4.500
80.25,<music21.chord.Chord C5 E-5 G4>,"[0, 3, 7]","[0, 3, 7]",Waldszenen Op 82 Verrufene Stelle D minor.mid,Schumann,16,4.63
80.33333333,<music21.chord.Chord C5 E-5 G4 F2>,"[0, 3, 5, 7]","[0, 3, 5, 7]",Waldszenen Op 82 Verrufene Stelle D minor.mid,Schumann,16,4.70833333
80.45833333,<music21.chord.Chord C5 E-5 G4>,"[0, 3, 7]","[0, 3, 7]",Waldszenen Op 82 Verrufene Stelle D minor.mid,Schumann,16,4.83333333
80.5,<music21.chord.Chord C5 E-5>,"[0, 3]","[0, 3]",Waldszenen Op 82 Verrufene Stelle D minor.mid,Schumann,16,4.9
80.625,<music21.chord.Chord C5 E-5 F4 F2>,"[0, 3, 5]","[0, 3, 5]",Waldszenen Op 82 Verrufene Stelle D minor.mid,Schumann,17,1.000
80.875,<music21.chord.Chord C5 E-5 F4 B-2>,"[0, 2, 5, 7]","[10, 0, 3, 5]",Waldszenen Op 82 Verrufene Stelle D minor.mid,Schumann,17,1.250
81.125,<music21.chord.Chord C5 E-5 F4 A2>,"[0, 3, 6, 8]","[9, 0, 3, 5]",Waldszenen Op 82 Verrufene Stelle D minor.mid,Schumann,17,1.500
81.33333333,<music21.chord.Chord C5 E-5 F4 G3 A2>,"[0, 2, 4, 6, 9]","[3, 5, 7, 9, 0]",Waldszenen Op 82 Verrufene Stelle D minor.mid,Schumann,17,1.70833333
81.375,<music21.chord.Chord C5 E-5 F4 G3>,"[0, 3, 5, 7]","[0, 3, 5, 7]",Waldszenen Op 82 Verrufene Stelle D minor.mid,Schumann,17,1.750
81.58333333,<music21.chord.Chord C5 E-5 F4>,"[0, 3, 5]","[0, 3, 5]",Waldszenen Op 82 Verrufene Stelle D minor.mid,Schumann,17,1.95833333
81.625,<music21.chord.Chord C5 E-5 F4 F3>,"[0, 3, 5]","[0, 3, 5]",Waldszenen Op 82 Verrufene Stelle D minor.mid,Schumann,17,2.000
81.875,<music21.chord.Chord C5 E-5 F4 B-3>,"[0, 2, 5, 7]","[10, 0, 3, 5]",Waldszenen Op 82 Verrufene Stelle D minor.mid,Schumann,17,2.250
82.125,<music21.chord.Chord C5 E-5 F4 A3>,"[0, 3, 6, 8]","[9, 0, 3, 5]",Waldszenen Op 82 Verrufene Stelle D minor.mid,Schumann,17,2.500
82.45833333,<music21.chord.Chord C5 E-5 F4>,"[0, 3, 5]","[0, 3, 5]",Waldszenen Op 82 Verrufene Stelle D minor.mid,Schumann,17,2.83333333
82.5,<music21.chord.Chord C5 E-5 G4>,"[0, 3, 7]","[0, 3, 7]",Waldszenen Op 82 Verrufene Stelle D minor.mid,Schumann,17,2.9
82.625,<music21.chord.Chord B-4 D5 G4 B-3>,"[0, 3, 7]","[7, 10, 2]",Waldszenen Op 82 Verrufene Stelle D minor.mid,Schumann,17,3.000
83.625,<music21.chord.Chord B-4 D5 F4 B-3>,"[0, 4, 7]","[10, 2, 5]",Waldszenen Op 82 Verrufene Stelle D minor.mid,Schumann,17,4.000
84,<music21.chord.Chord F4 B-3>,"[0, 5]","[5, 10]",Waldszenen Op 82 Verrufene Stelle D minor.mid,Schumann,17,4.375
84.125,<music21.chord.Chord A5>,[0],[9],Waldszenen Op 82 Verrufene Stelle D minor.mid,Schumann,17,4.500
84.33333333,<music21.chord.Chord B-5 A5>,"[0, 1]","[9, 10]",Waldszenen Op 82 Verrufene Stelle D minor.mid,Schumann,17,4.70833333
84.375,<music21.chord.Chord B-5>,[0],[10],Waldszenen Op 82 Verrufene Stelle D minor.mid,Schumann,17,4.750
84.625,<music21.chord.Chord B-4 B-5 G2>,"[0, 3]","[7, 10]",Waldszenen Op 82 Verrufene Stelle D minor.mid,Schumann,18,1.000
84.875,<music21.chord.Chord B-4 B-5 B-3>,[0],[10],Waldszenen Op 82 Verrufene Stelle D minor.mid,Schumann,18,1.250
85.125,<music21.chord.Chord G#5>,[0],[8],Waldszenen Op 82 Verrufene Stelle D minor.mid,Schumann,18,1.500
85.33333333,<music21.chord.Chord A5 G#5>,"[0, 1]","[8, 9]",Waldszenen Op 82 Verrufene Stelle D minor.mid,Schumann,18,1.70833333
85.375,<music21.chord.Chord A5>,[0],[9],Waldszenen Op 82 Verrufene Stelle D minor.mid,Schumann,18,1.750
85.625,<music21.chord.Chord B-4 A5 F2>,"[0, 4, 5]","[5, 9, 10]",Waldszenen Op 82 Verrufene Stelle D minor.mid,Schumann,18,2.000
85.875,<music21.chord.Chord B-4 A5 A3>,"[0, 1]","[9, 10]",Waldszenen Op 82 Verrufene Stelle D minor.mid,Schumann,18,2.250
86.125,<music21.chord.Chord F#5>,[0],[6],Waldszenen Op 82 Verrufene Stelle D minor.mid,Schumann,18,2.500
86.33333333,<music21.chord.Chord G5 F#5>,"[0, 1]","[6, 7]",Waldszenen Op 82 Verrufene Stelle D minor.mid,Schumann,18,2.70833333
86.375,<music21.chord.Chord G5>,[0],[7],Waldszenen Op 82 Verrufene Stelle D minor.mid,Schumann,18,2.750
86.625,<music21.chord.Chord B-4 G5 E-2>,"[0, 4, 7]","[3, 7, 10]",Waldszenen Op 82 Verrufene Stelle D minor.mid,Schumann,18,3.000
86.875,<music21.chord.Chord B-4 G5 G3>,"[0, 3]","[7, 10]",Waldszenen Op 82 Verrufene Stelle D minor.mid,Schumann,18,3.250
87.125,<music21.chord.Chord B-4 G5>,"[0, 3]","[7, 10]",Waldszenen Op 82 Verrufene Stelle D minor.mid,Schumann,18,3.500
87.33333333,<music21.chord.Chord B-4 F5>,"[0, 5]","[5, 10]",Waldszenen Op 82 Verrufene Stelle D minor.mid,Schumann,18,3.70833333
87.5,<music21.chord.Chord B-4 F5 F2>,"[0, 5]","[5, 10]",Waldszenen Op 82 Verrufene Stelle D minor.mid,Schumann,18,3.9
87.58333333,<music21.chord.Chord F2>,[0],[5],Waldszenen Op 82 Verrufene Stelle D minor.mid,Schumann,18,3.95833333
87.625,<music21.chord.Chord B-4 F5 F2 F3>,"[0, 5]","[5, 10]",Waldszenen Op 82 Verrufene Stelle D minor.mid,Schumann,18,4.000
88.125,<music21.chord.Chord B-4 F5 B-2 B-3>,"[0, 5]","[5, 10]",Waldszenen Op 82 Verrufene Stelle D minor.mid,Schumann,18,4.500
88.33333333,<music21.chord.Chord B-4 F5 B-2 B-3>,"[0, 5]","[5, 10]",Waldszenen Op 82 Verrufene Stelle D minor.mid,Schumann,18,4.70833333
88.375,<music21.chord.Chord B-4 F5 B-2 B-3>,"[0, 5]","[5, 10]",Waldszenen Op 82 Verrufene Stelle D minor.mid,Schumann,18,4.750
88.5,<music21.chord.Chord B-2 B-3>,[0],[10],Waldszenen Op 82 Verrufene Stelle D minor.mid,Schumann,18,4.9
88.625,<music21.chord.Chord E-2 B-2>,"[0, 5]","[10, 3]",Waldszenen Op 82 Verrufene Stelle D minor.mid,Schumann,19,1.000
88.875,<music21.chord.Chord C4 E-2 B-2>,"[0, 2, 5]","[10, 0, 3]",Waldszenen Op 82 Verrufene Stelle D minor.mid,Schumann,19,1.250
89.125,<music21.chord.Chord B-4 C5 G4 E-2 B-2>,"[0, 3, 5, 8]","[7, 10, 0, 3]",Waldszenen Op 82 Verrufene Stelle D minor.mid,Schumann,19,1.500
89.33333333,<music21.chord.Chord B-4 C5 F#4 G4 E-2 B-2>,"[0, 1, 4, 6, 9]","[6, 7, 10, 0, 3]",Waldszenen Op 82 Verrufene Stelle D minor.mid,Schumann,19,1.70833333
89.375,<music21.chord.Chord B-4 C5 F#4 E-2 B-2>,"[0, 2, 5, 8]","[10, 0, 3, 6]",Waldszenen Op 82 Verrufene Stelle D minor.mid,Schumann,19,1.750
89.5,<music21.chord.Chord B-4 C5 F#4>,"[0, 4, 6]","[6, 10, 0]",Waldszenen Op 82 Verrufene Stelle D minor.mid,Schumann,19,1.9
89.58333333,<music21.chord.Chord B-4 C5>,"[0, 2]","[10, 0]",Waldszenen Op 82 Verrufene Stelle D minor.mid,Schumann,19,1.95833333
89.625,<music21.chord.Chord B-4 C5 F4 F2 F3>,"[0, 2, 7]","[10, 0, 5]",Waldszenen Op 82 Verrufene Stelle D minor.mid,Schumann,19,2.000
89.875,<music21.chord.Chord B-4 C5 E-4 F2 F3>,"[0, 2, 5, 7]","[10, 0, 3, 5]",Waldszenen Op 82 Verrufene Stelle D minor.mid,Schumann,19,2.250
90,<music21.chord.Chord E-4 F2 F3>,"[0, 2]","[3, 5]",Waldszenen Op 82 Verrufene Stelle D minor.mid,Schumann,19,2.375
90.125,<music21.chord.Chord A4 C5 D4 F2 F3>,"[0, 3, 5, 8]","[9, 0, 2, 5]",Waldszenen Op 82 Verrufene Stelle D minor.mid,Schumann,19,2.500
90.33333333,<music21.chord.Chord A4 C5 E-4 D4 F2 F3>,"[0, 3, 5, 6, 8]","[9, 0, 2, 3, 5]",Waldszenen Op 82 Verrufene Stelle D minor.mid,Schumann,19,2.70833333
90.375,<music21.chord.Chord A4 C5 E-4 F2 F3>,"[0, 3, 6, 8]","[9, 0, 3, 5]",Waldszenen Op 82 Verrufene Stelle D minor.mid,Schumann,19,2.750
90.5,<music21.chord.Chord A4 C5 E-4>,"[0, 3, 6]","[9, 0, 3]",Waldszenen Op 82 Verrufene Stelle D minor.mid,Schumann,19,2.9
90.58333333,<music21.chord.Chord A4 C5>,"[0, 3]","[9, 0]",Waldszenen Op 82 Verrufene Stelle D minor.mid,Schumann,19,2.95833333
90.625,<music21.chord.Chord F4 B-4 D4 B-2>,"[0, 4, 7]","[10, 2, 5]",Waldszenen Op 82 Verrufene Stelle D minor.mid,Schumann,19,3.000
91.5,<music21.chord.Chord D4>,[0],[2],Waldszenen Op 82 Verrufene Stelle D minor.mid,Schumann,19,3.9
91.625,<music21.chord.Chord C#4>,[0],[1],Waldszenen Op 82 Verrufene Stelle D minor.mid,Schumann,19,4.000
92.625,<music21.chord.Chord F4 A4 C4 F2>,"[0, 4, 7]","[5, 9, 0]",Waldszenen Op 82 Verrufene Stelle D minor.mid,Schumann,20,1.000
93.5,<music21.chord.Chord F4 A4 C4>,"[0, 4, 7]","[5, 9, 0]",Waldszenen Op 82 Verrufene Stelle D minor.mid,Schumann,20,1.9
93.625,<music21.chord.Chord F4 A4 B3>,"[0, 4, 6]","[5, 9, 11]",Waldszenen Op 82 Verrufene Stelle D minor.mid,Schumann,20,2.000
94.5,<music21.chord.Chord F4 A4 B3 D2>,"[0, 2, 5, 8]","[9, 11, 2, 5]",Waldszenen Op 82 Verrufene Stelle D minor.mid,Schumann,20,2.9
94.625,<music21.chord.Chord E4 A4 B3 E2>,"[0, 2, 7]","[9, 11, 4]",Waldszenen Op 82 Verrufene Stelle D minor.mid,Schumann,20,3.000
95.125,<music21.chord.Chord E4 A4 B3 D3 E2>,"[0, 2, 5, 7]","[9, 11, 2, 4]",Waldszenen Op 82 Verrufene Stelle D minor.mid,Schumann,20,3.500
95.25,<music21.chord.Chord E4 A4 B3 E2>,"[0, 2, 7]","[9, 11, 4]",Waldszenen Op 82 Verrufene Stelle D minor.mid,Schumann,20,3.63
95.33333333,<music21.chord.Chord E4 A4 B3 E3 E2>,"[0, 2, 7]","[9, 11, 4]",Waldszenen Op 82 Verrufene Stelle D minor.mid,Schumann,20,3.70833333
95.45833333,<music21.chord.Chord E4 A4 B3 E2>,"[0, 2, 7]","[9, 11, 4]",Waldszenen Op 82 Verrufene Stelle D minor.mid,Schumann,20,3.83333333
95.5,<music21.chord.Chord B3>,[0],[11],Waldszenen Op 82 Verrufene Stelle D minor.mid,Schumann,20,3.9
95.625,<music21.chord.Chord G#4 B3 D3 E2>,"[0, 3, 6, 8]","[8, 11, 2, 4]",Waldszenen Op 82 Verrufene Stelle D minor.mid,Schumann,20,4.000
95.75,<music21.chord.Chord G#4 B3 E2>,"[0, 4, 7]","[4, 8, 11]",Waldszenen Op 82 Verrufene Stelle D minor.mid,Schumann,20,4.13
95.875,<music21.chord.Chord G#4 B3 F3 E2>,"[0, 1, 4, 7]","[4, 5, 8, 11]",Waldszenen Op 82 Verrufene Stelle D minor.mid,Schumann,20,4.250
96,<music21.chord.Chord G#4 B3 E2>,"[0, 4, 7]","[4, 8, 11]",Waldszenen Op 82 Verrufene Stelle D minor.mid,Schumann,20,4.375
96.125,<music21.chord.Chord G#4 B3 E3 E2>,"[0, 4, 7]","[4, 8, 11]",Waldszenen Op 82 Verrufene Stelle D minor.mid,Schumann,20,4.500
96.25,<music21.chord.Chord G#4 B3 E2>,"[0, 4, 7]","[4, 8, 11]",Waldszenen Op 82 Verrufene Stelle D minor.mid,Schumann,20,4.63
96.33333333,<music21.chord.Chord G#4 B3 D3 E2>,"[0, 3, 6, 8]","[8, 11, 2, 4]",Waldszenen Op 82 Verrufene Stelle D minor.mid,Schumann,20,4.70833333
96.45833333,<music21.chord.Chord G#4 B3 E2>,"[0, 4, 7]","[4, 8, 11]",Waldszenen Op 82 Verrufene Stelle D minor.mid,Schumann,20,4.83333333
96.5,<music21.chord.Chord E2>,[0],[4],Waldszenen Op 82 Verrufene Stelle D minor.mid,Schumann,20,4.9
96.625,<music21.chord.Chord A3 A4 D3 A2>,"[0, 5]","[9, 2]",Waldszenen Op 82 Verrufene Stelle D minor.mid,Schumann,21,1.000
96.875,<music21.chord.Chord A3 A4 C#3 A2>,"[0, 4]","[9, 1]",Waldszenen Op 82 Verrufene Stelle D minor.mid,Schumann,21,1.250
97.125,<music21.chord.Chord A3 A2>,[0],[9],Waldszenen Op 82 Verrufene Stelle D minor.mid,Schumann,21,1.500
97.25,<music21.chord.Chord A2>,[0],[9],Waldszenen Op 82 Verrufene Stelle D minor.mid,Schumann,21,1.63
97.33333333,<music21.chord.Chord B3 A2>,"[0, 2]","[9, 11]",Waldszenen Op 82 Verrufene Stelle D minor.mid,Schumann,21,1.70833333
97.45833333,<music21.chord.Chord A2>,[0],[9],Waldszenen Op 82 Verrufene Stelle D minor.mid,Schumann,21,1.83333333
97.625,<music21.chord.Chord A3 A2>,[0],[9],Waldszenen Op 82 Verrufene Stelle D minor.mid,Schumann,21,2.000
97.75,<music21.chord.Chord A2>,[0],[9],Waldszenen Op 82 Verrufene Stelle D minor.mid,Schumann,21,2.13
97.875,<music21.chord.Chord C#4 A2>,"[0, 4]","[9, 1]",Waldszenen Op 82 Verrufene Stelle D minor.mid,Schumann,21,2.250
98,<music21.chord.Chord A2>,[0],[9],Waldszenen Op 82 Verrufene Stelle D minor.mid,Schumann,21,2.375
98.125,<music21.chord.Chord B3 A2>,"[0, 2]","[9, 11]",Waldszenen Op 82 Verrufene Stelle D minor.mid,Schumann,21,2.500
98.25,<music21.chord.Chord A2>,[0],[9],Waldszenen Op 82 Verrufene Stelle D minor.mid,Schumann,21,2.63
98.33333333,<music21.chord.Chord A3 C#3 A2>,"[0, 4]","[9, 1]",Waldszenen Op 82 Verrufene Stelle D minor.mid,Schumann,21,2.70833333
98.45833333,<music21.chord.Chord C#3 A2>,"[0, 4]","[9, 1]",Waldszenen Op 82 Verrufene Stelle D minor.mid,Schumann,21,2.83333333
98.5,<music21.chord.Chord C#3>,[0],[1],Waldszenen Op 82 Verrufene Stelle D minor.mid,Schumann,21,2.9
98.625,<music21.chord.Chord B-3 D3 A2>,"[0, 1, 5]","[9, 10, 2]",Waldszenen Op 82 Verrufene Stelle D minor.mid,Schumann,21,3.000
98.875,<music21.chord.Chord D4 D3 A2>,"[0, 5]","[9, 2]",Waldszenen Op 82 Verrufene Stelle D minor.mid,Schumann,21,3.250
99.125,<music21.chord.Chord G4 D3 A2>,"[0, 2, 7]","[7, 9, 2]",Waldszenen Op 82 Verrufene Stelle D minor.mid,Schumann,21,3.500
99.33333333,<music21.chord.Chord B-4 G4 D3 A2>,"[0, 2, 3, 7]","[7, 9, 10, 2]",Waldszenen Op 82 Verrufene Stelle D minor.mid,Schumann,21,3.70833333
99.375,<music21.chord.Chord B-4 D3 A2>,"[0, 1, 5]","[9, 10, 2]",Waldszenen Op 82 Verrufene Stelle D minor.mid,Schumann,21,3.750
99.5,<music21.chord.Chord B-4 G3 A2>,"[0, 2, 3]","[7, 9, 10]",Waldszenen Op 82 Verrufene Stelle D minor.mid,Schumann,21,3.9
99.58333333,<music21.chord.Chord G3 A2>,"[0, 2]","[7, 9]",Waldszenen Op 82 Verrufene Stelle D minor.mid,Schumann,21,3.95833333
99.625,<music21.chord.Chord D5 B-3 A2>,"[0, 1, 5]","[9, 10, 2]",Waldszenen Op 82 Verrufene Stelle D minor.mid,Schumann,21,4.000
99.875,<music21.chord.Chord B-4 B-3 A2>,"[0, 1]","[9, 10]",Waldszenen Op 82 Verrufene Stelle D minor.mid,Schumann,21,4.250
100.125,<music21.chord.Chord G4 B-3 A2>,"[0, 2, 3]","[7, 9, 10]",Waldszenen Op 82 Verrufene Stelle D minor.mid,Schumann,21,4.500
100.3333333,<music21.chord.Chord D4 E5 G4 B-3 A2>,"[0, 2, 5, 7, 8]","[2, 4, 7, 9, 10]",Waldszenen Op 82 Verrufene Stelle D minor.mid,Schumann,21,4.7083333
100.375,<music21.chord.Chord D4 E5 B-3 A2>,"[0, 1, 5, 7]","[9, 10, 2, 4]",Waldszenen Op 82 Verrufene Stelle D minor.mid,Schumann,21,4.750
100.5,<music21.chord.Chord D4 E5>,"[0, 2]","[2, 4]",Waldszenen Op 82 Verrufene Stelle D minor.mid,Schumann,21,4.9
100.625,<music21.chord.Chord C#4 C#5 A3>,"[0, 4]","[9, 1]",Waldszenen Op 82 Verrufene Stelle D minor.mid,Schumann,22,1.000
101.125,<music21.chord.Chord G#2>,[0],[8],Waldszenen Op 82 Verrufene Stelle D minor.mid,Schumann,22,1.500
101.3333333,<music21.chord.Chord A2>,[0],[9],Waldszenen Op 82 Verrufene Stelle D minor.mid,Schumann,22,1.7083333
101.625,<music21.chord.Chord A2>,[0],[9],Waldszenen Op 82 Verrufene Stelle D minor.mid,Schumann,22,2.000
101.875,<music21.chord.Chord C#3>,[0],[1],Waldszenen Op 82 Verrufene Stelle D minor.mid,Schumann,22,2.250
102.125,<music21.chord.Chord B2>,[0],[11],Waldszenen Op 82 Verrufene Stelle D minor.mid,Schumann,22,2.500
102.3333333,<music21.chord.Chord C#4 A2>,"[0, 4]","[9, 1]",Waldszenen Op 82 Verrufene Stelle D minor.mid,Schumann,22,2.7083333
102.4583333,<music21.chord.Chord C#4>,[0],[1],Waldszenen Op 82 Verrufene Stelle D minor.mid,Schumann,22,2.8333333
102.625,<music21.chord.Chord D4 B-2 A2>,"[0, 1, 5]","[9, 10, 2]",Waldszenen Op 82 Verrufene Stelle D minor.mid,Schumann,22,3.000
102.875,<music21.chord.Chord D4 D3 A2>,"[0, 5]","[9, 2]",Waldszenen Op 82 Verrufene Stelle D minor.mid,Schumann,22,3.250
103.125,<music21.chord.Chord D4 G3>,"[0, 5]","[2, 7]",Waldszenen Op 82 Verrufene Stelle D minor.mid,Schumann,22,3.500
103.3333333,<music21.chord.Chord D4 B-3 G3>,"[0, 3, 7]","[7, 10, 2]",Waldszenen Op 82 Verrufene Stelle D minor.mid,Schumann,22,3.7083333
103.375,<music21.chord.Chord D4 B-3>,"[0, 4]","[10, 2]",Waldszenen Op 82 Verrufene Stelle D minor.mid,Schumann,22,3.750
103.5,<music21.chord.Chord G4 B-3>,"[0, 3]","[7, 10]",Waldszenen Op 82 Verrufene Stelle D minor.mid,Schumann,22,3.9
103.5833333,<music21.chord.Chord G4>,[0],[7],Waldszenen Op 82 Verrufene Stelle D minor.mid,Schumann,22,3.9583333
103.625,<music21.chord.Chord B-4 D4>,"[0, 4]","[10, 2]",Waldszenen Op 82 Verrufene Stelle D minor.mid,Schumann,22,4.000
103.875,<music21.chord.Chord B-4 B-3>,[0],[10],Waldszenen Op 82 Verrufene Stelle D minor.mid,Schumann,22,4.250
104.125,<music21.chord.Chord B-4 G3>,"[0, 3]","[7, 10]",Waldszenen Op 82 Verrufene Stelle D minor.mid,Schumann,22,4.500
104.3333333,<music21.chord.Chord B-4 D3 G3>,"[0, 3, 7]","[7, 10, 2]",Waldszenen Op 82 Verrufene Stelle D minor.mid,Schumann,22,4.7083333
104.375,<music21.chord.Chord B-4 D3>,"[0, 4]","[10, 2]",Waldszenen Op 82 Verrufene Stelle D minor.mid,Schumann,22,4.750
104.5,<music21.chord.Chord D3>,[0],[2],Waldszenen Op 82 Verrufene Stelle D minor.mid,Schumann,22,4.9
104.625,<music21.chord.Chord A4 A2 C#3>,"[0, 4]","[9, 1]",Waldszenen Op 82 Verrufene Stelle D minor.mid,Schumann,23,1.000
105.125,<music21.chord.Chord A4>,[0],[9],Waldszenen Op 82 Verrufene Stelle D minor.mid,Schumann,23,1.500
105.5,<music21.chord.Chord A2>,[0],[9],Waldszenen Op 82 Verrufene Stelle D minor.mid,Schumann,23,1.9
105.625,<music21.chord.Chord F3>,[0],[5],Waldszenen Op 82 Verrufene Stelle D minor.mid,Schumann,23,2.000
106.5,<music21.chord.Chord A4 D3>,"[0, 5]","[9, 2]",Waldszenen Op 82 Verrufene Stelle D minor.mid,Schumann,23,2.9
106.625,<music21.chord.Chord G4 B2>,"[0, 4]","[7, 11]",Waldszenen Op 82 Verrufene Stelle D minor.mid,Schumann,23,3.000
107.5,<music21.chord.Chord D4 B-4>,"[0, 4]","[10, 2]",Waldszenen Op 82 Verrufene Stelle D minor.mid,Schumann,23,3.9
107.625,<music21.chord.Chord E4 C#3>,"[0, 3]","[1, 4]",Waldszenen Op 82 Verrufene Stelle D minor.mid,Schumann,23,4.000
108.625,<music21.chord.Chord D4 F4 D3>,"[0, 3]","[2, 5]",Waldszenen Op 82 Verrufene Stelle D minor.mid,Schumann,24,1.000
109.5,<music21.chord.Chord D2>,[0],[2],Waldszenen Op 82 Verrufene Stelle D minor.mid,Schumann,24,1.9
109.625,<music21.chord.Chord D3>,[0],[2],Waldszenen Op 82 Verrufene Stelle D minor.mid,Schumann,24,2.000
110.5,<music21.chord.Chord D5 B-2>,"[0, 4]","[10, 2]",Waldszenen Op 82 Verrufene Stelle D minor.mid,Schumann,24,2.9
110.625,<music21.chord.Chord C5 A2>,"[0, 3]","[9, 0]",Waldszenen Op 82 Verrufene Stelle D minor.mid,Schumann,24,3.000
111.5,<music21.chord.Chord E-5 G4 C3>,"[0, 3, 7]","[0, 3, 7]",Waldszenen Op 82 Verrufene Stelle D minor.mid,Schumann,24,3.9
111.625,<music21.chord.Chord A4 G4 D3>,"[0, 2, 7]","[7, 9, 2]",Waldszenen Op 82 Verrufene Stelle D minor.mid,Schumann,24,4.000
112.625,<music21.chord.Chord B-4 E4 G2>,"[0, 3, 6]","[4, 7, 10]",Waldszenen Op 82 Verrufene Stelle D minor.mid,Schumann,25,1.000
113.5,<music21.chord.Chord B-4 G4>,"[0, 3]","[7, 10]",Waldszenen Op 82 Verrufene Stelle D minor.mid,Schumann,25,1.9
113.625,<music21.chord.Chord B-4>,[0],[10],Waldszenen Op 82 Verrufene Stelle D minor.mid,Schumann,25,2.000
114.5,<music21.chord.Chord F5 B-4 E4 F4>,"[0, 1, 6]","[4, 5, 10]",Waldszenen Op 82 Verrufene Stelle D minor.mid,Schumann,25,2.9
114.625,<music21.chord.Chord E5 B-4 E4>,"[0, 6]","[4, 10]",Waldszenen Op 82 Verrufene Stelle D minor.mid,Schumann,25,3.000
115.5,<music21.chord.Chord D5 G4 B-4 D4>,"[0, 3, 7]","[7, 10, 2]",Waldszenen Op 82 Verrufene Stelle D minor.mid,Schumann,25,3.9
115.625,<music21.chord.Chord G4>,[0],[7],Waldszenen Op 82 Verrufene Stelle D minor.mid,Schumann,25,4.000
116.625,<music21.chord.Chord E5 G4 E4 F4>,"[0, 1, 3]","[4, 5, 7]",Waldszenen Op 82 Verrufene Stelle D minor.mid,Schumann,26,1.000
117.5,<music21.chord.Chord D5 F4 A4 D4>,"[0, 3, 7]","[2, 5, 9]",Waldszenen Op 82 Verrufene Stelle D minor.mid,Schumann,26,1.9
118.5,<music21.chord.Chord D4>,[0],[2],Waldszenen Op 82 Verrufene Stelle D minor.mid,Schumann,26,2.9
118.625,<music21.chord.Chord G3>,[0],[7],Waldszenen Op 82 Verrufene Stelle D minor.mid,Schumann,26,3.000
119.5,<music21.chord.Chord D4 G4 B-4 A3 B-3>,"[0, 2, 3, 7]","[7, 9, 10, 2]",Waldszenen Op 82 Verrufene Stelle D minor.mid,Schumann,26,3.9
119.625,<music21.chord.Chord C#3>,[0],[1],Waldszenen Op 82 Verrufene Stelle D minor.mid,Schumann,26,4.000
120.3333333,<music21.chord.Chord E4 C#3>,"[0, 3]","[1, 4]",Waldszenen Op 82 Verrufene Stelle D minor.mid,Schumann,26,4.7083333
120.4583333,<music21.chord.Chord C#3>,[0],[1],Waldszenen Op 82 Verrufene Stelle D minor.mid,Schumann,26,4.8333333
120.625,<music21.chord.Chord A4 E4 D3>,"[0, 2, 7]","[2, 4, 9]",Waldszenen Op 82 Verrufene Stelle D minor.mid,Schumann,27,1.000
121.5,<music21.chord.Chord A4 D4 D3>,"[0, 5]","[9, 2]",Waldszenen Op 82 Verrufene Stelle D minor.mid,Schumann,27,1.9
121.625,<music21.chord.Chord A4 D3>,"[0, 5]","[9, 2]",Waldszenen Op 82 Verrufene Stelle D minor.mid,Schumann,27,2.000
122.25,<music21.chord.Chord D3>,[0],[2],Waldszenen Op 82 Verrufene Stelle D minor.mid,Schumann,27,2.63
122.3333333,<music21.chord.Chord E4 D3>,"[0, 2]","[2, 4]",Waldszenen Op 82 Verrufene Stelle D minor.mid,Schumann,27,2.7083333
122.4583333,<music21.chord.Chord D3>,[0],[2],Waldszenen Op 82 Verrufene Stelle D minor.mid,Schumann,27,2.8333333
122.5,<music21.chord.Chord B-4 D5 F4>,"[0, 4, 7]","[10, 2, 5]",Waldszenen Op 82 Verrufene Stelle D minor.mid,Schumann,27,2.9
122.625,<music21.chord.Chord B-4 D5 E4 B-2>,"[0, 4, 6]","[10, 2, 4]",Waldszenen Op 82 Verrufene Stelle D minor.mid,Schumann,27,3.000
123.5,<music21.chord.Chord B-4 D5 D4 B-2>,"[0, 4]","[10, 2]",Waldszenen Op 82 Verrufene Stelle D minor.mid,Schumann,27,3.9
123.625,<music21.chord.Chord B-4 D5 B-2>,"[0, 4]","[10, 2]",Waldszenen Op 82 Verrufene Stelle D minor.mid,Schumann,27,4.000
124.25,<music21.chord.Chord B-2>,[0],[10],Waldszenen Op 82 Verrufene Stelle D minor.mid,Schumann,27,4.63
124.3333333,<music21.chord.Chord E4 B-2>,"[0, 6]","[4, 10]",Waldszenen Op 82 Verrufene Stelle D minor.mid,Schumann,27,4.7083333
124.4583333,<music21.chord.Chord B-2>,[0],[10],Waldszenen Op 82 Verrufene Stelle D minor.mid,Schumann,27,4.8333333
124.625,<music21.chord.Chord A4 D5 E4 F2>,"[0, 2, 3, 7]","[2, 4, 5, 9]",Waldszenen Op 82 Verrufene Stelle D minor.mid,Schumann,28,1.000
125.125,<music21.chord.Chord A4 D5 E4 D3>,"[0, 2, 7]","[2, 4, 9]",Waldszenen Op 82 Verrufene Stelle D minor.mid,Schumann,28,1.500
125.25,<music21.chord.Chord A4 D5 E4>,"[0, 2, 7]","[2, 4, 9]",Waldszenen Op 82 Verrufene Stelle D minor.mid,Schumann,28,1.63
125.3333333,<music21.chord.Chord A4 D5 E4 E3>,"[0, 2, 7]","[2, 4, 9]",Waldszenen Op 82 Verrufene Stelle D minor.mid,Schumann,28,1.7083333
125.4583333,<music21.chord.Chord A4 D5 E4>,"[0, 2, 7]","[2, 4, 9]",Waldszenen Op 82 Verrufene Stelle D minor.mid,Schumann,28,1.8333333
125.5,<music21.chord.Chord A4 D5 D4>,"[0, 5]","[9, 2]",Waldszenen Op 82 Verrufene Stelle D minor.mid,Schumann,28,1.9
125.625,<music21.chord.Chord A4 D5 D4 F3>,"[0, 3, 7]","[2, 5, 9]",Waldszenen Op 82 Verrufene Stelle D minor.mid,Schumann,28,2.000
125.75,<music21.chord.Chord A4 D5 D4>,"[0, 5]","[9, 2]",Waldszenen Op 82 Verrufene Stelle D minor.mid,Schumann,28,2.13
125.875,<music21.chord.Chord A4 D5 D4 A3>,"[0, 5]","[9, 2]",Waldszenen Op 82 Verrufene Stelle D minor.mid,Schumann,28,2.250
126,<music21.chord.Chord D4>,[0],[2],Waldszenen Op 82 Verrufene Stelle D minor.mid,Schumann,28,2.375
126.125,<music21.chord.Chord D4 G3>,"[0, 5]","[2, 7]",Waldszenen Op 82 Verrufene Stelle D minor.mid,Schumann,28,2.500
126.25,<music21.chord.Chord D4>,[0],[2],Waldszenen Op 82 Verrufene Stelle D minor.mid,Schumann,28,2.63
126.3333333,<music21.chord.Chord D4 F3>,"[0, 3]","[2, 5]",Waldszenen Op 82 Verrufene Stelle D minor.mid,Schumann,28,2.7083333
126.4583333,<music21.chord.Chord D4>,[0],[2],Waldszenen Op 82 Verrufene Stelle D minor.mid,Schumann,28,2.8333333
126.625,<music21.chord.Chord D4 G4 B-4 G2>,"[0, 3, 7]","[7, 10, 2]",Waldszenen Op 82 Verrufene Stelle D minor.mid,Schumann,28,3.000
127.625,<music21.chord.Chord C#4 E4 A4 A2>,"[0, 4, 7]","[9, 1, 4]",Waldszenen Op 82 Verrufene Stelle D minor.mid,Schumann,28,4.000
127.9583333,<music21.chord.Chord C#4 E4 A4>,"[0, 4, 7]","[9, 1, 4]",Waldszenen Op 82 Verrufene Stelle D minor.mid,Schumann,28,4.3333333
128.625,<music21.chord.Chord E3 F3>,"[0, 1]","[4, 5]",Waldszenen Op 82 Verrufene Stelle D minor.mid,Schumann,29,1.000
129.5,<music21.chord.Chord D3>,[0],[2],Waldszenen Op 82 Verrufene Stelle D minor.mid,Schumann,29,1.9
129.625,<music21.chord.Chord E-4 F#4 A4 C5 E-5 D2>,"[0, 3, 6, 8, 9]","[6, 9, 0, 2, 3]",Waldszenen Op 82 Verrufene Stelle D minor.mid,Schumann,29,2.000
131.125,<music21.chord.Chord E-4 F#4 A4 C5 E-5 G2 D2>,"[0, 1, 3, 6, 8, 9]","[6, 7, 9, 0, 2, 3]",Waldszenen Op 82 Verrufene Stelle D minor.mid,Schumann,29,3.500
131.3333333,<music21.chord.Chord A2 E-4 F#4 A4 C5 E-5 G2 D2>,"[0, 1, 3, 6, 8, 9]","[6, 7, 9, 0, 2, 3]",Waldszenen Op 82 Verrufene Stelle D minor.mid,Schumann,29,3.7083333
131.375,<music21.chord.Chord E-4 F#4 A4 C5 E-5 A2 D2>,"[0, 3, 6, 8, 9]","[6, 9, 0, 2, 3]",Waldszenen Op 82 Verrufene Stelle D minor.mid,Schumann,29,3.750
131.5,<music21.chord.Chord A2>,[0],[9],Waldszenen Op 82 Verrufene Stelle D minor.mid,Schumann,29,3.9
131.625,<music21.chord.Chord G4 B-4 D5 B-2>,"[0, 3, 7]","[7, 10, 2]",Waldszenen Op 82 Verrufene Stelle D minor.mid,Schumann,29,4.000
131.875,<music21.chord.Chord G4 B-4 D5 D3>,"[0, 3, 7]","[7, 10, 2]",Waldszenen Op 82 Verrufene Stelle D minor.mid,Schumann,29,4.250
132.125,<music21.chord.Chord G4 B-4 D5 G3>,"[0, 3, 7]","[7, 10, 2]",Waldszenen Op 82 Verrufene Stelle D minor.mid,Schumann,29,4.500
132.2916667,<music21.chord.Chord G3>,[0],[7],Waldszenen Op 82 Verrufene Stelle D minor.mid,Schumann,29,4.6666667
132.3333333,<music21.chord.Chord C#4 B-3 G3>,"[0, 3, 6]","[7, 10, 1]",Waldszenen Op 82 Verrufene Stelle D minor.mid,Schumann,29,4.7083333
132.375,<music21.chord.Chord C#4 B-3>,"[0, 3]","[10, 1]",Waldszenen Op 82 Verrufene Stelle D minor.mid,Schumann,29,4.750
132.625,<music21.chord.Chord D4 A3>,"[0, 5]","[9, 2]",Waldszenen Op 82 Verrufene Stelle D minor.mid,Schumann,30,1.000
133.625,<music21.chord.Chord F#3 A3 C4 E-4 F#4 D3 D2>,"[0, 3, 6, 8, 9]","[6, 9, 0, 2, 3]",Waldszenen Op 82 Verrufene Stelle D minor.mid,Schumann,30,2.000
135.125,<music21.chord.Chord F#3 A3 C4 E-4 F#4 G2 D2>,"[0, 1, 3, 6, 8, 9]","[6, 7, 9, 0, 2, 3]",Waldszenen Op 82 Verrufene Stelle D minor.mid,Schumann,30,3.500
135.3333333,<music21.chord.Chord A2 F#3 A3 C4 E-4 F#4 G2 D2>,"[0, 1, 3, 6, 8, 9]","[6, 7, 9, 0, 2, 3]",Waldszenen Op 82 Verrufene Stelle D minor.mid,Schumann,30,3.7083333
135.375,<music21.chord.Chord F#3 A3 C4 E-4 F#4 A2 D2>,"[0, 3, 6, 8, 9]","[6, 9, 0, 2, 3]",Waldszenen Op 82 Verrufene Stelle D minor.mid,Schumann,30,3.750
135.5,<music21.chord.Chord A2>,[0],[9],Waldszenen Op 82 Verrufene Stelle D minor.mid,Schumann,30,3.9
135.625,<music21.chord.Chord B-3 E-4 G4 B-2>,"[0, 4, 7]","[3, 7, 10]",Waldszenen Op 82 Verrufene Stelle D minor.mid,Schumann,30,4.000
135.875,<music21.chord.Chord B-3 E-4 G4 E-3>,"[0, 4, 7]","[3, 7, 10]",Waldszenen Op 82 Verrufene Stelle D minor.mid,Schumann,30,4.250
136.125,<music21.chord.Chord B-3 E-4 G4 G3>,"[0, 4, 7]","[3, 7, 10]",Waldszenen Op 82 Verrufene Stelle D minor.mid,Schumann,30,4.500
136.3333333,<music21.chord.Chord A3 B-3 E-4 G4 G3>,"[0, 4, 6, 7]","[3, 7, 9, 10]",Waldszenen Op 82 Verrufene Stelle D minor.mid,Schumann,30,4.7083333
136.375,<music21.chord.Chord B-3 E-4 G4 A3>,"[0, 4, 6, 7]","[3, 7, 9, 10]",Waldszenen Op 82 Verrufene Stelle D minor.mid,Schumann,30,4.750
136.5,<music21.chord.Chord A3>,[0],[9],Waldszenen Op 82 Verrufene Stelle D minor.mid,Schumann,30,4.9
136.625,<music21.chord.Chord G3 B-3 C#4 E4 G4 D2 A2>,"[0, 1, 3, 6, 8, 9]","[1, 2, 4, 7, 9, 10]",Waldszenen Op 82 Verrufene Stelle D minor.mid,Schumann,31,1.000
137.5,<music21.chord.Chord G3 B-3 C#4 E4 G4 D2 A2>,"[0, 1, 3, 6, 8, 9]","[1, 2, 4, 7, 9, 10]",Waldszenen Op 82 Verrufene Stelle D minor.mid,Schumann,31,1.9
137.625,<music21.chord.Chord E4>,[0],[4],Waldszenen Op 82 Verrufene Stelle D minor.mid,Schumann,31,2.000
139.625,<music21.chord.Chord G3 B-3 C#4 E4 G4 D2 A2>,"[0, 1, 3, 6, 8, 9]","[1, 2, 4, 7, 9, 10]",Waldszenen Op 82 Verrufene Stelle D minor.mid,Schumann,31,4.000
140.625,<music21.chord.Chord D4 F#4 A3 D2 D3>,"[0, 4, 7]","[2, 6, 9]",Waldszenen Op 82 Verrufene Stelle D minor.mid,Schumann,32,1.000
141.5,<music21.chord.Chord D4 D3>,[0],[2],Waldszenen Op 82 Verrufene Stelle D minor.mid,Schumann,32,1.9
141.625,<music21.chord.Chord B-3 D3>,"[0, 4]","[10, 2]",Waldszenen Op 82 Verrufene Stelle D minor.mid,Schumann,32,2.000
142.5,<music21.chord.Chord C#4 G4 E3>,"[0, 3, 6]","[1, 4, 7]",Waldszenen Op 82 Verrufene Stelle D minor.mid,Schumann,32,2.9
142.625,<music21.chord.Chord D4 F#4 A3 F#3 D3>,"[0, 4, 7]","[2, 6, 9]",Waldszenen Op 82 Verrufene Stelle D minor.mid,Schumann,32,3.000
143.5,<music21.chord.Chord D4 D3>,[0],[2],Waldszenen Op 82 Verrufene Stelle D minor.mid,Schumann,32,3.9
143.625,<music21.chord.Chord B-3 D3>,"[0, 4]","[10, 2]",Waldszenen Op 82 Verrufene Stelle D minor.mid,Schumann,32,4.000
144.625,<music21.chord.Chord A3 D4 F#4 D3 F#3>,"[0, 4, 7]","[2, 6, 9]",Waldszenen Op 82 Verrufene Stelle D minor.mid,Schumann,33,1.000
145.5,<music21.chord.Chord D2>,[0],[2],Waldszenen Op 82 Verrufene Stelle D minor.mid,Schumann,33,1.9
145.625,<music21.chord.Chord G3 B-3 D4 G4 B-2>,"[0, 3, 7]","[7, 10, 2]",Waldszenen Op 82 Verrufene Stelle D minor.mid,Schumann,33,2.000
146.5,<music21.chord.Chord G3 B-3 D4 G4 G2>,"[0, 3, 7]","[7, 10, 2]",Waldszenen Op 82 Verrufene Stelle D minor.mid,Schumann,33,2.9
146.625,<music21.chord.Chord G3 B-3 D4 G4 E2>,"[0, 2, 5, 8]","[2, 4, 7, 10]",Waldszenen Op 82 Verrufene Stelle D minor.mid,Schumann,33,3.000
147.125,<music21.chord.Chord G3 B-3 D4 G4>,"[0, 3, 7]","[7, 10, 2]",Waldszenen Op 82 Verrufene Stelle D minor.mid,Schumann,33,3.500
147.625,<music21.chord.Chord G3 C#4 E4 G4 A2>,"[0, 3, 6, 8]","[1, 4, 7, 9]",Waldszenen Op 82 Verrufene Stelle D minor.mid,Schumann,33,4.000
147.875,<music21.chord.Chord G3 C#4 E4 G4>,"[0, 3, 6]","[1, 4, 7]",Waldszenen Op 82 Verrufene Stelle D minor.mid,Schumann,33,4.250
148.625,<music21.chord.Chord A3 D4 F#4 D2 D3>,"[0, 4, 7]","[2, 6, 9]",Waldszenen Op 82 Verrufene Stelle D minor.mid,Schumann,34,1.000
148.75,<music21.chord.Chord D2 D3>,[0],[2],Waldszenen Op 82 Verrufene Stelle D minor.mid,Schumann,34,1.13
148.875,<music21.chord.Chord A3 D2 D3>,"[0, 5]","[9, 2]",Waldszenen Op 82 Verrufene Stelle D minor.mid,Schumann,34,1.250
149.125,<music21.chord.Chord B-3 D2 D3>,"[0, 4]","[10, 2]",Waldszenen Op 82 Verrufene Stelle D minor.mid,Schumann,34,1.500
149.3333333,<music21.chord.Chord G#3 B-3 D2 D3>,"[0, 2, 6]","[8, 10, 2]",Waldszenen Op 82 Verrufene Stelle D minor.mid,Schumann,34,1.7083333
149.375,<music21.chord.Chord G#3 D2 D3>,"[0, 6]","[2, 8]",Waldszenen Op 82 Verrufene Stelle D minor.mid,Schumann,34,1.750
149.5833333,<music21.chord.Chord D2 D3>,[0],[2],Waldszenen Op 82 Verrufene Stelle D minor.mid,Schumann,34,1.9583333
149.625,<music21.chord.Chord A3 D2 D3>,"[0, 5]","[9, 2]",Waldszenen Op 82 Verrufene Stelle D minor.mid,Schumann,34,2.000
149.875,<music21.chord.Chord D4 D2 D3>,[0],[2],Waldszenen Op 82 Verrufene Stelle D minor.mid,Schumann,34,2.250
150.125,<music21.chord.Chord F4 D2 D3>,"[0, 3]","[2, 5]",Waldszenen Op 82 Verrufene Stelle D minor.mid,Schumann,34,2.500
150.3333333,<music21.chord.Chord G#4 F4 D2 D3>,"[0, 3, 6]","[2, 5, 8]",Waldszenen Op 82 Verrufene Stelle D minor.mid,Schumann,34,2.7083333
150.375,<music21.chord.Chord G#4 D2 D3>,"[0, 6]","[2, 8]",Waldszenen Op 82 Verrufene Stelle D minor.mid,Schumann,34,2.750
150.5833333,<music21.chord.Chord D2 D3>,[0],[2],Waldszenen Op 82 Verrufene Stelle D minor.mid,Schumann,34,2.9583333
150.625,<music21.chord.Chord A4 D2 D3>,"[0, 5]","[9, 2]",Waldszenen Op 82 Verrufene Stelle D minor.mid,Schumann,34,3.000
150.875,<music21.chord.Chord D5 D2 D3>,[0],[2],Waldszenen Op 82 Verrufene Stelle D minor.mid,Schumann,34,3.250
151.125,<music21.chord.Chord F5 D2 D3>,"[0, 3]","[2, 5]",Waldszenen Op 82 Verrufene Stelle D minor.mid,Schumann,34,3.500
151.3333333,<music21.chord.Chord G#5 F5 D2 D3>,"[0, 3, 6]","[2, 5, 8]",Waldszenen Op 82 Verrufene Stelle D minor.mid,Schumann,34,3.7083333
151.375,<music21.chord.Chord G#5 D2 D3>,"[0, 6]","[2, 8]",Waldszenen Op 82 Verrufene Stelle D minor.mid,Schumann,34,3.750
151.5833333,<music21.chord.Chord D2 D3>,[0],[2],Waldszenen Op 82 Verrufene Stelle D minor.mid,Schumann,34,3.9583333
151.625,<music21.chord.Chord A5 D2 D3>,"[0, 5]","[9, 2]",Waldszenen Op 82 Verrufene Stelle D minor.mid,Schumann,34,4.000
151.875,<music21.chord.Chord E5 D2 D3>,"[0, 2]","[2, 4]",Waldszenen Op 82 Verrufene Stelle D minor.mid,Schumann,34,4.250
152.125,<music21.chord.Chord F5 D2 D3>,"[0, 3]","[2, 5]",Waldszenen Op 82 Verrufene Stelle D minor.mid,Schumann,34,4.500
152.3333333,<music21.chord.Chord D5 F5 D2 D3>,"[0, 3]","[2, 5]",Waldszenen Op 82 Verrufene Stelle D minor.mid,Schumann,34,4.7083333
152.375,<music21.chord.Chord D5 D2 D3>,[0],[2],Waldszenen Op 82 Verrufene Stelle D minor.mid,Schumann,34,4.750
152.5833333,<music21.chord.Chord D2 D3>,[0],[2],Waldszenen Op 82 Verrufene Stelle D minor.mid,Schumann,34,4.9583333
152.625,<music21.chord.Chord A4 D2 D3>,"[0, 5]","[9, 2]",Waldszenen Op 82 Verrufene Stelle D minor.mid,Schumann,35,1.000
153.125,<music21.chord.Chord D2 D3>,[0],[2],Waldszenen Op 82 Verrufene Stelle D minor.mid,Schumann,35,1.500
153.625,<music21.chord.Chord F4 A4 D5 D2 D3>,"[0, 3, 7]","[2, 5, 9]",Waldszenen Op 82 Verrufene Stelle D minor.mid,Schumann,35,2.000
153.875,<music21.chord.Chord D2 D3>,[0],[2],Waldszenen Op 82 Verrufene Stelle D minor.mid,Schumann,35,2.250
154.625,<music21.chord.Chord F3 A3 D4 D2 D3>,"[0, 3, 7]","[2, 5, 9]",Waldszenen Op 82 Verrufene Stelle D minor.mid,Schumann,35,3.000
154.875,<music21.chord.Chord D2 D3>,[0],[2],Waldszenen Op 82 Verrufene Stelle D minor.mid,Schumann,35,3.250